id,name,group_id
1,Videobrille,1
2,3D-Brille,1
3,3D-Drucker,2
4,3D-Drucker-Stift,3
5,Akku-Meißelhammer,4
6,Abbruchhammer,4
7,Druckluft-Meißelhammer,4
8,Treppenstufen-Seitenblende,5
9,Waschtisch-Halbsäule,5
10,Spülkasten-Abdeckblende,5
11,Wärmepumpen-Verkleidung,5
12,Verblendungssatz,5
13,Gurtwickler-Abdeckplatte,5
14,Heizungsverkleidung,5
15,Hochbeet-Verkleidung,5
16,Griffleiste,5
17,Fenster-Set Erweiterung,5
18,Abdeckboden,5
19,Blende,5
20,Siphonverkleidung,5
21,Ofen-Frontblende,5
22,Rasenmähroboter-Cover,5
23,Klimaanlagen-Verkleidung,5
24,Kanalverlängerung,5
25,Wärmepumpen-Schutzdach,5
26,Briefeinwurfblende,5
27,Ladekantenschutz,5
28,Ofen-Seitenblende,5
29,Ofen-Topplatte,5
30,Abdeckungsheber,6
31,Abfallzerkleinerer,7
32,Abheftstreifen,8
33,Abisoliermaschine,9
34,Zusatzklapptisch,10
35,Laufband-Ablage,10
36,Einhängetritt,10
37,Strandkorb-Zusatztisch,10
38,Heizstrahler-Anbautisch,10
39,Feuerstellen-Anbautisch,10
40,Sonnenschirm-Anbautisch,10
41,Ablaichkasten,11
42,Terrassenablauf,12
43,Haus- und Hofablauf,12
44,Ab- und Überlaufgarnitur,12
45,Duschablauf,12
46,Ablaufventil,12
47,Bodenablauf,12
48,Anschlussgarnitur,12
49,Siebventil,12
50,Anschluss-Set,12
51,Ab-Überlaufgarnitur,12
52,Balkon- und Terrassenablauf,12
53,Schaftventil,12
54,Absauganlage,13
55,Staubabsauger,13
56,Absaugstation,13
57,Nagelstaubsauger,13
58,Golftee,14
59,Abdeckkappe,15
60,Pavillonhaube,15
61,Radmarkierer,15
62,Ventilkappe,15
63,Griffkappe,15
64,Endkappe,15
65,Blinddeckel,15
66,Absperrband,16
67,Absperrgitter,16
68,Absperrkordel,16
69,Absperrständer,16
70,Gurtbandkassette,16
71,Leitbake,16
72,Leitkegel-Teleskopstange,16
73,Scherengitter,16
74,Schrankenzaun,16
75,Absperrventil,17
76,Füllventil,17
77,4-Wege-Ventil,17
78,Bewässerungsventil,17
79,Regulierventil,17
80,Thermostatventil,17
81,Kugelhahn,17
82,Auslaufventil,17
83,Entwässerungsventil,17
84,Bypass-Set,17
85,2-Wege-Ventil,17
86,Absperrschieber,17
87,Durchflussschalter,17
88,Eckventil,17
89,Rückschlagventil,17
90,UP-Ventil-Oberbau,17
91,Verschlussstopfen,17
92,UP-Ventil-Unterteil,17
93,3-Wege-Ventil,17
94,Umsteller,17
95,Geräteventil,17
96,Stereo-CD Player,18
97,DVD-Player,18
98,Kassetten Player,18
99,Portabler DVD-Player,18
100,Fitness Media Player,18
101,Blu-ray-Rekorder,18
102,DJ-CD-Player,18
103,Blu-ray-Player,18
104,DVD-Rekorder,18
105,CD-Player,18
106,Kompaktanlage,18
107,Abstandshalter,19
108,Fugenkreuz,19
109,Fliesenkreuz,19
110,Verputzhaken,19
111,Distanzplatte,19
112,Nivelliersystem,19
113,Lackierspitzen,19
114,Distanzhülse,19
115,Anhänger-Abstellstütze,20
116,Ausdrehstützen,20
117,Abstreifgitter,21
118,Schleppnetz,22
119,Kettenpeitsche,23
120,Radnabenabzieher,23
121,Kurbelabzieher,23
122,Kassettenabzieher,23
123,Kugelgelenkabzieher,23
124,Wischerarmabzieher,23
125,Zahnkranzabzieher,23
126,Achse,24
127,USB-Adapter,25
128,Elektro-Adapter,25
129,Audio-Adapter,25
130,Ringblitz-Adapter,25
131,Laptop-Adapter,25
132,Modulkarte,25
133,Notebook-Adapter,25
134,Netzwerk-Adapter,25
135,Computer-Adapter,25
136,Entriegelung,25
137,Smartphone-Adapter,25
138,Stromadapter,25
139,Auto-Adapter,25
140,Video-Adapter,25
141,KFZ-Transmitter,25
142,KFZ-Adapter,25
143,Objektiv-Adapter,25
144,Einhandzwingen-Adapter,25
145,Tablet-Adapter,25
146,Verkehrsfunkmelder,25
147,HDMI-Adapter,25
148,SLI-Bridge,25
149,Bit-Adapter,25
150,TV-Adapter,25
151,Anhänger-Adapter,25
152,CEE-Adapterkabel,25
153,Gaming-Adapter,25
154,Audio- & Video-Adapter,25
155,Bluetooth Hi-Fi-Adapter,25
156,Medienkonverter,25
157,Softbox-Adapter,25
158,Strom-Adapterkabel,25
159,Bluetooth-Adapter,25
160,Reiseadapter,25
161,Adapter,25
162,Fließverbesserer,26
163,Getriebezusatz,26
164,Harnstofflösung,26
165,Benzin-Stabilisator,26
166,Diesel-Additiv,26
167,Öl-Additiv,26
168,Motorrad-Additiv,26
169,Thermoflüssigkeit,26
170,befüllbarer Adventskalender,27
171,Schmuck-Adventskalender,27
172,Spielzeug-Adventskalender,27
173,Bücher-Adventskalender,27
174,Katzen-Adventskalender,27
175,DIY-Adventskalender,27
176,Kosmetik-Adventskalender,27
177,Hunde-Adventskalender,27
178,Lebensmittel-Adventskalender,27
179,Adventskalender,27
180,Mobilblitz-Akku,28
181,Akku-Set,28
182,Elektroroller-Akku,28
183,Powerbank,28
184,Tablet-Akku,28
185,Laptop-Akku,28
186,Solar Powerbank,28
187,Akkupacks,28
188,Drohnen-Akku,28
189,Kamera-Akku,28
190,Powerstation,28
191,Handy-Akku,28
192,Zusatz-Akku,28
193,Stromspeicher,28
194,Akku,28
195,Schnellstartsystem,28
196,Energiestation,28
197,Bleiakkus,28
198,Studioblitz-Akku,28
199,Smartphone-Akku,28
200,Starthilfegerät,28
201,Solarakkus,28
202,Elektromobil-Akku,28
203,Staubsauger-Akku,28
204,E-Bike Akku,28
205,Heatbanks,28
206,Akku Starter-Set,28
207,Akku-Wischmopp,29
208,Krümel-Akkusauger,29
209,Akku-Stielstaubsauger,29
210,Akku-Rucksackstaubsauger,29
211,Akku-Handstaubsauger,29
212,Akku-Hand-und Stielstaubsauger,29
213,Akku-Saugwischer,29
214,Akku-Bodenstaubsauger,29
215,Nass-Trocken-Akkusauger,29
216,Akkubesen,29
217,Papierschredder,30
218,Reißwolf,30
219,Aktenvernichteraufsatz,30
220,Papierhäcksler,30
221,Aktenvernichter,30
222,Aktenvernichter-Auffangbeutel,31
223,Alkoholtestgerät,32
224,Allesschneider,33
225,Elektromesser,33
226,Akku-Elektromesser,33
227,Anbau-Bodenfräse,34
228,Kehrgutsammelbehälter,35
229,Schneeräumschild,36
230,Anbau-Kehrmaschine,37
231,Anbau-Wildkrautbürste,37
232,Mähroboter-Kantenschneider,37
233,Anbau-Kehrbürste,37
234,Anbau-Schneefräse,37
235,Anfahrhilfe,38
236,Gripmatte,38
237,Angel-Gaff,39
238,Schleppblei,40
239,Sbirolino,40
240,Senklot,40
241,Tiroler Hölzl,40
242,Tropfenblei,40
243,Inlineblei,40
244,Strömungsblei,40
245,Heringsblei,40
246,Kugelblei,40
247,Drop-Shot-Blei,40
248,Tellerblei,40
249,Brandungsblei,40
250,Karpfenblei,40
251,Lotblei,40
252,Walkerblei,40
253,Sargblei,40
254,Birnenblei,40
255,Patronenblei,40
256,Olivenblei,40
257,Bleischrot,40
258,Angelgewicht,40
259,Dropshot-Haken,41
260,Zwillingshaken,41
261,Drillingshaken,41
262,Karpfenhaken,41
263,Schonhaken,41
264,Aalhaken,41
265,Ryderhaken,41
266,Wurmhaken,41
267,Kreishaken,41
268,Stipphaken,41
269,Offset-Haken,41
270,Butthaken,41
271,Forellenhaken,41
272,Fliegenhaken,41
273,Jighaken,41
274,Feederhaken,41
275,Teighaken,41
276,Twinex-Haken,41
277,Wallerhaken,41
278,Forellenpose,42
279,Stabpose,42
280,Unterwasserpose,42
281,Allroundpose,42
282,Knicklichtpose,42
283,Wasserkugel-Pose,42
284,Stipppose,42
285,Raubfischpose,42
286,Wagglerpose,42
287,Friedfischpose,42
288,Elektropose,42
289,Schlepppose,42
290,Futterpose,42
291,Segelpose,42
292,Freilaufrolle,43
293,Kapselrolle,43
294,Trollingrolle,43
295,Fliegenrolle,43
296,Kampfbremsrolle,43
297,Feederrolle,43
298,Meeresrolle,43
299,Multirolle,43
300,Baitcastrolle,43
301,Stationärrolle,43
302,Spinnrolle,43
303,Reiserute,44
304,Pickerrute,44
305,Forellenrute,44
306,Eisrute,44
307,Grundrute,44
308,Karpfenrute,44
309,Matchrute,44
310,Brandungsrute,44
311,Feederrute,44
312,Aalrute,44
313,Kopfrute,44
314,Spinnrute,44
315,Pilkrute,44
316,Stipprute,44
317,Fliegenrute,44
318,Baitcasterrute,44
319,Jigrute,44
320,Posenrute,44
321,Bologneserute,44
322,Anhängerkupplung,45
323,Tandemstange,45
324,Anrufbeantworter,46
325,Analoger Anrufbeantworter,46
326,Ansteckplatte,47
327,Anbautisch,47
328,Eckverbindungsplatte,47
329,Einlegetischplatte,47
330,Wandpuffer,48
331,WC-Sitz Puffer,48
332,Anschlagpuffer,48
333,Magnet-Schweißwinkel,49
334,Schweißwinkel-Set,49
335,Flachwinkel,49
336,Messwinkel,49
337,Schreinerwinkel,49
338,Anschlagwinkel,49
339,Zimmermannswinkel,49
340,Schlosserwinkel,49
341,Anspitzer,50
342,Stabantenne,51
343,Camping Sat-Anlage,51
344,Mobilfunkantenne,51
345,Autoradio-Ersatzantennenstab,51
346,Wurfantenne,51
347,WLAN-Antenne,51
348,Autoradio-Scheibenantenne,51
349,Schiffsantenne,51
350,Innenantenne,51
351,Dachantenne,51
352,Anti-Rutsch-Pad,52
353,Filzgleiter,52
354,Surfboard Footpad,52
355,Windsurf Footpad,52
356,Stuhlsocke,52
357,Plattentellerauflage,52
358,Schnarchstopper,53
359,Schnarchgurt,53
360,Schnarchmaske,53
361,Zahnschiene,53
362,Nasenspreizer,53
363,Abgastemperaturanzeige,54
364,Lambdaanzeige,54
365,Voltmeter,54
366,Head Up Display,54
367,Anzeigegerät,54
368,Vacuummeter,54
369,Benzindruckanzeige,54
370,Außentemperaturanzeige,54
371,Ladedruckanzeige,54
372,LED-Display,54
373,Tachometer,54
374,Drehzahlanzeige,54
375,Uhrzeitanzeigeinstrumente,54
376,Benzindruckanzeiger,54
377,Anzeigetafel,55
378,Spielstandsanzeige,55
379,Anziehhilfe,56
380,Anzug 3-teilig,57
381,Kinderanzug,57
382,Kinderanzug 5-teilig,57
383,Doppelpack Anzüge,57
384,Anzug,57
385,Anzug 5-teilig,57
386,Smoking,57
387,Hosenanzug,57
388,Anzug 4-teilig,57
389,Anzug 6-teilig,57
390,Frack-Anzug,57
391,Gehrock 5-teilig,57
392,Anzündkamin,58
393,Kohlekorb,58
394,Kamingitter,58
395,Regelheizer,59
396,Terrarien-Heizstein,59
397,Büro-Set,60
398,Büromöbel-Set,60
399,Arbeitsschutzbrille,61
400,PC-Arbeitsspeicher,62
401,Laptop-Arbeitsspeicher,62
402,Arbeitsspeicher,62
403,Unterputz-Einbaukörper,63
404,Grundkörper,63
405,Ablaufgarnitur,63
406,Schieber,63
407,Standarmatur,63
408,Standventil,63
409,Waschbeckenbrause,63
410,Thermischer Verbrühschutz,63
411,Wannenmischeinheit,63
412,Brausethermostat,63
413,Duscharmatur,63
414,Unterputzarmatur,63
415,Badarmatur,63
416,Wannenthermostat,63
417,Bidetarmatur,63
418,Waschtischarmatur,63
419,Küchenarmatur,63
420,Spültischarmatur,63
421,Wannenarmatur,63
422,Wannenrand-Rollbox,63
423,Armaturkartusche,64
424,Mechanische Uhr,65
425,Multifunktionsuhr,65
426,Taucheruhr,65
427,Digitaluhr,65
428,Sportuhr,65
429,Schweizer Uhr,65
430,Automatikuhr,65
431,Solaruhr,65
432,Titanuhr,65
433,Funkchronograph,65
434,Chronograph,65
435,Quarzuhr,65
436,Fliegeruhr,65
437,Funkuhr,65
438,Titanchronograph,65
439,Luxusuhr,65
440,Funk-Multifunktionsuhr,65
441,Kineticuhr,65
442,Keramikuhr,65
443,Uhrenring,65
444,Kapitänsbinde,66
445,Perlenarmband Set,67
446,Perlenarmband,67
447,Silberarmband,67
448,Goldarmband,67
449,Bettelarmband,67
450,Armkette,67
451,Gliederarmband Set,67
452,Armband Set,67
453,Charm-Armband,67
454,Armband mit Gravur,67
455,ID Armband,67
456,Edelstahlarmband,67
457,Königsarmband,67
458,Wickelarmband Set,67
459,Tennisarmband Set,67
460,Chunks,67
461,Bead-Armband-Set,67
462,Gliederarmband,67
463,Panzerarmband Set,67
464,Armband,67
465,Wickelarmband,67
466,Panzerarmband,67
467,Lederarmband Set,67
468,Tennisarmband,67
469,Armspangen Set,67
470,Armspange,67
471,Chunks Set,67
472,Armspirale,67
473,Charm-Armband Set,67
474,Bettelarmband Set,67
475,Wickelarmband mit Gravur,67
476,Armreif,67
477,Armketten Set,67
478,Edelstahlarmband Set,67
479,Lederarmband,67
480,Armreif Set,67
481,Freundschaftsarmband,67
482,Silberarmband Set,67
483,Armlehne,68
484,Medizinischer Mund-Nasen-Schutz,69
485,Community-Masken,69
486,Atemschutz-Vollmaske,69
487,Filtrierende Halbmasken FFP2,69
488,Mund-Nasen-Masken,69
489,Mund-Nasen-Maske,69
490,Filtrierende Halbmasken FFP3,69
491,Community-Maske,69
492,VGA-Switch,70
493,DVI-Switch,70
494,VGA-Matrix-Switch,70
495,Audio / Video Matrix-Switch,70
496,Fotobox,71
497,Zeichenbox,71
498,Hängeaufbewahrung,71
499,Feuchttücherbox,71
500,Uhrenbox,71
501,Kiste,71
502,Spielzeugtruhe,71
503,Allzweckkorb,71
504,Drahtkorb,71
505,Badorganizer,71
506,Regalkorb,71
507,Geschenkbox,71
508,Schmuckkasten,71
509,Angelkoffer,71
510,Stapelbox,71
511,Uhrenetui,71
512,Picknickkorb,71
513,Schuhbox,71
514,Flechtkorb,71
515,Nähkorb,71
516,Gerätebox,71
517,Mülltonnenbox,71
518,Kleinteilemagazin,71
519,Werkzeugbox,71
520,Papiertuchbox,71
521,Kaminholzkorb,71
522,Zettelkasten,71
523,Aufbewahrungsdose,71
524,Organizer,71
525,Schuhkiste,71
526,Allzweckkiste,71
527,Geldkassette,71
528,Weinkiste,71
529,Dekokiste,71
530,Einhängekorb,71
531,Werkzeugkoffer,71
532,Schatzkiste,71
533,Dose,71
534,Duschkorb,71
535,Zeichenkasten,71
536,Sammelkoffer,71
537,Schmuckrolle,71
538,Holzkiste,71
539,Schmuckständer,71
540,Ballkorb,71
541,Archivcontainer,71
542,Schmuckkoffer,71
543,Schmuckkassette,71
544,Pillendose,71
545,Sitzkiepe,71
546,Karteibox,71
547,Sammleretui,71
548,Pumpenhaus,71
549,Nähkästchen,71
550,Holztragetasche,71
551,Auflagenbox,71
552,Hängekorb,71
553,Münzetui,71
554,Anhänger-Deichselbox,71
555,Häkelkorb,71
556,Fahrradbox,71
557,Uhrenrolle,71
558,Dekoablage,71
559,Kosmetikbox,71
560,Faltbox,71
561,Rollladenbox,71
562,Handtuchkorb,71
563,Unterbettkommode,71
564,Setzkasten,71
565,Schmucketui,71
566,Werkzeugtrolley,71
567,Gartenbox,71
568,Sortimentskasten,71
569,Aufbewahrungskorb,71
570,Kartoffelkiste,71
571,Karteikasten,71
572,Treppenkorb,71
573,Kissenbox,71
574,Dekokorb,71
575,Zahndose,71
576,Schmuckablage,71
577,Aufbewahrungsbox,71
578,Schmuckbaum,71
579,Batteriebox,71
580,Hängeregistraturbox,71
581,Insektenbox,71
582,Putzbox,71
583,Putztasche,71
584,Aufblasbares Musikinstrument,72
585,Aufblasbares Spielhaus,72
586,Aufblasbare Trampolininsel,72
587,Aufblasbarer Cooler,72
588,Aufblasbares Bällebad,72
589,Aufblasbares Essen,72
590,Aufblasbares Werkzeug,72
591,Aufblasbares Partyzubehör,72
592,Aufblasbares Rodeo,72
593,Schwimmtier,72
594,Schwimminsel,72
595,Schwimmsessel,72
596,Aufblasbares Fußballtor,72
597,Kinder-Schlauchboot,72
598,aufblasbare Whirlpoolabdeckung,72
599,Aufblasbare Schwimmfigur,72
600,Spiel-Schlagsack,72
601,Whirlpool-Sitzbank,72
602,Resteschale,73
603,Fangkorb,73
604,Gartensack,73
605,Ölauffangwanne,73
606,Fangsack,73
607,Resttintenbehälter,73
608,Spänewanne,74
609,Tropfschale,74
610,Schöpfkelle,75
611,Aufgusskonzentrat,76
612,Sauna-Aufgussset,77
613,Aufgusstopf,78
614,Aufgusskübel,78
615,Felgenaufkleber,79
616,Aufkleber,79
617,Zierleisten-Aufkleber,79
618,Filzapplikation,79
619,Reflektor-Aufkleber,79
620,Lochverstärker,79
621,Laptop-Aufkleber,79
622,Auflaufform,80
623,Portionsförmchen,80
624,Soufflée-Form,80
625,Digitales Aufnahmegerät,81
626,Gameplay-Aufnahmegerät,81
627,Analoges Diktiergerät,81
628,USB-Recorder,81
629,Digitales Diktiergerät,81
630,Netzwerk-Videorecorder,81
631,Aufnahmetisch,82
632,Aufnäher,83
633,Klett-Patch,83
634,Schulranzen-Patch,83
635,Ballsammelröhre,84
636,Laubpicker,84
637,Ballangel,84
638,Laubgreifer,84
639,Schneckengreifer,84
640,Punktvisieraufsatz,85
641,Aufstecksucher,85
642,Lidschatten-Palette,86
643,Wimpern-Primer,86
644,Lidschatten-Primer,86
645,Puder-Eyeliner,86
646,Mascara-Primer,86
647,Augenbrauen-Puder,86
648,Mascara-Set,86
649,Augenbrauen-Gel,86
650,Lidschatten,86
651,Augenbrauen-Farbe,86
652,Augenbrauen-Kosmetika,86
653,Eyeliner,86
654,Kajal,86
655,Augen-Make-Up-Set,86
656,Augenbrauen-Stift,86
657,Lidschatten-Base,86
658,Mascara,86
659,Wimpernlifting-Set,86
660,Schlafmaske,87
661,Augenbinde,87
662,Augenmuschel,88
663,Augengel,89
664,Wimpernpflege-Set,89
665,Augen-Roll-on,89
666,Wimpernserum,89
667,Augenlidcreme,89
668,Augenserum,89
669,Augenkompressen,89
670,Augenbrauenserum,89
671,Wimpernpflege,89
672,Augenpatches,89
673,Augencreme,89
674,Augenbrauenpflege,89
675,Augenpads,89
676,Augenpflege-Set,89
677,Anti-Aging-Augencreme,89
678,Augenmaske,89
679,Augenfluid,89
680,Augenbalsam,89
681,Kontaktlinsenflüssigkeit,89
682,Augenspray,89
683,Augentropfen,89
684,Flaschenausgießer,90
685,Ölausgießer,90
686,Dekantierausgießer,90
687,Bremsscheiben-Richtwerkzeug,91
688,Schaltaugen-Richtwerkzeug,91
689,Ausstechform,92
690,Gebäckstempel,92
691,Home Sommelier,93
692,Laderaummatte,94
693,Auto-Fußmatte,94
694,Kofferraumwanne,94
695,PVC-Automatten,94
696,Kotflügelschoner,94
697,Kofferraummatte,94
698,Passform-Fußmatten,94
699,Universal-Fußmatten,94
700,Auto-Fußmatten,94
701,Brückenpfeiler,95
702,Looping,95
703,Anschlussschiene,95
704,Gerade,95
705,Brücke,95
706,Positionsanzeige,95
707,Doppelspur,95
708,Boxenstopp,95
709,Kurve,95
710,Track,95
711,Leitplanke,95
712,Sprungschanze,95
713,Rundenzähler,95
714,Rennbahn-Auto,96
715,Autorennbahn,97
716,Autositzauflage,98
717,Autositzschutz,98
718,Kindersitzunterlage,98
719,Auto-Rückenlehnenschutz,98
720,Autositzbezug,98
721,Frontscheibenabdeckung,99
722,Autosonnenschutz,99
723,Außenborder,100
724,BH-Ersatzbügel,101
725,BH-Push-up-Einlagen,102
726,BH-Einlagen,102
727,Set: Bustier,103
728,Set: Push-up-BH,103
729,Set: Schalen-BH,103
730,Set: Achselhemd,103
731,Set: Schlaf-BH,103
732,Set: Dekolleté-BH,103
733,Set: Halbschalen-BH,103
734,Set: Teenie-BH,103
735,Set: Minimizer-BH,103
736,Set: Bügel-BH,103
737,Set: Corsage,103
738,Set: Achseltop,103
739,Set: Rückenfreier BH,103
740,Set: Achselshirt,103
741,Set: Ouvert-BH,103
742,Set: Gemoldeter BH,103
743,Set: Lang-BH,103
744,Set: Unterhemd,103
745,Set: Still-BH,103
746,Set: Triangel-BH,103
747,Set: Entlastungs-BH,103
748,Set: T-Shirt-BH,103
749,Set: Sport-BH,103
750,Set: Neckholder-BH,103
751,Set: Multiway-BH,103
752,Set: Dirndl-BH,103
753,Set: Schwangerschafts-BH,103
754,Set: Longline-BH,103
755,Set: Bralette-BH,103
756,Set: Stick-on-BH,103
757,Set: Soft-BH,103
758,Set: Fullcup-BH,103
759,Set: Bügelloser BH,103
760,Set: Klebe-BH,103
761,Set: Sport-Bustier,103
762,Set: High-Apex-BH,103
763,Set: Tanktop,103
764,BH-Träger,104
765,BH-Nackenträger,104
766,BH-Träger-Halter,105
767,BH-Träger-Clips,105
768,BH-Trägerpolster,106
769,BH-Verlängerung,107
770,BH-Verlängerung für tiefen Rücken,107
771,High-Apex-BH,108
772,Longline-BH,108
773,T-Shirt-BH,108
774,Sport-Push-up-BH,108
775,Halbschalen-BH,108
776,Außenträger-BH,108
777,Ouvert-BH,108
778,Gemoldeter BH,108
779,Mieder-BH,108
780,Bügelloser BH,108
781,Push-up-BH,108
782,Lang-BH,108
783,Dirndl-BH,108
784,Schalen-BH,108
785,Stick-on-BH,108
786,Minimizer-BH,108
787,Bralette-BH,108
788,Dekolleté-BH,108
789,Multiway-BH,108
790,Neckholder-BH,108
791,Bustier,108
792,Bralette,108
793,Büstenhebe,108
794,Sport-BH,108
795,Schwangerschafts-BH,108
796,Teenie-BH,108
797,Soft-BH,108
798,Bügel-BH,108
799,Fullcup-BH,108
800,Triangel-BH,108
801,Schlaf-BH,108
802,Bandeau-BH,108
803,Rückenfreier BH,108
804,Klebe-BH,108
805,Sport-Bustier,108
806,Entlastungs-BH,108
807,BH-Hemd,108
808,Schalen-BH-Hemd,108
809,Still-BH,108
810,Balconette-BH,108
811,Badesitz,109
812,Baby-Reisebett,110
813,Stubenbett,110
814,Komplettbett,110
815,Beistellbett,110
816,Babybett,110
817,Babyflaschenwärmer,111
818,Flaschenwärmer,111
819,Massageölwärmer,111
820,Babyphone,112
821,Video-Babyphone,112
822,Tragetuch,113
823,Babytrage,113
824,Rückentrage,113
825,Bauchtrage,113
826,Baby-Wiegetuch,113
827,Babywippe,114
828,Babyschaukel,114
829,Wippgestell,114
830,Bachlaufschale,115
831,Bachlauf,115
832,Waffelplatten,116
833,Grillschale,116
834,Paniniplatten,116
835,Pizzastein,116
836,Aromaplanke,116
837,Herzwaffelplatten,116
838,Fettpfanne,116
839,Belgische Waffelplatten,116
840,Grillguthalter,116
841,Backstein,116
842,Baguetteblech,116
843,Kombirost,116
844,Pizzaofen-Grillaufsatz,116
845,Backofenrost,116
846,Backblech,116
847,Backrost,116
848,Grillrosteinsatz,116
849,Grillplattenaufsatz,116
850,Hähnchenbräter,116
851,Pancakeplatten,116
852,Donutplatten,116
853,Ofenschale,116
854,Muffinplatten,116
855,Grillpfanneneinsatz,116
856,Pizzablech,116
857,Kuchenblech,116
858,Pfannkuchenplatten,116
859,Eisplatte,116
860,Campingbackofen,116
861,Grill-Aufsatzofen,116
862,Airfryer-Toasthalter,116
863,Airfry-Backblech,116
864,Ausrollmatte,117
865,Backmatte,117
866,Käse-Abtropfmatte,117
867,Pyrolyse Backofen,118
868,Backofen,118
869,Einbaubackofen,118
870,Backofen mit Mikrowelle,118
871,Dampfbackofen,118
872,Badaccessoire-Set,119
873,Badeanzug,120
874,Badekleid,120
875,Schwimmanzug,120
876,Umstandsbadeanzug,120
877,Monokini,120
878,Perioden-Badeanzug,120
879,Burkini,120
880,Badebottich,121
881,Highwaist-Bikini-Hose,122
882,Badeshorts,122
883,Badehose,122
884,Bikini-Hose,122
885,Badeslip,122
886,Bade-Capri,122
887,Schwimmwindel,122
888,Bade-Rock,122
889,Boxer-Badehose,122
890,Bikini-Hotpants,122
891,Badepants,122
892,Schwimmleggings,122
893,Perioden-Bikini-Slip,122
894,Duschhaube,123
895,Badekappe,123
896,Schwimm-Hijab,123
897,Badematte,124
898,Duschmatte,124
899,Saunabodenrost,124
900,Hotelmatte,124
901,WC-Deckelbezug,124
902,Schaum-Badematte,124
903,WC-Vorleger,124
904,Einbauwanne,125
905,Rundwanne,125
906,Badewanne,125
907,Eckwanne,125
908,Babybadewanne,125
909,Großraumwanne,125
910,Whirlpool-Badewanne,125
911,Badewannenbrücke,126
912,Badewannentablett,126
913,Badewannenablage,126
914,Badewannensitz,127
915,Badewannenbrett,127
916,Whirlpoolsitz,127
917,aufblasbarer Badewannensitz,127
918,Badewannendrehsitz,127
919,Badewanneneinhängesitz,127
920,Minibagger,128
921,Microbagger,128
922,Half Ball,129
923,Wippbrett,129
924,Feder-Einschubelement,129
925,Koordinations-Trainingssystem,129
926,Federbrett,129
927,Plankpad,129
928,Balancetrainer,129
929,Balancekreisel,129
930,Physiostation,129
931,Balanceboard,129
932,Stabilisations-Therapiegerät,129
933,Blumenkastenhalter,130
934,Tischtennis-Ballmaschine,131
935,Tennis-Ballmaschine,131
936,Basketball-Rückgabe,132
937,Ballschale,133
938,Ballschleuder,134
939,Hunde-Ballschleuder,134
940,Basketballständer,135
941,Basketballkorb,135
942,Ballwand,136
943,Rebounder,136
944,Kniebandage,137
945,Fußbandage,137
946,Handgelenkbandage,137
947,Schulterbandage,137
948,Sprunggelenkbandage,137
949,Nachtbandage,137
950,Garten-Aktiv-Stützgürtel,137
951,Stützbandage,137
952,Trainingsmanschette,137
953,Nackenbandage,137
954,Patellabandage,137
955,Rückenbandage,137
956,Oberschenkelbandage,137
957,Geradehalter mit Stützgürtel,137
958,Bandagierunterlage,137
959,Akupressur-System-Bandage,137
960,Ellenbogenbandage,137
961,Anti-Schnarch-Bandage,137
962,Pferdebandage,137
963,Finger- und Zehenschutz,137
964,Fußgelenkbandage,137
965,Bauch- und Rückenstützgürtel,137
966,Handgelenkstütze,137
967,Fingerbandage,137
968,Knieorthese,137
969,Sprunggelenkorthese,137
970,Handbandage,137
971,Achillessehnenbandage,137
972,Schlüsselbeinbandage,137
973,Leistenbruchbandage,137
974,Rippenbandage,137
975,Beckenbandage,137
976,Spreizfußbandage,137
977,Rücken Stützgürtel,137
978,Daumenbandage,137
979,Trockentauch-Halsmanschette,137
980,Zughilfe,137
981,Rückenstabilisator,137
982,Arbeitsstützgürtel,137
983,Armbandage,137
984,Nackenstütze,137
985,Magnet-Fußknöchelbandage,137
986,Bandage,137
987,Unterarmschutz,137
988,Bandmassagegerät,138
989,Banknotenzähler,139
990,Tamper,140
991,Tampermatte,140
992,Barista-Set,140
993,Tamperstation,140
994,Bartwaschgel,141
995,Bartconditioner,141
996,Bartseife,141
997,Bartserum,141
998,Bartcreme,141
999,Bartpflege-Set,141
1000,Bartöl,141
1001,Bartfluid,141
1002,Bartwasser,141
1003,Bartshampoo,141
1004,Bartbalsam,141
1005,Blutstiller-Stift,141
1006,Bartspülung,141
1007,Bartwachs,142
1008,Bartstyling-Set,142
1009,Bart-Modellierpaste,142
1010,Bartwichse,142
1011,Bartgel,142
1012,Bartpomade,142
1013,Baseballschläger,143
1014,Softballschläger,143
1015,Organzaband,144
1016,Borte,144
1017,Kordel,144
1018,Taftband,144
1019,Samtband,144
1020,Dekoband,144
1021,Satinband,144
1022,Bastel-Armband,144
1023,Bastelband,144
1024,Basteldraht,144
1025,Tüllband,144
1026,Schmuckdraht,144
1027,Webband,144
1028,Paspelband,144
1029,Spitzenband,144
1030,Kautschukband,144
1031,Häkelband,144
1032,Filzband,144
1033,Drahtkantenband,144
1034,Geschenkband,144
1035,Streudeko,145
1036,Blattgold,145
1037,Streuglitzer,145
1038,Bastelmoos,145
1039,Pailletten,145
1040,Rindenscheiben,145
1041,Bastelfedern,145
1042,Blattmetall,145
1043,Blattsilber,145
1044,Moos,145
1045,Bastelnaturmaterial,145
1046,Baumrinde,145
1047,Schlagmetall,145
1048,Bügelperlen,145
1049,Kantholz,145
1050,Pailetten,145
1051,Bastelperlen,145
1052,Sticker,145
1053,Bastel-Strohhalme,145
1054,Styropor-Teil,146
1055,Linolplatte,146
1056,Foamboard,146
1057,Styropor-Ei,146
1058,Styropor-Figur,146
1059,Styropor-Kegel,146
1060,Schaumgummi,146
1061,Moosgummi,146
1062,Bastelfilz,146
1063,Schmuck-Kettenstrang,146
1064,Kork,146
1065,Styropor-Tier,146
1066,Styropor-Scheibe,146
1067,Batteriegriff,147
1068,Batterie,148
1069,Knopfzelle,148
1070,Fotobatterie,148
1071,Kinderfahrzeug-Batterie,148
1072,Unterspannungsschutzmodul,149
1073,Batteriewächter,149
1074,Bauchband,150
1075,Bauchbänder,150
1076,Bauchkette mit Gravur,151
1077,Bauchkette mit Anhänger,151
1078,Bauchkette,151
1079,Bauchketten Set,151
1080,AB-Roller,152
1081,Bauchtrainer,152
1082,Bauchmuskelmaschine,152
1083,Core Wheel,152
1084,Heizkörperreflexionsfolie,153
1085,Unterspannbahn,153
1086,Teichfolie,153
1087,Dampfbremsfolie,153
1088,Poolinnenhülle,153
1089,Staubschutztür,153
1090,Abdeckfolie,153
1091,Baufolie,153
1092,Trittschalldämmfolie,153
1093,Steinfolie,153
1094,Teichvlies,153
1095,Rundstahlkette,154
1096,Absperrkette,154
1097,Schweißkette,154
1098,Stahlkette,154
1099,Anschlagkette,154
1100,Knotenkette,154
1101,Zierkette,154
1102,Vierkantkette,154
1103,Baumwachs,155
1104,Baumanstrich,155
1105,Baum-Wundverschluss,155
1106,Blattpflege,155
1107,Gipsfaserplatten,156
1108,Poolwandisolierung,156
1109,Hohlkammerplatte,156
1110,Gipskartonplatten,156
1111,Deckenplatte,156
1112,Dekopalette,156
1113,Leichtbeton-Bauplatte,156
1114,Trittschalldämmplatte,156
1115,Massivbauplatte,156
1116,Trapezplatte,156
1117,Doppelstegplatte,156
1118,Wellplatte,156
1119,OSB-Verlegeplatte,156
1120,Vierkantstange,157
1121,Flachstange,157
1122,Rundstange,157
1123,Beckenrandstein,158
1124,Mauerabdeckplatte,158
1125,Porenbeton,158
1126,Mauerstein,158
1127,Glasbaustein,158
1128,Betonsturz,158
1129,Kalksandstein,158
1130,Ziegelsturz,158
1131,Porotonstein,158
1132,Ziegelstein,158
1133,Betonschalungsstein,158
1134,Kalksand-Sturz,158
1135,Flachsturz,158
1136,Mauersystem,158
1137,Beamer,159
1138,Mini-Beamer,159
1139,DLP-Beamer,159
1140,LCD-Beamer,159
1141,LED-Beamer,159
1142,UHD-Beamer,159
1143,3D-Beamer,159
1144,Portabler Projektor,159
1145,Kurzdinstanzprojektor,159
1146,Laser-TV,159
1147,Beckenbodentrainer,160
1148,Beetbegrenzung,161
1149,Rasenkante,161
1150,Palisade,161
1151,Beetumrandung,161
1152,Wassersportträger,162
1153,Waschtischbefestigung,162
1154,Klemmen,162
1155,Deckenhalter,162
1156,Wand-WC-Befestigung,162
1157,Schaukelhaken,162
1158,Wandanker,162
1159,Kabelsockel,162
1160,Dachträgerbefestigung,162
1161,Hochsprung-Lattenhalter,162
1162,Hussenbefestigung,162
1163,Hochbeet-Verstrebung,162
1164,Mittelklammer,162
1165,Gelenkbolzenschelle,162
1166,Wandhalter,162
1167,Rank-Befestigungshaken,162
1168,Zaun-Eckverbinder,162
1169,Dachsparrenhalter,162
1170,Treppenstangen-Winkelöse,162
1171,Rohrschelle,162
1172,Schlauchschelle,162
1173,Waschtisch-Vorwandelement,162
1174,Ski- und Snowboardträger,162
1175,Kabelschelle,162
1176,Knicklichthalter,162
1177,Rollladenaufhängung,162
1178,Profilrohr-Befestigungswinkel,162
1179,Kennzeichenhalter,162
1180,Treppenstangen-Ringöse,162
1181,Armaturen-Befestigungselement,162
1182,Leisten-Befestigungsclips,162
1183,Zusatzklemmen,162
1184,Duschwand-Stabilisationsstange,162
1185,Stand-WC-Befestigung,162
1186,Sattelklemmring,162
1187,WC-Sitz-Befestigung,162
1188,Tischtuchklammern,162
1189,Bad-Befestigungsset,162
1190,Fahrradträger-Radstopper,162
1191,Fahrradträger-Rahmenhalter,162
1192,Gewächshausclips,162
1193,Nähfußhalter,162
1194,Nähfußwechsler,162
1195,Posenadapter,163
1196,Tandemstangen-Halterung,163
1197,Massageliege,164
1198,Multitrainer,165
1199,Oberschenkeltrainer,165
1200,Pedaltrainer,165
1201,Beitelsatz,166
1202,Kantenbeitel,166
1203,Hohlbeitel,166
1204,Stechbeitel,166
1205,Lochbeitel,166
1206,Ziehklingenstahl,166
1207,Beißring,167
1208,Thermounterwäsche-Set,168
1209,Belagstrukturgerät,169
1210,Belichtungsmesser,170
1211,CO2 Diffusor,171
1212,O2 Diffusor,171
1213,Teichbelüfter,172
1214,Aquarium-Durchlüfterpumpe,172
1215,Terrarium-Beregnungsanlage,173
1216,Besaitungsmaschine,174
1217,Möbelbeschlag,175
1218,Winkelbeschlag,175
1219,Winkelband,175
1220,Montagezubehör Kühlschrank,175
1221,Profilholzkralle,175
1222,Werfgehänge,175
1223,Montageband,175
1224,Lochband,175
1225,Holzkonstruktionsbeschlag,175
1226,Ladenband,175
1227,Kreuzgehänge,175
1228,Montagezubehör Geschirrspüler,175
1229,Montagezubehör Dunstabzugshaube,175
1230,Kloben,175
1231,Türbeschlag,175
1232,WC-Deckel-Scharnier,175
1233,Fensterbeschlag,175
1234,Pfostenkappe,175
1235,Pfostenbeschlag,175
1236,Torbeschlag,175
1237,Einschlagbodenhülse,175
1238,Montagezubehör,175
1239,Klobe,175
1240,Montagezubehör Backofen,175
1241,Lochbandklemmen,175
1242,Beschriftungsband,176
1243,Beschriftungsgerät,177
1244,Beschwerungsgewicht,178
1245,Pavillon-Sandsäcke,178
1246,Schirmständer-Platte,178
1247,Beschwerungsband,178
1248,Bleistäbchen,178
1249,Schutzhüllen-Sandsäcke,178
1250,Bleiband,178
1251,Arbeitsgerüst-Ballastgewichte,178
1252,Poolleiter-Beschwerungsgewicht,178
1253,Schallplattengewicht,178
1254,Käse-Pressgewicht,178
1255,Stringmeter,179
1256,Tiersarg,180
1257,Tierurne,180
1258,Urne,180
1259,Besteckhalter,181
1260,Besteckträger,181
1261,Besteckkorb,181
1262,Flügelglätter,182
1263,Betonmischer,183
1264,Betonverdichter,184
1265,Akku-Betonverdichter,184
1266,Innenrüttler,184
1267,Wendebettbezug,185
1268,Bettbezug,185
1269,Babybettbezug,185
1270,Naturfaserbettdecke,186
1271,Daunenbettdecke,186
1272,Gewichtsdecke,186
1273,Kunstfaserbettdecke,186
1274,Sommerbettdecke,186
1275,Microfaserbettdecke,186
1276,Naturhaarbettdecke,186
1277,Gänsefederbettdecke,186
1278,Kinderbettdecke,186
1279,Abschirmdecke,186
1280,Federbettdecke,186
1281,Baumwollbettdecke,186
1282,Einziehdecke,186
1283,4-Jahreszeitenbett,186
1284,Gänsedaunenbettdecke,186
1285,Babybettdecke,186
1286,Autobett,187
1287,Futonbett,187
1288,Einzelbett,187
1289,Gamerbett,187
1290,Himmelbett,187
1291,Rennwagenbett,187
1292,Piratenbett,187
1293,Metallbett,187
1294,Lederbett,187
1295,Polsterbett,187
1296,Holzbett,187
1297,Palettenbett,187
1298,Multimediabett,187
1299,Kinderbett,187
1300,Rundbett,187
1301,Bettgestell,187
1302,Kunstlederbett,187
1303,Stauraumbett,187
1304,Hausbett,187
1305,Massivholzbett,187
1306,Prinzessinbett,187
1307,Spielbett,187
1308,Bett,187
1309,Feuerwehrbett,187
1310,Jugendbett,187
1311,Betthimmel,188
1312,Spannbettlaken,189
1313,Bettlaken,189
1314,Betttuch,189
1315,Massageliegenbezug,189
1316,Bettnestchen,190
1317,Nestchenschlange,190
1318,Kuschelnest,190
1319,Laufgittereinlage,190
1320,Bettrückwand,190
1321,Hochflor-Bettumrandung,191
1322,Bettumrandung,191
1323,Kurzflor-Bettumrandung,191
1324,Daunenbettdecke + Kopfkissen,192
1325,Baumwollbettdecke + Kunstfaserkissen,192
1326,Duo-Steppbettdecke + Kopfkissen,192
1327,Ballonbett + Kopfkissen,192
1328,Kinderbettdecke + Kopfkissen,192
1329,Feder-/Daunenbettdecke + Kopfkissen,192
1330,Daunenbettdecke + Federkissen,192
1331,Kassettenbett + Kopfkissen,192
1332,"Matratze, Decken, Spannbetttuch",192
1333,Duo-Steppbettdecke + Microfaserkopfkissen,192
1334,Daunenbettdecke + Daunenkissen,192
1335,Einziehdecke + Kunstfaserkissen,192
1336,Daunenbettdecke + 3-Kammer-Kopfkissen,192
1337,Bettdecke + Kopfkissen,192
1338,Naturfaserbettdecke + Kopfkissen,192
1339,Steppbett + Kopfkissen,192
1340,Bettdecke + Topper,192
1341,"Bettdecke, Kopfkissen + Topper",192
1342,Einziehdecke + Kopfkissen,192
1343,Naturhaarbettdecke + Kopfkissen,192
1344,Ganzjahresbettdecke + Kopfkissen,192
1345,Kindersteppbett + Kopfkissen,192
1346,Federbettdecke + Federkissen,192
1347,Ballonbett + Federkissen,192
1348,Kunstfaserbettdecke + Kopfkissen,192
1349,Microfaserbettdecke + Kopfkissen,192
1350,Gänsedaunenbettdecke + Kopfkissen,192
1351,4-Jahreszeitenbett + Kunstfaserkissen,192
1352,Kopfkissen + Topper,192
1353,Bett-Set,192
1354,Daunen-Leichtdecke + Kopfkissen,192
1355,Einziehdecke + Federkissen,192
1356,Microfaserbettdecke + Kunstfaserkissen,192
1357,Baumwollbettdecke + Kopfkissen,192
1358,Microfaserbettdecke + Microfaserkissen,192
1359,Federbettdecke + Kopfkissen,192
1360,4-Jahreszeitenbett + Kopfkissen,192
1361,Kinderbettdecke + Microfaserkissen,192
1362,4-Jahreszeitenbett + Microfaserkissen,192
1363,Bettrolle,193
1364,Jugendbettwäsche,194
1365,Wendebettwäsche,194
1366,Kinderbettwäsche,194
1367,Bettwäsche,194
1368,Babybettwäsche,194
1369,Partnerbettwäsche,194
1370,Betätigungsplatten,195
1371,Betätigungsplatte,195
1372,Tropfer,196
1373,Bewässerungssystem,196
1374,Tropfmanschette,196
1375,Sprühmanschette,196
1376,Dichtmanschette,196
1377,Wasserzähler,197
1378,Bodenfeuchtesensor,197
1379,Bewässerungssteuerung,197
1380,Bewässerungsuhr,197
1381,Bewässerungscomputer,197
1382,Bewässerungskugel,198
1383,Gießautomat,198
1384,Bidet-Einsatz,199
1385,Bidet,200
1386,Biegewelle,201
1387,Einraumbeute,202
1388,Bienenkiste,202
1389,Bienenbeute,202
1390,Schaubeute,202
1391,Bügel-Bikini-Top,203
1392,Bandeau-Bikini-Top,203
1393,Triangel-Bikini-Top,203
1394,Bügel-Bandeau-Bikini-Top,203
1395,Oversize-Tankini-Top,203
1396,Tankini-Top,203
1397,Bade-Shirt,203
1398,Bügel-Tankini-Top,203
1399,Bügel-Bandeau-Tankini-Top,203
1400,Push-Up-Bikini-Top,203
1401,Umstandstankini,203
1402,Balconette-Bikini-Top,203
1403,Bustier-Bikini-Top,203
1404,Crop-Bikini-Top,203
1405,Bügel-Bandeau-Bikini,204
1406,Balconette-Bikini,204
1407,Bügel-Bikini,204
1408,Oversize-Tankini,204
1409,Triangel-Bikini,204
1410,Push-Up-Bikini,204
1411,Bügel-Bandeau-Tankini,204
1412,Bügel-Tankini,204
1413,Tankini,204
1414,Bandeau-Bikini,204
1415,Umstands-Tankini,204
1416,Bustier-Bikini,204
1417,Tafelfolie,205
1418,Bild mit Rahmen,205
1419,Ölgemälde,205
1420,Bilder-Collage,205
1421,Mehrteilige Bilder,205
1422,Ölbild,205
1423,Eckwandbild,205
1424,Bild mit Uhr,205
1425,XXL-Wandbild,205
1426,Wandfolie,205
1427,Eckleinwandbild,205
1428,LED-Bild,205
1429,Alu-Dibond-Druck,205
1430,Forex-Bild,205
1431,Gemälde,205
1432,Holzbild,205
1433,Poster,205
1434,Bild,205
1435,Deco-Panel,205
1436,Leinwandbild,205
1437,Kunstdruck,205
1438,Glasbild,205
1439,Wandbild,205
1440,Acrylglasbild,205
1441,Metallbild,205
1442,Bilderrahmen Collage,206
1443,Collagerahmen,206
1444,Staffelbilderrahmen,206
1445,Fotohalter,206
1446,Bilderrahmen,206
1447,Einzelrahmen,206
1448,Galerierahmen,206
1449,Bilderleiste,206
1450,Bilderrahmen-Set,206
1451,Rahmen,206
1452,Bilderrahmen zum Basteln,206
1453,LED-Bilderrahmen,206
1454,Wochenplan,206
1455,Portraitrahmen,206
1456,Drahtbindegerät,207
1457,Angelhakenbinder,207
1458,Thermobindegerät,207
1459,Plastikbindegerät,207
1460,Bindegerät,207
1461,Drillapparat,207
1462,Thermo-Bindemappe,208
1463,Buchbindemappe,208
1464,Swinger Bissanzeiger,209
1465,Affenkletterer,209
1466,Bissanzeiger Rutenclip,209
1467,elektronischer Bissanzeiger,209
1468,Bissanzeiger Knicklicht,209
1469,Schwingspitze,209
1470,Aalglocke,209
1471,Bissanzeiger Ring,209
1472,Bissanzeiger,209
1473,Hängebissanzeiger,209
1474,Rutenspitzenlicht,209
1475,Winkelschraubvorsatz,210
1476,Bithalter,210
1477,Schraubvorsatz,210
1478,Sechskant-Bit,211
1479,Kreuzschlitz-Bit,211
1480,Bit-Set,211
1481,Schlitz-Bit,211
1482,Torx-Bit,211
1483,Bit- und Steckschlüsselset,211
1484,Bohrer- und Bitset,211
1485,Sousaphon,212
1486,Ocarina,212
1487,Tuba,212
1488,Flügelhorn,212
1489,Fagotte,212
1490,Oboe,212
1491,Trompete,212
1492,Euphonium,212
1493,Doppelhorn,212
1494,Horn,212
1495,Panflöte,212
1496,Didgeridoo,212
1497,Querflöte,212
1498,Saxophon,212
1499,Piccoloflöte,212
1500,Mundharmonika,212
1501,Melodica,212
1502,Blockflöte,212
1503,Saxonett,212
1504,Alphorn,212
1505,Klarinette,212
1506,Piccolo-Trompete,212
1507,Posaune,212
1508,Kornette,212
1509,Signaltrompete,212
1510,Blattabschneider Klarinette,213
1511,Blattabschneider,213
1512,Blattabschneider Saxophon,213
1513,Klarinetten-Blattschraube,214
1514,Saxophon-Blattschraube,214
1515,Kurzblazer,215
1516,Military-Blazer,215
1517,Longblazer,215
1518,Jackenblazer,215
1519,Jerseyblazer,215
1520,Lederimitat-Blazer,215
1521,Blusenblazer,215
1522,Boleroblazer,215
1523,Trachtenblazer,215
1524,Sweatblazer,215
1525,Cargoblazer,215
1526,Lederblazer,215
1527,Jeansblazer,215
1528,Studio-Blitzgerät,216
1529,Studio-Stativ-Blitz,216
1530,Ringblitz,216
1531,Aufsteckblitz,216
1532,Blitzgerät,216
1533,Makroblitz,216
1534,Systemblitz,216
1535,Kabel-Fernauslöser,216
1536,Bluetooth®-Sender,217
1537,Blusenponcho,218
1538,Klassische Bluse,218
1539,Blusenkimono,218
1540,Outdoorbluse,218
1541,Carmenbluse,218
1542,Crepebluse,218
1543,Longbluse,218
1544,Jeansbluse,218
1545,Blusentop,218
1546,Seidenbluse,218
1547,Schluppenbluse,218
1548,Dirndlbluse,218
1549,Hemdbluse,218
1550,Langarmbluse,218
1551,Druckbluse,218
1552,Trachtenbluse,218
1553,Georgettebluse,218
1554,Crinklebluse,218
1555,Spitzenbluse,218
1556,Umstandsbluse,218
1557,Shirtbluse,218
1558,Kurzarmbluse,218
1559,Satinbluse,218
1560,Schlupfbluse,218
1561,Chiffonbluse,218
1562,Karobluse,218
1563,Rüschenbluse,218
1564,Flanellbluse,218
1565,Wickelbluse,218
1566,Funktionsbluse,218
1567,Kaftan,218
1568,Plisseebluse,218
1569,Beinmanschette,219
1570,Beinblutdruckmanschette,219
1571,EMS-Manschette,219
1572,Schlauchblutdruckmanschette,219
1573,Blutdruckmanschette,219
1574,Pulsoximeter,220
1575,Pulsgurt,220
1576,Oberarm-Blutdruckmessgerät,220
1577,Handgelenk-Blutdruckmessgerät,220
1578,Blutdruckmessgerät,220
1579,Blutzuckermessgerät,221
1580,Harnsäure-Messgerät,221
1581,Cholesterin Messgerät,221
1582,Pfostenfuß,222
1583,Pfostenträger,222
1584,L-Pfostenträger,222
1585,U-Pfostenträger,222
1586,Leiternspitzen,222
1587,Schaukelanker,222
1588,Aufschraubhülse,222
1589,Bodenhülse,222
1590,HB-Pfostenträger,222
1591,Einschlag-Bodenhülse,222
1592,Einschraub-Bodenhülse,222
1593,Pfostenschuh,222
1594,Bodenanker,222
1595,H-Pfostenanker,222
1596,Markierungskreis,223
1597,Zielmarkierung,223
1598,Abstoßbalken,223
1599,Absprungbalken,223
1600,Markierungsecke,223
1601,Markierungslinie,223
1602,Gummimatte,224
1603,Bodenschutzplatte,224
1604,Napfunterlage,224
1605,Outdoor-Bodenplatte,224
1606,Pool-Bodenschutzfliese,224
1607,Antirutschmatte,224
1608,Kofferschutzmatte,224
1609,Bodenschutzmatte,224
1610,Feuerschalen-Bodenplatte,224
1611,Bürstsauger,225
1612,Hand-und Stielstaubsauger,225
1613,Handstaubsauger,225
1614,Wasserfiltersauger,225
1615,Bodenstaubsauger,225
1616,Stielstaubsauger,225
1617,Pflanzerde,226
1618,Blumenerde,226
1619,Geranienerde,226
1620,Graberde,226
1621,Tongranulat,226
1622,Spezialerde,226
1623,Blähton,226
1624,Bio-Erde,226
1625,Anzucht- und Kräutererde,226
1626,Pflanzgranulat,226
1627,Gartenbau-Vermiculite,226
1628,Tonmehl,226
1629,Terrarien-Substrat,226
1630,Gartenbau-Perlite,226
1631,Gartenbau-Substrat,226
1632,Aquarien-Substrat,226
1633,Kompostbeschleuniger,226
1634,Hydroperlen,226
1635,Miederbody,227
1636,Kurzarmwickelbody,227
1637,Kurzarmbody,227
1638,Stringbody,227
1639,Body,227
1640,Body-Ouvert,227
1641,Hemdbody,227
1642,Push-up-Body,227
1643,T-Shirt-Body,227
1644,Langarmwickelbody,227
1645,Shaping-Body,227
1646,Pflegebody,227
1647,Shirtbody,227
1648,Wickelbody,227
1649,Neckholder-Body,227
1650,Blusenbody,227
1651,Langarmbody,227
1652,Bogenetui,228
1653,Schalungsbohrer,229
1654,Kurzstufenbohrer,229
1655,Fräsbohrer,229
1656,Bohrer- und Meißelsatz,229
1657,Querlochsenker,229
1658,Universalbohrer,229
1659,Spiralbohrer,229
1660,Schälbohrer,229
1661,Bohrfutteradapter,229
1662,Kegelsenker,229
1663,Mehrzweckbohrer,229
1664,Zentrierbohrer,229
1665,Absaugbohrer,229
1666,Steinbohrer,229
1667,Stufenbohrer,229
1668,Senkbohrer,229
1669,Schweißpunktbohrer,229
1670,Hohlprofilbohrer,229
1671,Glasbohrer,229
1672,Betonbohrer,229
1673,Holzbohrer,229
1674,Bohr-Meißel-Set,229
1675,Metallbohrer,229
1676,Bohrer- und Bit-Set,229
1677,Fliesenbohrer,229
1678,Hammerbohrer,229
1679,Bohrersatz,229
1680,Schlangenbohrer,229
1681,Forstnerbohrer,229
1682,Scheibenschneider,229
1683,Köderbohrer,229
1684,Zahnkranzbohrfutter,230
1685,Bohrfutter,230
1686,Schnellspannbohrfutter,230
1687,Multihammer,231
1688,Bohrschrauber,231
1689,Tischbohrmaschine,231
1690,Winkelbohrmaschine,231
1691,Akku-Bohrmaschine,231
1692,Ständerbohrmaschine,231
1693,Bohrmaschine,231
1694,Kernbohrmaschine,231
1695,Akku-Bohrschrauber,231
1696,Akku-Schlagbohrschrauber,231
1697,Bohrhammer,231
1698,Schlagbohrmaschine,231
1699,Akku-Bohrhammer,231
1700,Kombihammer,231
1701,Akku-Kombibohrhammer,231
1702,Akku-Schlagbohrmaschine,231
1703,Säulenbohrmaschine,231
1704,Akku-Winkelbohrmaschine,231
1705,Boje,232
1706,Bollerwagen,233
1707,Bordwandaufsatz,234
1708,Gitteraufsatz,234
1709,Gitarren-Slider,235
1710,Slide-Ring,235
1711,Bowdenzug-Feineinstellhilfe,236
1712,Bowdenzughülse,237
1713,Bowdenzughülle,238
1714,Bowdenzugseele,239
1715,Bremszug,240
1716,Bowdenzug,240
1717,Bowle-Set,241
1718,Kinderboxhandschuhe,242
1719,Boxbandagen,242
1720,Kickboxhandschuhe,242
1721,Boxhandschuhe,242
1722,Sandsackhandschuhe,242
1723,MMA-Handschuhe,242
1724,Punch-Handschuhe,242
1725,Boxbirne,243
1726,Standboxball,243
1727,Boxdummy,243
1728,Boxsack,243
1729,Boxstation,243
1730,Standboxsack,243
1731,Punchingball,243
1732,Doppelendball,243
1733,Boxzylinder,243
1734,Brandschutzeinheit,244
1735,Stangenbrause-Set,245
1736,Brausegarnitur,245
1737,Duschsystem,245
1738,Duschsäule,245
1739,Brecheisen,246
1740,Hebeeisen,246
1741,Nageleisen,246
1742,Brechstange,246
1743,Bremsschuh,247
1744,Bremsbelag,247
1745,Bremsgummi,247
1746,Bremsgriff,248
1747,Bremsscheibe,249
1748,Lampenöl,250
1749,Flüssig-Grillanzünder,250
1750,Räucherspäne,250
1751,Sicherheitsbrennstoff,250
1752,Holzpellets,250
1753,Grillbriketts,250
1754,Grillkohle,250
1755,Grillanzünder,250
1756,Holzkohle,250
1757,Kaminholz,250
1758,Brennpaste,250
1759,Holzbriketts,250
1760,Bioethanol,250
1761,Shisha-Kohle,250
1762,Brennspiritus,250
1763,Petroleum,250
1764,Briefablage,251
1765,Amerikanischer Briefkasten,252
1766,Standbriefkasten,252
1767,Kinderbriefkasten,252
1768,Wandbriefkasten,252
1769,Paketbox,252
1770,Zeitungsrolle,252
1771,Briefkastenanlage,252
1772,Durchwurfbriefkasten,252
1773,Briefkasten,252
1774,Paketbriefkasten,252
1775,Briefumschlag,253
1776,Brieföffner,254
1777,Brillenetui,255
1778,Brillengestell,256
1779,Button Set,257
1780,Anstecknadel Set,257
1781,Anstecknadel,257
1782,Button,257
1783,Pins,257
1784,Brosche,257
1785,Tuchring,257
1786,Ansteckblüte,257
1787,Broschen Set,257
1788,Kuchenbackautomat,258
1789,Brotbackautomat,258
1790,Brustwarzenabdeckung,259
1791,Silberhütchen,259
1792,Stillhütchen,259
1793,Kochbuchhalter,260
1794,Buchstütze,260
1795,Dokumentenhalter,260
1796,Buggyboard,261
1797,Bunddehner,262
1798,Spielball,263
1799,Baseball,263
1800,Minigolfball,263
1801,Lacrosseball,263
1802,Stoßstein,263
1803,Sitzball,263
1804,Volleyball,263
1805,Schleuderball,263
1806,Golfball,263
1807,Stoffball,263
1808,Hockeypuck,263
1809,Squashball,263
1810,Beachsoccerball,263
1811,Jumboball,263
1812,Gymnastikball,263
1813,Hockeyball,263
1814,Stoßkugel,263
1815,Tennisball,263
1816,Rugbyball,263
1817,Yogaball,263
1818,Schlagball,263
1819,Futsalball,263
1820,Beachball,263
1821,Speedbadmintonball,263
1822,Wurfhammer,263
1823,Badmintonball,263
1824,Flummi,263
1825,Physioball,263
1826,Federball,263
1827,Pickleball,263
1828,Fußball,263
1829,Bällebad-Bälle,263
1830,Basketball,263
1831,Wasserball,263
1832,Beachvolleyball,263
1833,Football,263
1834,Softball,263
1835,Tischtennisball,263
1836,Medizinball,263
1837,Handball,263
1838,Bowlingball,263
1839,Padelball,263
1840,Kickerball,263
1841,Pilatesball,263
1842,Jonglierball,263
1843,Anti-Stress-Ball,263
1844,Bällebad,264
1845,Unterstellbock,265
1846,Klappbock,265
1847,Sägebock,265
1848,Rollenbock,265
1849,Kochbuch,266
1850,Cartoon,266
1851,DIY-Buch,266
1852,Belletristik,266
1853,Comic,266
1854,Fachbuch,266
1855,Jugendbuch,266
1856,Kinderbuch,266
1857,Lexikon,266
1858,Reiseführer,266
1859,Ratgeber,266
1860,Sachbuch,266
1861,Schulbuch,266
1862,Rätsel,266
1863,Wörterbuch,266
1864,Bügelbrettbezug,267
1865,Ersatz-Bügelbrettbezug,267
1866,Walzenbezug,267
1867,Aktivbügeltisch,268
1868,Ärmelbrett,268
1869,Bügelbrett,268
1870,Tischbügelbrett,268
1871,Dampfbürste,269
1872,Reise-Dampfbügeleisen,269
1873,Trockenbügeleisen,269
1874,Reisebügeleisen,269
1875,Dampfbügeleisen,269
1876,Dampfglätter,269
1877,Sprühstärke,270
1878,Wäschesteife,270
1879,Bügelwasser,270
1880,Bügelspray,270
1881,Destilliertes Wasser,270
1882,Flüssigstärke,270
1883,Bügelmaschine,271
1884,Hosenbügler-Aufsatz,271
1885,Dampfschrank,271
1886,Hemdenbügler,271
1887,Stand-Dampfglätter,271
1888,Dampfbügelpresse,271
1889,Bügelsohle,272
1890,Bügelsystem,273
1891,Bügeltuch,274
1892,Büroklammer,275
1893,HD+-Modul,276
1894,CI+-Modul,276
1895,CI-Modul,276
1896,APS-Kamera,277
1897,Videokamera,277
1898,Unterwasser-Camcorder,277
1899,360°-Kamera,277
1900,Webcam,277
1901,Camcorder,277
1902,Rückfahrkamera,277
1903,Action Cam,277
1904,Actioncam Zubehör,277
1905,Dashcam,277
1906,Full HD-Webcam,277
1907,Inspektionskamera,277
1908,Securitycam,277
1909,HD-Kamera,277
1910,Angel-Unterwasserkamera,277
1911,Campingtoilette,278
1912,Baseball Cap,279
1913,Flex Cap,279
1914,Trucker Cap,279
1915,Snapback Cap,279
1916,Visor,279
1917,Fitted Cap,279
1918,Flat Cap,279
1919,Army Cap,279
1920,Doppelcarport,280
1921,Anlehncarport,280
1922,Einzelcarport,280
1923,Reihencarport,280
1924,Charm-Einhänger Set,281
1925,Charm Herz,281
1926,Charm Blume,281
1927,Charm Kugel,281
1928,Charm Buchstabe,281
1929,Charm Sternzeichen,281
1930,Charm Engel,281
1931,Charm Kristall,281
1932,Charm Schmetterling,281
1933,Charm Anker,281
1934,Charm Schlüssel,281
1935,Charm Flügel,281
1936,Charm Perle,281
1937,Charm Sonne,281
1938,Charm Stern,281
1939,Charm Puzzle,281
1940,Charm Medaillon,281
1941,Charm-Einhänger,281
1942,Bead,281
1943,Charm Kreuz,281
1944,TAN-Chipkartenleser,282
1945,Speicherkartenleser,282
1946,HBCI-Chipkartenleser,282
1947,Personalausweisleser,282
1948,RFID-Kartenleser,282
1949,digitale Geldbörse,282
1950,Krypto Hardware-Wallet,282
1951,Chlordosierer,283
1952,Chlordosierschwimmer,283
1953,Chlorgenerator,283
1954,Cocktail-Set,284
1955,Haarfärbestift,285
1956,Entwickler,285
1957,Blondierpulver,285
1958,Haarfarben-Entferner,285
1959,Haaransatz-Farbpuder,285
1960,Bartfarbe,285
1961,Aufheller,285
1962,Haarfarbe,285
1963,Wimpernfarbe,285
1964,Haartönung,285
1965,Haar-Mascara,285
1966,Augenbrauenfarbe,285
1967,Haarkreide,285
1968,Haaransatz-Spray,285
1969,Coloration,285
1970,Dauerwelle,285
1971,Business-PC-Komplettsystem,286
1972,Gaming-PC-Komplettsystem,286
1973,PC-Komplettsystem,286
1974,Computer-Kühler,287
1975,Wasserkühlung,287
1976,Notebook-Kühler,287
1977,Computer-Kühlmittel,287
1978,CPU Kühler,287
1979,Gehäuselüfter,287
1980,Maus,288
1981,Gaming-Maus,288
1982,ergonomische Maus,288
1983,Funk-Trackball,288
1984,Mauskabelhalter,288
1985,Mäuse,288
1986,Gaming-Gehäuse,289
1987,Festplatten-Gehäuse,289
1988,Montagerückgehäuse,289
1989,PC-Gehäuse,289
1990,Grafikkarten-Gehäuse,289
1991,2-in-1-Crêpesmaker,290
1992,Poffertjes-Maker,290
1993,3-in-1-Crêpesmaker,290
1994,Crêpesmaker,290
1995,Crosstrainer,291
1996,Crosstrainer-Ergometer,291
1997,Ellipsentrainer,291
1998,Ellipsentrainer-Ergometer,291
1999,DJ Controller,292
2000,Dachdurchführung,293
2001,Frühbeet-Fensteröffner,294
2002,Fensteröffner,294
2003,Gewächshaus-Fensteröffner,294
2004,Dachpappe,295
2005,Dachbahn,295
2006,Dachschindeln,295
2007,Spielbett-Dachelement,295
2008,Dampftapetenablöser,296
2009,Dampfbügelstation,297
2010,Dampfgarer,298
2011,Einbau-Dampfgarer,298
2012,Dampfdruck-Kocher,298
2013,4-in-1-Dampfgarer,298
2014,2-in-1-Dampfgarer,298
2015,Dartautomat,299
2016,Funktionsbett,300
2017,Stapelliege,300
2018,Ausziehbett,300
2019,Daybed,300
2020,Stapelbett,300
2021,Daybett,300
2022,Spritzschutzdeckel,301
2023,Universaldeckel,301
2024,Topfdeckel,301
2025,Brathaube,301
2026,Pfannendeckel,301
2027,Snack-Deckel,301
2028,Deckel,301
2029,Überkochschutz,301
2030,Frischhaltedeckel,301
2031,Schnellkochtopfdeckel,301
2032,Fermentationsdeckel,301
2033,Regentonnendeckel,301
2034,Spritzschutzdeckel mit Öffnung,301
2035,Feuerschalen-Deckel,301
2036,Staubbehälterdeckel,301
2037,Reanimationshilfe,302
2038,Defibrillator,302
2039,Deko-Glas,303
2040,Zinnbecher,303
2041,Dekobecher,303
2042,Zierbecher,303
2043,Osterei,304
2044,Teelichthalter mit Tablett,304
2045,Winkekatze,304
2046,Dekobaum,304
2047,Tierfigur,304
2048,Glasblume,304
2049,Weihnachtsmann,304
2050,Wichtel,304
2051,Deko-Buchstaben,304
2052,Deko-Schriftzug,304
2053,Dekokugel,304
2054,Sammelfigur,304
2055,Osterhase,304
2056,Ornament,304
2057,Dekoobjekt,304
2058,Skulptur,304
2059,Comicfigur,304
2060,Dekofigur,304
2061,Schneemann,304
2062,Windrad,304
2063,Kantenhocker,304
2064,Dekoleiter,304
2065,Osterfigur,304
2066,Engelfigur,304
2067,Krippenfigur,304
2068,Fantasy-Figur,304
2069,Deko-Windrad,304
2070,Krippen-Zubehör,304
2071,LED-Dekofigur,304
2072,Buddhafigur,304
2073,Dekosäule,304
2074,Schneekugel,304
2075,Weihnachtsfigur,304
2076,Afrikafigur,304
2077,Nikolausstiefel,304
2078,Wichteltür,304
2079,Dekogeweih,305
2080,Hängedekoration,306
2081,Blumenampel,306
2082,Hänge-Weihnachtsbaum,306
2083,Dekohänger,306
2084,Baumbehang,306
2085,Traumfänger,306
2086,Dekokamin,307
2087,Tischfeuer,307
2088,Echtfeuer-Dekokamin,307
2089,Dekokranz,308
2090,Adventskranz,308
2091,Osterkranz,308
2092,Bastelkranz,308
2093,Tischkranz,308
2094,Magnetfolie,309
2095,Dekorationsfolie,309
2096,Möbelfolie,309
2097,Plotterfolie,309
2098,Dekorierstift,310
2099,Dekoteller,311
2100,Dekoschale,311
2101,Dekotablett,311
2102,Dekoschüssel,311
2103,Dekoetagere,311
2104,Dekostern,312
2105,Deo-Set,313
2106,Deo-Stift,313
2107,Bodyspray,313
2108,Deo-Körperpuder,313
2109,Deo-Zerstäuber,313
2110,Deo-Spray,313
2111,Deo-Roller,313
2112,Deo-Pumpspray,313
2113,Deo-Creme,313
2114,Deo-Kristall,313
2115,Dermaroller,314
2116,Micro-Needling,314
2117,Microderm Tool,314
2118,iMac Pro,315
2119,Mini-PC,315
2120,Mac Studio,315
2121,Gaming-PC,315
2122,Mac Pro,315
2123,iMac,315
2124,All-in-One PC,315
2125,PC-Set,315
2126,Mini-PC Barebone,315
2127,All-in-One workstation,315
2128,Barebone-PC,315
2129,PC,315
2130,Mac Mini,315
2131,Business-PC,315
2132,Diabetrachter,316
2133,Diaprojektor,317
2134,Diarahmen,318
2135,Duschdichtung,319
2136,Türbodendichtung,319
2137,Dichtlippe,319
2138,Magnetdichtlippe,319
2139,Backofendichtung,319
2140,Kühlschrankdichtung,319
2141,Fugenversiegler,320
2142,Dichtungskitt,320
2143,Fugenfueller,320
2144,Silikon,320
2145,Fugenfarbe,320
2146,Fertigspachtel,320
2147,Reparaturmasse,320
2148,Spachtelpulver,320
2149,Maleracryl,320
2150,Dichtstoff,320
2151,Anschlussdichtungsband,321
2152,Fugendichtband,321
2153,Nageldichtband,321
2154,Luftdichtungsmanschette,321
2155,Türdichtband,321
2156,Dichtungsband,321
2157,Wannenabdichtband,321
2158,Gewindedichtband,321
2159,Profildichtungsband,321
2160,Dichtungsring,322
2161,Schnellkochtopf-Dichtungsring,322
2162,Dichtbandschelle,323
2163,Dichtschelle,323
2164,Digitaler Bilderrahmen,324
2165,Digitaler Schlüsselanhänger,324
2166,Datenkassette,325
2167,Diskette,325
2168,Datenband,325
2169,Displayschutzglas,326
2170,Displayschutzfolie,326
2171,Kameraschutzglas,326
2172,Flüssiger Displayschutz,326
2173,Tablet-Dockingstation,327
2174,Konsolen-Dockingstation,327
2175,Handy-Dockingstation,327
2176,Laptop-Dockingstation,327
2177,Smartphone-Dockingstation,327
2178,Festplatten-Dockingstation,327
2179,Ringbuchmappe,328
2180,Schreibmappe,328
2181,Konferenzmappe,328
2182,Organisationsmappe,328
2183,Fächermappe,328
2184,Bewerbungsmappe,328
2185,Konzepthalter,328
2186,Klemmtafel,328
2187,Elektrischer Dosenöffner,329
2188,Multiöffner,329
2189,Dosenöffner,329
2190,Pflasterspender,330
2191,Wattestäbchenspender,330
2192,Hygienebeutelspender,330
2193,Seifenspender,330
2194,Spülmittelspender,330
2195,Desinfektionsmittelspender,330
2196,Wattepadspender,330
2197,Papiertuchspender,330
2198,Ersatz-Pumpkopf,330
2199,Geleespender,330
2200,Zahnstocherspender,330
2201,Tampon- und Bindenspender,330
2202,Tamponspender,330
2203,Quetschhülse,331
2204,Drahtseilklemme,331
2205,Drechselbank,332
2206,Minidrehmaschine,333
2207,Drehmaschine,333
2208,Tischdrehmaschine,333
2209,Präzionsdrehmaschine,333
2210,Feindrehmaschine,333
2211,Drehstahl,334
2212,Dreirad,335
2213,Tricopter,336
2214,Zubehör Drohne,336
2215,Unterwasser-Drohne,336
2216,Quadrocopter,336
2217,Hexacopter,336
2218,Spielzeug-Drohne,336
2219,Drohne,336
2220,Octocopter,336
2221,Bedienrädchen,336
2222,Multicopter,336
2223,Drohnen-Rettungssystem,337
2224,Druckbehälter,338
2225,Druckluftbehälter,338
2226,Membran-Druckbehälter,338
2227,Einzugsscanner,339
2228,Flachbettscanner,339
2229,Tintenstrahldrucker,339
2230,Schwarz-Weiß Laserdrucker,339
2231,Bondrucker,339
2232,Scanner,339
2233,Etikettendrucker,339
2234,mobiler Drucker,339
2235,3D-Scanner,339
2236,Handscanner,339
2237,Multifunktionsdrucker,339
2238,Diascanner,339
2239,Großformatdrucker,339
2240,WLAN-Drucker,339
2241,Faxgerät,339
2242,Laserdrucker,339
2243,Farblaserdrucker,339
2244,Buchscanner,339
2245,Dokumentenscanner,339
2246,mobiler Scanner,339
2247,Nadeldrucker,339
2248,Druckertrommel,339
2249,Stiftscanner,339
2250,Fotodrucker,339
2251,Multifunktionsscanner,339
2252,Mini-Drucker,339
2253,Dia/Negativ -Scanner,339
2254,Druckerband,340
2255,Nachfülltinte,341
2256,Druckluftschlauch,342
2257,Drucksprühgerät,343
2258,Sprühflasche,343
2259,Akku-Drucksprühgerät,343
2260,Urinal-Druckspüler,344
2261,WC-Druckspüler,344
2262,Wickeldraht,345
2263,Schneidedraht,345
2264,Draht,345
2265,NATO-Draht,345
2266,Schweißdraht,345
2267,Spanndraht,345
2268,Stabelektroden,345
2269,Bindedraht,345
2270,Stacheldraht,345
2271,Duftlampe,346
2272,Kopffreihaube,347
2273,Kaminhaube,347
2274,Flachschirmhaube,347
2275,Unterbauhaube,347
2276,Inselhaube,347
2277,Wandhaube,347
2278,Lüfterbaustein,347
2279,Zwischenbauhaube,347
2280,Deckenhaube,347
2281,Klein-Durchlauferhitzer,348
2282,Kompakt-Durchlauferhitzer,348
2283,Durchlauferhitzer,348
2284,Kochendwassergerät,348
2285,Komfort-Durchlauferhitzer,348
2286,Dusch- und Badhocker,349
2287,Hygienehocker,349
2288,Badewannenhocker,349
2289,Duschhocker,349
2290,Duschklappsitz,349
2291,Grossraumdusche,350
2292,Fünfeckdusche,350
2293,Eckdusche,350
2294,Runddusche,350
2295,Dampfdusche,350
2296,Komplettdusche,350
2297,Duschstange,351
2298,Steigrohr,351
2299,Brausehalter,351
2300,Drucktastenschieber,351
2301,Duschbrause,352
2302,Handbrause,352
2303,Waschbeckendusche,352
2304,Seitenbrause,352
2305,Kopfbrause,352
2306,Regenduschkopf,352
2307,Hunde-Handbrause,352
2308,Badewannenstuhl,353
2309,Duschstuhl,353
2310,Duschrollstuhl,353
2311,Dusch-Doppelschiebetür,354
2312,geteilte Dusch-Flügeltür,354
2313,Dusch-Einzelschiebetür,354
2314,Dusch-Schwingtür,354
2315,Dusch-Schiebetür,354
2316,Dusch-Pendeltür,354
2317,Dusch-Einflügeltür,354
2318,Dusch-Falttür,354
2319,Dusch-Drehtür,354
2320,Dusch-Doppelflügeltür,354
2321,Duschschirm,355
2322,Duschvorhang,355
2323,Eck-Duschrollo,355
2324,Duschrollo,355
2325,Rundduschwanne,356
2326,Duschwanne,356
2327,Eckduschwanne,356
2328,Rechteckduschwanne,356
2329,Walk-in-Dusche,357
2330,Duschwand,357
2331,Badewannenaufsatz,357
2332,Badewannenfaltwand,357
2333,Trennwandplatten,358
2334,Styroporplatte,358
2335,Dämmunterlage,358
2336,Steinwolle,358
2337,Glaswolle,358
2338,Korkrolle,358
2339,Dämmfilz,358
2340,Rollladenkastendämmung,358
2341,Akustikplatte,358
2342,Dämmplatte,358
2343,Duschwannen-Schallschutz,358
2344,Hanfdämmung,358
2345,Dämpfer,359
2346,Dörrautomat,360
2347,Dehydrator,360
2348,Gerüstdübel,361
2349,Betondübel,361
2350,Isolierdübel,361
2351,Messing-Spreizdübel,361
2352,Schwerlastanker,361
2353,Bolzenanker,361
2354,Federklappdübel,361
2355,Dämmstoffdübel,361
2356,Befestigungsanker,361
2357,Gasbetondübel,361
2358,Gewindestangendübel,361
2359,Rahmendübel,361
2360,Metall-Hohlraumdübel,361
2361,Porenbetondübel,361
2362,Spreizdübel,361
2363,Klappstecker,361
2364,Gipskartondübel,361
2365,Dübel-Set,361
2366,Universaldübel,361
2367,Kippdübel,361
2368,Blitzdübel,361
2369,Multizweckdübel,361
2370,Metall-Krallendübel,361
2371,Nageldübel,361
2372,Langschaftdübel,361
2373,Metall-Rahmendübel,361
2374,Spannstift,361
2375,Hohlraumdübel,361
2376,Obstdünger,362
2377,Rasen-Langzeitdünger,362
2378,Kräuterdünger,362
2379,Rasendünger,362
2380,Beerendünger,362
2381,Eisendünger,362
2382,Blumendünger,362
2383,Gemüsedünger,362
2384,Pflanzendünger,362
2385,Bodenverbesserer,362
2386,Universaldünger,362
2387,Tomatendünger,362
2388,Spezialdünger,362
2389,Blaudünger,362
2390,Langzeitdünger,362
2391,Rasenkalk,362
2392,Pflanzenstärkungsmittel,362
2393,Gartendünger,362
2394,Gasdüse,363
2395,Flachstrahldüse,363
2396,Sprühkegel,363
2397,Reduzierdüse,363
2398,Abstrahldüse,363
2399,Reflektordüse,363
2400,Massagedüse,363
2401,Stromdüse,363
2402,Nebeldüse,363
2403,WC-Duschdüse,363
2404,Breitstrahldüse,363
2405,Langdüse,363
2406,Pool-Einlaufdüse,363
2407,Sprühdüse,363
2408,E-Bike Umbausatz Vorderrad,364
2409,E-Bike Umbausatz Hinterrad,364
2410,Fischfinder,365
2411,GPS-Echolot,365
2412,Mineralstein,366
2413,Edelstein,366
2414,Eierbecher,367
2415,Eierkocher,368
2416,Mikrowellen-Eierkocher,368
2417,Spachtelbecher,369
2418,Mörtelkübel,369
2419,Mörtelkasten,369
2420,Falteimer,369
2421,Farbwanne,369
2422,Farbmischeimer,369
2423,Balleimer,369
2424,Putzeimer,369
2425,Köderfischeimer,369
2426,Wischtuchpresse,369
2427,Baueimer,369
2428,Toilettenstuhl-Eimer,369
2429,Motoreinachser,370
2430,Kehrmaschine,370
2431,Balkenmäher,370
2432,Einachsschlepper,370
2433,Fadenmäher,370
2434,Motor-Wildkrautbürste,370
2435,Benzin-Kehrmaschine,370
2436,Baumstumpffräse,370
2437,Einbaurahmen,371
2438,Absenkrahmen,371
2439,Abwurfring,371
2440,Inlayrahmen,371
2441,Montagehilfe für Lüfterbaustein,371
2442,Aufkeilrahmen,372
2443,Eindeckrahmen,372
2444,Angelschnur-Einfädelhilfe,373
2445,Nadeleinfädler,373
2446,Tastatur- und Headset-Set,374
2447,Maus- und Mauspad-Set,374
2448,Tastatur- und Maus-Set,374
2449,Eingabegeräte-Set,374
2450,"Tastatur-, Maus- und Mauspad-Set",374
2451,Eingabestift-Adapter,375
2452,Eingabestift,375
2453,Einkaufsshopper,376
2454,Einkaufsbeutel,376
2455,Trolleygestell,376
2456,Klappbox,376
2457,Flaschenkorb,376
2458,Einkaufskorb,376
2459,Transporttrolley,376
2460,Einkaufstrolley,376
2461,Einkochautomat,377
2462,Heißgetränke- und Glühweinautomat,377
2463,Einkoch- und Glühweinautomat,377
2464,3-in-1-Kombi-Einkochautomat,377
2465,Einkoch- und Heißgetränkeautomat,377
2466,Regaleinsatz,378
2467,Hochbeet-Zwischenboden,378
2468,Einlegeboden,378
2469,Schrankeinsatz,378
2470,Ledersohlen,379
2471,Thermosohlen,379
2472,Schuhpolster,379
2473,Frischesohlen,379
2474,Lammfellsohlen,379
2475,Einlegesohlen,379
2476,Barfußsohlen,379
2477,Halbsohlen,379
2478,Fußbetteinlage,379
2479,Schuhfüller,379
2480,Fersenspornhilfe,379
2481,Pelotte,379
2482,Aktivsohlen,379
2483,Gelpolster,379
2484,Fersenkissen,379
2485,orthopädische Schuheinlagen,379
2486,Gelsohlen,379
2487,Filzsohlen,379
2488,Luftkissen-Schuheinlage,379
2489,Senkfußkeil,379
2490,Fuß- und Gelenkdämpfer,379
2491,Spreizfußpolster,379
2492,Fersenschutz,379
2493,Korksohlen,379
2494,Fersenpolster,379
2495,Gleise-Set,380
2496,Kinderfahrzeug-Schienen,380
2497,Eisfreihalter,381
2498,Eiseimer,382
2499,Weinkühler,382
2500,Wein- und Sektkühler,382
2501,Elektrischer Weinkühler,382
2502,Sektkühler,382
2503,Outdoor-Flaschenkühler,382
2504,Eismaschine,383
2505,Slush-Eismaschine,383
2506,Eispickel,384
2507,Elektrischer Eiswürfelbereiter,385
2508,Eisflockenbereiter,385
2509,Eiscrusher,385
2510,Eiswürfelmaschine,385
2511,Vinylboden,386
2512,Vinylfliesen,386
2513,Elektro-Kinderroller,387
2514,Elektro-Kinderzug,387
2515,Elektro-Kindertrike,387
2516,Elektro-Kinderquad,387
2517,Elektro-Kinderauto,387
2518,Elektro-Kindermotorrad,387
2519,Elektro-Kindertraktor,387
2520,Elektro-Kinderbagger,387
2521,Elektro-Kinderdreirad,387
2522,Rückengürtel,388
2523,EMS-Bauchmuskeltrainer,388
2524,Menstruations-Pad,388
2525,EMS-Gerät,388
2526,TENS-Gerät,388
2527,EMS-Arm-Trainer,388
2528,EMS-Fußmassage-Gerät,388
2529,EMS-Po-Trainer,388
2530,Elektro-Akupunkturgerät,388
2531,Beckenboden-Elektrostimulationsgerät,388
2532,TENS-EMS-Gerät,388
2533,Impulsstift,388
2534,Elektroauto-Ladestation,389
2535,Elektrodenpad,390
2536,Elektrodenpads,390
2537,E-Bike,391
2538,S-Pedelec,391
2539,Elektrofußwärmer,392
2540,Ionen-Haarbürste,393
2541,Haarglättbürste,393
2542,Elektrohaarbürste,393
2543,Elektroläusekamm,393
2544,Elektrohaarentwirrbürste,393
2545,Elektrische Gesichtsreinigungsbürste,394
2546,Elektrische Hautpflegebürste,394
2547,Elektrischer Hornhautentferner,395
2548,Elektrokamin,396
2549,EKG-Gerät,397
2550,Elektromobil,398
2551,E-Motorroller,399
2552,E-Mofaroller,399
2553,E-Motorrad,399
2554,Elektrische Partypfanne,400
2555,Elektrische Paellapfanne,400
2556,Schongarer,400
2557,Elektrische Grillpfanne,400
2558,Elektrische Multipfanne,400
2559,Elektrische Pfanne,400
2560,Elektrische Wokpfanne,400
2561,Elektrische Pizzapfanne,400
2562,Elektrokörperrasierer,401
2563,Elektrorasierer,401
2564,Gesichtshaarrasierer,401
2565,Haarentferner-Set,401
2566,Elektrogesichtshaarentferner,401
2567,Akku-Oberflächenbürste,402
2568,Elektro-Fugenbürste,402
2569,Elektro-Oberflächenbürste,402
2570,Akku-Fugenbürste,402
2571,Entfernungsmesser-Adapter,403
2572,Trennständer,404
2573,Oberfrästisch,404
2574,Bohrständer,404
2575,Oberfräsenvorsatz,404
2576,Kappsägen-Untergestell,404
2577,Ultraschallzahnbürste,405
2578,Zwischenraumreiniger,405
2579,Schall-Zahnreinigungsgerät,405
2580,Schallzahnbürste,405
2581,Elektrische Zahnbürste,405
2582,Elektrische Kinderzahnbürste,405
2583,Entkerner,406
2584,Entsteiner,406
2585,Zitruspresse,407
2586,Entsafter,407
2587,Slow Juicer,407
2588,2in1 Entsafter,407
2589,2in1 Zitruspresse,407
2590,Zentrifugenentsafter,407
2591,Intimepilierer,408
2592,Präzisionsepilierer,408
2593,Epilierer,408
2594,Gesichtsepilierer,408
2595,Equalizer,409
2596,Erdbohrer,410
2597,Handerdbohrer,410
2598,Ersatzbrenner,411
2599,Gasgrill-Brenner,411
2600,Spitzbrenner,411
2601,Schrumpfbrenner,411
2602,Weichlötbrenner,411
2603,Zyklonbrenner,411
2604,Erste-Hilfe-Koffer,412
2605,KFZ-Verbandkasten,412
2606,Erste-Hilfe-Set,412
2607,KFZ-Verbandtasche,412
2608,Besteck-Set,413
2609,Steakbesteck,413
2610,Kinderbesteck,413
2611,Fischbesteck,413
2612,Spaghettibesteck,413
2613,Besteckkoffer,413
2614,Einwegbesteck-Set,413
2615,Hummergabel,414
2616,Einweggabel,414
2617,Brotzeitgabel,414
2618,Tafelgabel,414
2619,Fischgabel,414
2620,Austerngabel,414
2621,Serviergabel,414
2622,Spaghettigabel,414
2623,Kuchengabel,414
2624,Fonduegabel,414
2625,Kinderlöffel,415
2626,Teelöffel,415
2627,Esslöffel,415
2628,Fingerfood-Löffel,415
2629,Campinglöffel,415
2630,Suppenlöffel,415
2631,Kaffeelöffel,415
2632,Esslernlöffel,415
2633,Marmeladenlöffel,415
2634,Espressolöffel,415
2635,Einweglöffel,415
2636,Latte-Macchiato-Löffel,415
2637,Eislöffel,415
2638,Eierlöffel,415
2639,Longdrinklöffel,415
2640,Silberlöffel,415
2641,Zuckerlöffel,415
2642,Reiselöffel,415
2643,Kunststofflöffel,415
2644,Bestecklöffel,415
2645,Dessertlöffel,415
2646,Pizzamesser,416
2647,Tafelmesser,416
2648,Dessertmesser,416
2649,Fischmesser,416
2650,Buttermesser,416
2651,Einwegmesser,416
2652,Steakmesser,416
2653,Brotzeitmesser,416
2654,Essstäbchen,417
2655,Etagenbett,418
2656,Etikettenrolle,419
2657,Etiketten,419
2658,Thermorolle,419
2659,Etikett,419
2660,Experimentierkasten,420
2661,Eckfahne,421
2662,Slalomstangen-Fahne,421
2663,Sicherheitsfahne,421
2664,Linienrichter-Fahne,421
2665,Kampfrichterfahne,421
2666,Flagge,421
2667,Golffahne,421
2668,Begrenzungsstangen-Fahne,421
2669,Fahne,421
2670,Fahrradwimpel,421
2671,Fahrradnachläufer,422
2672,Fahrradhundeanhänger,422
2673,Fahrradkinderanhänger,422
2674,Fahrradlastenanhänger,422
2675,U-Brake,423
2676,Bandbremse,423
2677,Roller-cam-Bremse,423
2678,Klotzbremse,423
2679,Felgenbremse,423
2680,Cantilever-Bremse,423
2681,V-Brake,423
2682,Rollenbremse,423
2683,Mini-V-Brake,423
2684,Rekuperationsbremse,423
2685,Trommelbremse,423
2686,Scheibenbremse,423
2687,Rücktrittbremse,423
2688,Fahrradcomputer,424
2689,Speedbike-Trainingscomputer,424
2690,Motorradcomputer,424
2691,Federgabel,425
2692,Starrgabel,425
2693,Fahrradhalter,426
2694,Fahrradlift,426
2695,Fahrradwandhalterung,426
2696,Fahrraddeckenhalterung,426
2697,Fahrradkette,427
2698,Fahrradketten,427
2699,Motorradkette,427
2700,Fahrradklingel,428
2701,Fahrradkurbel,429
2702,Fahrrad-Frontlicht,430
2703,Fahrradbeleuchtung,430
2704,Fahrrad-Rücklicht,430
2705,Fahrradlenker,431
2706,Hinterradnabe,432
2707,Vorderradnabe,432
2708,Fahrradständer,433
2709,Kombipedale,434
2710,Blockpedale,434
2711,Klickpedale,434
2712,Magnetpedale,434
2713,Plattformpedale,434
2714,Universalpedale,434
2715,Hakenpedale,434
2716,Fahrradpedale,434
2717,Großflächenpedale,434
2718,Steckpedale,434
2719,Klapppedale,434
2720,Krallenpedale,434
2721,Fahrradrahmen,435
2722,Fahrradreifen,436
2723,Schaltung,437
2724,Kettenschaltung,437
2725,Nabenschaltung,437
2726,Schaltzug,438
2727,Fahrradschlauch,439
2728,Fahrradsattel,440
2729,Einradsattel,440
2730,Kupplungsfahrradträger,441
2731,Dachfahrradträger,441
2732,Fahrradträger-Erweiterung,441
2733,Heckfahrradträger,441
2734,Fahrrad-Deichselträger,441
2735,Hollandrad,442
2736,Mountainbike,442
2737,Gravelbike,442
2738,Cityrad,442
2739,BMX-Rad,442
2740,Triathlonrad,442
2741,Cyclocross-Rad,442
2742,Urbanbike,442
2743,Crossrad,442
2744,Tandem,442
2745,Cargorad,442
2746,Dirt-Bike,442
2747,Tourenrad,442
2748,Fitnessbike,442
2749,Trekkingrad,442
2750,Nostalgierad,442
2751,ATB,442
2752,Einrad,442
2753,Kinderfahrrad,442
2754,Faltrad,442
2755,Rennrad,442
2756,Cruiser,442
2757,Jugendfahrrad,442
2758,Erwachsenendreirad,442
2759,Klapprad,442
2760,Singlespeed,442
2761,Fatbike,442
2762,Fahrzeug-Schubstange,443
2763,Spiel-Gebäude,444
2764,Spiel-Parkgarage,444
2765,Spiel-Parkhaus,444
2766,Spiel-Feuerwehrwache,444
2767,Spiel-Verkehrszeichen,444
2768,Spiel-Polizeistation,444
2769,Spiel-Ampelanlage,444
2770,Spiel-Parkplatz,444
2771,Spiel-Verkehrsschranke,444
2772,Pylonen,444
2773,Rangierwagenheber,445
2774,Motorradheber,445
2775,Wagenheber,445
2776,Getriebeheber,445
2777,Rollerspiegel,446
2778,Autospiegel,446
2779,Motorradspiegel,446
2780,Fahrradspiegel,446
2781,Heckstoßstange,447
2782,Frontstoßstange,447
2783,Faltbett,448
2784,Gästebett,448
2785,Feldbett,448
2786,Karpfenliege,448
2787,Campingliege,448
2788,Angelliege,448
2789,Schlafhocker,448
2790,Reisebett,448
2791,Faltenbalg,449
2792,Falttür-Lamelle,450
2793,Falzmaschine,451
2794,Eishockey-Torwarthandschuh,452
2795,Baseballhandschuh,452
2796,Sockelfarbe,453
2797,Kreidespray,453
2798,Harzfarbe,453
2799,Leinölfirnis,453
2800,Rostblocker,453
2801,Hartholzöl,453
2802,Zeichenfarbe,453
2803,Fassadenfarbe,453
2804,Sprühfarbe,453
2805,Porzellanfarbe,453
2806,Zeichentusche,453
2807,Vollton- und Abtönfarbe,453
2808,Linoldruckfarbe,453
2809,Pulverbeize,453
2810,Sprühlack,453
2811,Nikotinsperre,453
2812,Wasserfarbe,453
2813,Pastellkreide,453
2814,Fliesenlack,453
2815,Steinmalfarbe,453
2816,Holzbeize,453
2817,Metallglanzfarbe,453
2818,Spachtelmasse,453
2819,Abtönkonzentrat,453
2820,Kinderfarbe,453
2821,Wachsmalfarbe,453
2822,Malpaste,453
2823,Klarlack,453
2824,Tafelfarbe,453
2825,Plakatfarbe,453
2826,Temperafarbe,453
2827,Lasur,453
2828,Tusche,453
2829,Strukturpaste,453
2830,Holzlack,453
2831,Acrylfarbe,453
2832,Firnis,453
2833,Metallschutzlack,453
2834,Farbkasten,453
2835,Magnetfarbe,453
2836,Fingerfarbe,453
2837,Grundierfarbe,453
2838,Feuchtraumfarbe,453
2839,Bodenversiegelung,453
2840,Dickschichtlasur,453
2841,Bastelfarbe,453
2842,Tür- und Fensterlack,453
2843,Dachfarbe,453
2844,Holzwurm-Ex,453
2845,Effekt-Zusatz,453
2846,Aquarellfarbe,453
2847,Kreidefarbe,453
2848,Wandfarbe,453
2849,Heizungskellerfarbe,453
2850,Holzöl,453
2851,Eierfarbe,453
2852,Zementfarbe,453
2853,Tapetenschutz,453
2854,Lack,453
2855,Treppen- und Parkettlack,453
2856,Latexfarbe,453
2857,Kerzenmalfarbe,453
2858,Teakholzöl,453
2859,Wand- und Deckenfarbe,453
2860,Schablonierfarbe,453
2861,Acryl-Flüssigkunststoff,453
2862,Dach- und Sockelfarbe,453
2863,Hartwachsöl,453
2864,Wetterschutzfarbe,453
2865,Kunstharzlack,453
2866,Holzschutzlasur,453
2867,Heizkörperlack,453
2868,Wohnraumlasur,453
2869,Impact Spray,453
2870,Weißlack,453
2871,Acryl-Buntlack,453
2872,Ölfarbe,453
2873,Lebensmittelfarbstoff,454
2874,Farbpigment,454
2875,Stoffmalfarbe,454
2876,Textilfarbe,454
2877,Fassadenwalze,455
2878,Farbwalze,455
2879,Lackroller,455
2880,Strukturroller,455
2881,Kleisterroller,455
2882,Farbroller,455
2883,Farbsprühgerät,456
2884,Airbrush-Kompressor,456
2885,Faszien-Board,457
2886,Feile,458
2887,Schlüsselfeile,458
2888,Raspel,458
2889,Werkstattfeile,458
2890,Fliesenfeile,458
2891,Felgenbaum,459
2892,Kardätsche,460
2893,Zupfbürste,460
2894,Unterwollharke,460
2895,Mähnenbürste,460
2896,Fellbürste,460
2897,Striegel,460
2898,Fellpflegehandschuh,460
2899,Entfilzungsharke,460
2900,Fellkamm,460
2901,Fellentwirrer,460
2902,Flohkamm,460
2903,Pferdebürste,460
2904,Wurzelbürste,460
2905,Unterwollrechen,460
2906,Putzzeug-Set,460
2907,Ekzemerpflege,461
2908,Pfotenpflege,461
2909,Tiershampoo,461
2910,Fellpflege,461
2911,Hufpflegemittel,461
2912,Tier-Hautpflegemittel,461
2913,Balkontür,462
2914,Saunafenster,462
2915,Kellerfenster,462
2916,Kunststofffenster,462
2917,Dachfenster,462
2918,Fenster,462
2919,Beleuchtetes Fensterbild,463
2920,Fensterbild,463
2921,Fensterdekoration,463
2922,Fensterbank,464
2923,Fensterfolie,465
2924,Fenstersticker,465
2925,Sonnenschutz,465
2926,Sonnenschutz-Fensterfolie,465
2927,Alarmfenstergriff,466
2928,Fenstergriff,466
2929,Fensterladen,467
2930,Fenstersauger,468
2931,Fensterreiniger,468
2932,Akku-Fenstersauger,468
2933,Akku-Fensterreiniger,468
2934,Fensterputzroboter,468
2935,Fensterstopper,469
2936,Smart-Home-Fernbedienung,470
2937,Fernbedienung,470
2938,Universal-Fernbedienung,470
2939,Medienfernbedienung,470
2940,HUB,470
2941,Smarte Fernbedienung,470
2942,Presenter,470
2943,Universal-Smart-TV-Fernbedienung,470
2944,Spektiv,471
2945,Kinderfernrohr,471
2946,Fernglas,471
2947,Kinderfernglas,471
2948,Monokular,471
2949,Fernrohr,471
2950,Zielfernrohr,471
2951,Binocular,471
2952,Opernglas,471
2953,RC-Truck,472
2954,RC-Motorrad,472
2955,RC-Gabelstapler,472
2956,RC-Roboter,472
2957,RC-Flugzeug,472
2958,RC-Lok,472
2959,RC-Monstertruck,472
2960,RC-Walze,472
2961,RC-Bus,472
2962,RC-LKW,472
2963,RC-Traktor,472
2964,RC-Quadrocopter,472
2965,RC-Kran,472
2966,RC-Helikopter,472
2967,RC-Quad,472
2968,RC-Tier,472
2969,RC-Buggy,472
2970,RC-Boot,472
2971,RC-Figur,472
2972,RC-Auto,472
2973,RC-Bagger,472
2974,Curved-LED-Fernseher,473
2975,Laser Fernseher,473
2976,LED Lifestyle Fernseher,473
2977,LED-Fernseher,473
2978,QLED-Fernseher,473
2979,OLED-Fernseher,473
2980,LCD-LED Fernseher,473
2981,Curved-OLED-Fernseher,473
2982,Curved-QLED-Fernseher,473
2983,QLED Mini LED-Fernseher,473
2984,Mini-LED-Fernseher,473
2985,QNED-Fernseher,473
2986,DLED-Fernseher,473
2987,externe SSD,474
2988,SSHD-Hybrid-Festplatte,474
2989,interne-HDD-NAS-Festplatte,474
2990,interne HDD-Server-Festplatte,474
2991,HDD-Server-Festplatte,474
2992,HDD-Festplatte,474
2993,externe Gaming-SSD,474
2994,Gaming-Festplatte,474
2995,Gaming-SSD,474
2996,interne SSD,474
2997,externe HDD-Festplatte,474
2998,interne HDD-Festplatte,474
2999,HDD-NAS-Festplatte,474
3000,interne Gaming-SSD,474
3001,externe Gaming-Festplatte,474
3002,interne SSHD-Hybrid-Festplatte,474
3003,SSD-Festplatte,474
3004,Festplatten-Einbaurahmen,475
3005,Festplatten-Wechselrahmen,475
3006,Feuchtigkeitsmesser,476
3007,Hygrometer,476
3008,Klimamesser,476
3009,Feuerschale,477
3010,Feuerstelle,477
3011,Feuerkorb,477
3012,Feuertisch,477
3013,Gartenkamin,477
3014,Feuertonne,477
3015,CO2-Feuerlöscher,478
3016,Feuerlöschspray,478
3017,Pulver-Feuerlöscher,478
3018,Schaum-Feuerlöscher,478
3019,Aerosol-Feuerlöscher,478
3020,Feuerraumplatten,479
3021,Ofenrost,480
3022,Feuerrost,480
3023,Feuerzeug,481
3024,Stabanzünder,481
3025,Feuerzeuge,481
3026,Fidget Spinner,482
3027,Fidget-Gadget,482
3028,Filament,483
3029,Blu-ray 4K Ultra HD,484
3030,Blu-ray 3D,484
3031,DVD,484
3032,Trainings-DVD,484
3033,Blu-ray,484
3034,Filmklappe,485
3035,Startklappe,485
3036,Schlammsauger,486
3037,Skimmer,486
3038,Rückspülfilter,486
3039,Kartuschen-Filterpumpe,486
3040,Filterpumpen,486
3041,Aquariumfilter,486
3042,Saugfilter,486
3043,Teichfilter,486
3044,Vorfilter,486
3045,Schrägfilter,486
3046,Sandfilteranlage,486
3047,Filtereinsatz,486
3048,Wasserhahn-Wasserfilter,486
3049,Reinigungskartusche,487
3050,Metallfettfilter,487
3051,Ersatzfilter,487
3052,Motorschutzfilter,487
3053,Kalkfilter,487
3054,Filter-Set,487
3055,Staubfilter,487
3056,Geruchsfilter,487
3057,Abluftfilter,487
3058,Wasserhahnfilter,487
3059,Hygieneabluftfilter,487
3060,Hygienedisk,487
3061,CleanAir-Filter,487
3062,Befeuchtungselement,487
3063,Elektret-Abluftfilter,487
3064,Aktivkohlefilter,487
3065,Kalk- und Wasserfilter,487
3066,NanoProtect Filter,487
3067,HEPA-Filter,487
3068,EPA-Filter,487
3069,Wasserfilter,487
3070,Fettfilter,487
3071,Befeuchtungsfilter,487
3072,Pool-Filterkartusche,487
3073,Kombifilter,487
3074,Microfilter,487
3075,Kohlefilter,487
3076,Filterkartuschen-Reinigungsgerät,488
3077,Kraftstoff-Filterkopf,489
3078,Küchenarmatur-Filterkopf,489
3079,Patronenfilter,490
3080,Filtersubstrat,490
3081,Filterbeutel,490
3082,Spritzschutz-Ersatzfilter,490
3083,Filtermatte,490
3084,Filterbälle,490
3085,Flachfaltenfilter,490
3086,Lackfilter,490
3087,Partnerring mit Gravur,491
3088,Siegelring,491
3089,Trauring,491
3090,Spannring,491
3091,Ringmaß,491
3092,Solitärring,491
3093,Perlenring,491
3094,Diamantring,491
3095,Memoirering,491
3096,Goldring,491
3097,Ring mit Gravur,491
3098,Silberring,491
3099,Trauring mit Gravur,491
3100,Fingerring,491
3101,Anti-Schnarchring,491
3102,Verlobungsring,491
3103,Partnerring,491
3104,Ring-Set,491
3105,Smart Ring,491
3106,Windsurf Finne,492
3107,Kiteboard Finne,492
3108,Surfboard Finne,492
3109,SUP-Finne,492
3110,Finnen-Adapter,493
3111,Fischtöter,494
3112,Trampolincomputer,495
3113,Turnring,496
3114,Yoga-Rad,496
3115,Luftring,496
3116,Hula-Hoop-Reifen,496
3117,Trainingsring,496
3118,Pilates-Ring,496
3119,Yoga-Ring,496
3120,Pilatesrolle,497
3121,Fitnessrolle,497
3122,Massagerolle,497
3123,Rückenstrecker,497
3124,Swingstick,498
3125,Gymnastikstäbe,498
3126,Trittfrequenzsensor,499
3127,Activity Tracker,499
3128,Herzfrequenzsensor,499
3129,Laufsensor,499
3130,Pulsuhr,499
3131,Fitness-Tracker,499
3132,Brustgurt,499
3133,Schrittzähler,499
3134,Nagelverbinder,500
3135,Flachverbinder,500
3136,Strebenverbinder,500
3137,Balkenschuh,500
3138,Sparrenpfettenanker,500
3139,Lochplatte,500
3140,Winkelverbinder,500
3141,Flambierbrenner,501
3142,Becherhalter,502
3143,Bar-Butler,502
3144,Grill-Flaschenhalter,502
3145,Flaschenhalter,502
3146,Zahnputzbecherhalter,502
3147,Weinflaschenhalter,502
3148,Fahrrad-Flaschenhalter,502
3149,Strandkorb-Flaschenhalter,502
3150,Bierflaschenhalter,502
3151,Trinksauger,503
3152,Flaschensauger,503
3153,Flaschenträger,504
3154,Flaschenverschluss,505
3155,Flaschenöffner,506
3156,Weinflaschenöffner,506
3157,Tranchiergabel,507
3158,Fleischgabel,507
3159,Fleischhammer,508
3160,Fleischklopfer,508
3161,Fleischplattierer,508
3162,Fliege,509
3163,Kinderfliege,509
3164,Sockelfliese,510
3165,Mosaikfliesen,510
3166,Wandfliese,510
3167,Bodenfliese,510
3168,Fliesen-Bordüre,510
3169,Stufenfliese,510
3170,Terrassenplatte,510
3171,Fliesenaufkleber,511
3172,Fliesenkreisschneider,512
3173,Fliesenschneider,512
3174,manueller Fliesenschneider,512
3175,Flipchartblock,513
3176,Monoflosse,514
3177,Flosse,514
3178,Kite,515
3179,Flug-Drache,515
3180,Whisky-Pipette,516
3181,Leerglas,516
3182,Urin-Flasche,516
3183,Leerdose,516
3184,Zerstäuberflasche,516
3185,Wassertank,516
3186,Mobiles Bidet,516
3187,Reinigungsmitteltank,516
3188,Pipettenflasche,516
3189,Kanister,516
3190,Parfümzerstäuber,516
3191,Farbmischbehälter,516
3192,Reisebehälter,516
3193,Benzinkanister,516
3194,Urinbeutel,516
3195,Alufolie,517
3196,Frischhaltefolie,517
3197,Strähnchenfolie,517
3198,Frischhaltebeutel,518
3199,Folienrollen,518
3200,Gefrierbeutel,518
3201,Vakuumierbeutel,518
3202,Folienbeutel,518
3203,Gassibeutel,518
3204,Müllbeutel,518
3205,Vakuumier-Folienrollen,518
3206,Muttermilchbeutel,518
3207,Hundekotbeutel,518
3208,Müllsack,518
3209,PVA-Beutel,518
3210,Spuckbeutel,518
3211,Fondue,519
3212,Elektro-Fondue,519
3213,Blumengabel,520
3214,Laubgabel,520
3215,Spatengabel,520
3216,Trennwachs,521
3217,Trennvaseline,521
3218,Formtrennmittel,521
3219,Formen-Trennspray,521
3220,Formularblock,522
3221,KFZ-Serviceheft,522
3222,Schwarzweißfilm,523
3223,Farbnegativfilm,523
3224,Farbdiafilm,523
3225,Infrarotfilm,523
3226,Sofortbildfilm,523
3227,Fotoalbum,524
3228,Einsteck-Fotoalbum,524
3229,Sammelalbum,524
3230,Hintergrundtuch,525
3231,Falthintergrund,525
3232,PVC-Auflage,525
3233,Fotohintergrund,525
3234,Einwegkamera,526
3235,Objektivkamera,526
3236,Kinderkamera,526
3237,Spiegelreflexkamera,526
3238,Kompaktkamera,526
3239,Outdoor-Kamera,526
3240,Systemkamera-Body,526
3241,Handykamera,526
3242,Superzoom-Kamera,526
3243,Sofortbildkamera,526
3244,Systemkamera,526
3245,Vollformat-Digitalkamera,526
3246,Bridge-Kamera,526
3247,Panoramakamera,526
3248,3D-Kamera,526
3249,Handy-Ersatz Frontkamera,526
3250,Handy-Ersatz Top-Einheit,526
3251,Handy-Ersatz Hauptkamera,526
3252,Handy-Ersatz Ultraweitwinkel-Kamera,526
3253,Frisier- & Schminkkopf,527
3254,Schminkkopf,527
3255,Frisierkopf,527
3256,3-in-1 Kombifritteuse,528
3257,Heißluftfritteuse,528
3258,Fritteuse,528
3259,Minifritteuse,528
3260,Kaltzonenfritteuse,528
3261,Snackfritteuse,528
3262,Rotofritteuse,528
3263,Kühlerfrostschutz,529
3264,Kühlerschutzmittel,529
3265,Scheibenfrostschutz,529
3266,Trinkwasser-Frostschutz,529
3267,Solarflüssigkeit,529
3268,Federfräser,530
3269,Kantenfräser,530
3270,V-Nutfräser,530
3271,Ausstech- und Kopierfräser,530
3272,Hohlkehlfräser,530
3273,Einzahnfräser,530
3274,Fräser-Set,530
3275,Frässtift,530
3276,Doppelradienfräser,530
3277,Bündigfräser,530
3278,Abrundfräser,530
3279,Langlochfräser,530
3280,T-Nutfräser,530
3281,Falzfräser,530
3282,Vollradiusfräser,530
3283,Wendeplattenfräser,530
3284,Nutfräser,530
3285,Radiusfräser,530
3286,Walzenstirnfräser,530
3287,Winkelfräser,530
3288,Schaftfräser,530
3289,Holz-Nutfräser,530
3290,Nutfräse,531
3291,Oberfräse,531
3292,Fräse,531
3293,Flachdübelfräse,531
3294,Bohr- und Fräseinrichtung,531
3295,Feinfräse,531
3296,Microfräse,531
3297,Fräsmotor,531
3298,Akku-Multifunktionsfräse,531
3299,Tischfräse,531
3300,Nut-Fräser,531
3301,Akku-Fräse,531
3302,Vertikalfräse,531
3303,Mauernutfräse,531
3304,Profiliergerät,531
3305,Holzverbindungsfräse,531
3306,Frühstücks-Set,532
3307,Fugenkratzer,533
3308,Fugenmörtel,534
3309,Fliesenkleber,534
3310,Fummelbrett,535
3311,Katzenspielrad,535
3312,Schnüffelteppich,535
3313,Tier-Kugelbahn,535
3314,Snackboard,535
3315,Tier-Aktivitätsspiel,535
3316,Spielschiene,535
3317,Futterbaum,535
3318,Tier-Beschäftigungsspielzeug,535
3319,Futterlabyrinth,535
3320,Walkie Talkie,536
3321,Funkgerät,536
3322,Funkfernsteuerung,536
3323,Licht-Funksteuerung,537
3324,WLAN-Steuerungsmodul,537
3325,Garagentor-Empfänger,537
3326,Rollladen-Funksteuerung,537
3327,Tor-Funksteuerung,537
3328,Garagentor-Funkempfänger,537
3329,Funk-Empfangsmodul,537
3330,Bluetooth-Modul,537
3331,Türschloss-Funksteuerung,537
3332,Heublumenkissen,538
3333,Beinruhekissen,538
3334,Kräuterkissen,538
3335,Halbrolle,538
3336,Multi-Stützkissen,538
3337,Lavendelkissen,538
3338,Nackenkissen,538
3339,Stillkissen,538
3340,Kopfstützkissen,538
3341,Keilkissen,538
3342,Buchkissen,538
3343,Zugluftstopper,538
3344,Venenkissen,538
3345,Haltungskissen,538
3346,Gelkissen,538
3347,Wasserkissen,538
3348,Einlegeplatte,538
3349,Rückenkissen,538
3350,Seitenschläferkissen,538
3351,Stützkissen,538
3352,Thermositzkissen,538
3353,Zirbenkissen,538
3354,Duftbeutel,538
3355,Luftkissen,538
3356,Steißbeinkissen,538
3357,Therapiekissen,538
3358,Drehkissen,538
3359,Reisekissen,538
3360,Lendenkissen,538
3361,Hirsekissen,538
3362,Kirschkernkissen,538
3363,Nackenhörnchen,538
3364,Nackenrollen,538
3365,Autoreifenkissen,538
3366,Ringkissen,538
3367,Nackenrolle,538
3368,Badewannenkissen,538
3369,Baby-Kopfschutz-Rucksack,538
3370,RC-Empfänger,539
3371,Ersatz-Fusselrolle,540
3372,Fusselroller,540
3373,Fusselrasierer,540
3374,Fusselbürste,540
3375,Boilie-Wurfrohr,541
3376,Futterschleuder,541
3377,Köder-Wurfschaufel,541
3378,Nager-Futterhaus,542
3379,Futterautomat,542
3380,Hunde-Futterautomat,542
3381,Katzen-Futterautomat,542
3382,Heunetz,542
3383,Futterspender,542
3384,Katzen-Futterspender,542
3385,Fisch-Futterspender,542
3386,Hunde-Futterspender,542
3387,Futterhaus,542
3388,Fisch-Futterautomat,542
3389,Futter- und Wasserspender,542
3390,Tier-Wasserspender,542
3391,Futterball,543
3392,Futterrakete,544
3393,Feederkorb,544
3394,Fußbad,545
3395,Fußketten Set,546
3396,Fußkette,546
3397,Fußkette mit Gravur,546
3398,Fußkette mit Anhänger,546
3399,Windsurf Fußschlaufe,547
3400,Fußstütze,548
3401,Fußsack,549
3402,Fußtrainer,550
3403,Fußwalzen,550
3404,Fußkreisel,550
3405,Fußwippen,550
3406,Siegerpodest,551
3407,Bad-Stufe,551
3408,Handfächer,552
3409,Wandfächer,552
3410,GPS-System,553
3411,GPS-Tracker,553
3412,Golf-GPS-Uhr,553
3413,Golf-GPS-Gerät,553
3414,GPS-Hundetracker,553
3415,GPS-Ortungsgerät,553
3416,GPS-Empfänger,553
3417,Bluetooth-Tracker,553
3418,RTL-Referenzstation,553
3419,Gabelbaumkopf,554
3420,Garage,555
3421,Garderobenleiste,556
3422,Garderobenhaken,556
3423,Garderobenhalter,556
3424,Garderobenpaneel,557
3425,Garderobe,557
3426,Wandgarderobe,557
3427,Garderobenstange,558
3428,Kleiderständer,558
3429,Garderobenständer,558
3430,Bindegardine,559
3431,Querbehang nach Maß,559
3432,Mittelbogen,559
3433,Vorhang nach Maß,559
3434,Schiebegardine,559
3435,Türvorhang,559
3436,Vorhang,559
3437,Scheibengardine nach Maß,559
3438,Querbehang,559
3439,Freihanddeko,559
3440,Mittelbogen nach Maß,559
3441,Gardine nach Maß,559
3442,Schiebegardine nach Maß,559
3443,Bogenstore nach Maß,559
3444,Perlenvorhang,559
3445,Kuvertstore,559
3446,Kleinfenstermittelbogen nach Maß,559
3447,Fadenvorhang nach Maß,559
3448,Verdunkelungsvorhang,559
3449,Scheibengardine,559
3450,Bogenstore,559
3451,Kuvertstore nach Maß,559
3452,Gardine,559
3453,Panneaux,559
3454,Fadenvorhang,559
3455,Meterware,559
3456,Bettvorhang,559
3457,Kleinfenstermittelbogen,559
3458,Perlenvorhang nach Maß,559
3459,Outdoorgardine,559
3460,Outdoorvorhang,559
3461,Duschvorhangringe,560
3462,Seilspanngarnitur,560
3463,Flauschband,560
3464,Raffrollo-Aufzugsband,560
3465,Stoffösen,560
3466,Magnetgriff,560
3467,Raffvorhang-Technik,560
3468,Dekobügel,560
3469,Faltenclip,560
3470,Naht-/Verstärkungsband,560
3471,Gardinenbefestigungen Ersatzteile,560
3472,Klammerrolle,560
3473,Dekoklammer,560
3474,Feststeller,560
3475,Smokband,560
3476,Dekokette,560
3477,Ringklammer,560
3478,Gardinenhaken,560
3479,Duschvorhangklammer,560
3480,Dekomagnet,560
3481,Innenlaufröllchen,560
3482,Klick-Gleiter,560
3483,Gardinenröllchen,560
3484,Magnethalter für Gardinen,560
3485,Gardinengleiter,560
3486,Stoffklammern,560
3487,Faltenrolle,560
3488,T-Gleiter,560
3489,Raffrollo-Technik,560
3490,Versteifungsband,560
3491,Seilklammern,560
3492,Klettband,560
3493,Schleuderwagen,560
3494,Gardinenring,560
3495,Flachring,560
3496,Kräuselband,560
3497,Schienenverbinder,560
3498,Deko-Ringe,560
3499,Schlaufengleiter,560
3500,Paneelwagen,560
3501,Ösengleiter,560
3502,Faltenband,560
3503,Bogenstange,561
3504,Innenlaufschiene,561
3505,Duschvorhang-Seilsystem,561
3506,Rundbogen,561
3507,Vorhangschiene,561
3508,Winkelstange,561
3509,Gardinenstange,561
3510,Klemmstange,561
3511,Himmelstange,561
3512,Spannvitrage,561
3513,Klemmvitrage,561
3514,Gardinenschiene,561
3515,Erker-Außenbogen,561
3516,Rundbogen/Retoure,561
3517,Vitragenstange,561
3518,Caféhausstange,561
3519,Schienensystem,561
3520,Vitragestange,561
3521,Erker-Innenbogen,561
3522,Federstange,561
3523,Schwenkstange,561
3524,Vorhangstange,561
3525,Duschvorhangspinne,561
3526,Scheibenstange,561
3527,Spannstange,561
3528,Kombi-Vorhangstange,561
3529,Duschvorhangstange,561
3530,U-Schiene,561
3531,Bilderschienenset,561
3532,Gardinenstangen-Endstück,562
3533,Deckenträgerverlängerung,563
3534,Klemmhalter für Gardinenstangen,563
3535,Schraubenhaken,563
3536,Aufputzschiene,563
3537,Wandwinkel,563
3538,Stangenauflage,563
3539,Duschstangen-Deckenhalter,563
3540,Wandträger,563
3541,Gardinenstangenhalter,563
3542,Trägerverlängerung,563
3543,Kombiträger,563
3544,Doppelträger,563
3545,Dichtungsklemmhalter,563
3546,Gardinenstangenhalterungen Ersatzhalter,563
3547,Wandbefestigung,563
3548,Wandmontage-Set,563
3549,Deckenträger für Gardinenstangen,563
3550,Halter,563
3551,Innenlaufprofil,563
3552,Träger,563
3553,Mehrfachverlängerung,563
3554,Schienenhalter,563
3555,Gardinenrohr,563
3556,Auflageträger,563
3557,Verbinder,563
3558,Wandhalter-Set,563
3559,Häkelwolle,564
3560,Stickgarn,564
3561,Küchengarn,564
3562,Knopflochgarn,564
3563,Overlockgarn,564
3564,Bastelgarn,564
3565,Kettgarn,564
3566,Zwirn,564
3567,Effektgarn,564
3568,Nähgarn,564
3569,Garten-Multifunktionsgerät,565
3570,Gießstab,566
3571,Flächenregner,566
3572,Turbinenregner,566
3573,Vielflächenregner,566
3574,Regner,566
3575,Sprühregner,566
3576,Gartenspritze,566
3577,Multifunktionsbrause,566
3578,Versenkregner,566
3579,Kreisregner,566
3580,Viereckregner,566
3581,Bewässerungsbrause,566
3582,Gartenzwerg,567
3583,Zierbrunnen,567
3584,Wetterfahne,567
3585,Gartenfigur,567
3586,Zierbrücke,567
3587,Rasenmäher-Deflektor,568
3588,Rasentraktor-Deflektor,568
3589,Rasentrimmer-Deflektor,568
3590,Schleppdach,569
3591,Gartenhaus-Anbaudach,569
3592,Gerätehaus-Anbaudach,569
3593,Gartenhaus-Fundamentrahmen,570
3594,Fundamentrahmen,570
3595,Gerätehaus-Fundamentrahmen,570
3596,Pavillon-Fußboden,571
3597,Gartenhaus-Fußboden,571
3598,Gerätehaus-Fußboden,571
3599,Hundezwinger-Fußboden,571
3600,Gerätehaus-Seitenwand,572
3601,Gartenhaus-Rückwand,572
3602,Gerätehaus-Innenwand,572
3603,Gerätehaus-Rückwand,572
3604,Gartenhaus-Seitenwand,572
3605,Gartenhaus-Innenwand,572
3606,Carport-Seitenwand,572
3607,Carport-Rückwand,572
3608,Terrasse,573
3609,Grillkota,574
3610,Gartenhaus,574
3611,Wellnessliege,575
3612,Doppelliege,575
3613,Gartenliege,575
3614,Multifunktionsliege,575
3615,Rollliege,575
3616,Gartenpflege-Set,576
3617,Teleskop-Heckenschere,577
3618,Baum- und Strauchschneider,577
3619,Akku-Strauchschere,577
3620,Akku-Astschere,577
3621,Hochentaster,577
3622,Benzin-Heckenschere,577
3623,Kombi-Heckenschere,577
3624,Elektro-Heckenschere,577
3625,Akku-Gras- und Strauchscherenset,577
3626,Akku-Heckenschere,577
3627,Akku-Hochentaster,577
3628,Akku-Grasschere,577
3629,Gartenstecker,578
3630,Rasengitter,579
3631,Gartensteg,579
3632,Trittsteine,579
3633,Druckminderer,580
3634,Flaschendruckminderer,580
3635,Druckregler,580
3636,Gasdruckregler,580
3637,Gas,581
3638,Camping-Gas,581
3639,Winter-Gas,581
3640,Helium,581
3641,CO₂-Kapsel,582
3642,Gaskartusche,582
3643,CO₂-Zylinder,582
3644,Gaskocher,583
3645,Taschenkocher,583
3646,Biskuitpresse,584
3647,Gebäckpresse,584
3648,Hitzemelder,585
3649,Fensteröffnungsmelder,585
3650,Türöffnungsmelder,585
3651,Wassermelder,585
3652,CO-Melder,585
3653,Gasmelder,585
3654,Überfallmelder,585
3655,Feuermelder,585
3656,Rauchmelder,585
3657,Gefahrenmeldeanlage,585
3658,Rauch- und Hitzewarnmelder,585
3659,Verkehrsalarm,585
3660,Alarmanlage,585
3661,Alarmsirene,585
3662,Glasbruchmelder,585
3663,Einbruchmelder,585
3664,Fahrrad-Alarmanlage,585
3665,Alarmsirenen-Attrappe,585
3666,Auto-Baby-Alarm,585
3667,Diebstahlalarm,585
3668,Notrufknopf,585
3669,Notrufarmband,585
3670,Gefrierschrank,586
3671,Einbaugefrierschrank,586
3672,Gefriertruhe,587
3673,Gegensprechanlage,588
3674,Gegenstromanlage,589
3675,Unterarmkrücke,590
3676,Frackstock,590
3677,Gehstock,590
3678,Gehörschutzstöpsel,591
3679,Bügelgehörschutz,591
3680,Schwimm-Ohrstöpsel,591
3681,Cerumenfilter,591
3682,Geldscheinklammer,592
3683,Geldscheinklammer mit Gravur,592
3684,Geldscheinklammer Set,592
3685,Geldscheinprüfgerät,593
3686,Kugelzapfen,594
3687,Winkelgelenk,594
3688,Gelenkkopf,594
3689,Kugelgelenk,594
3690,Gelenklager,594
3691,Treppengeländer,595
3692,Brüstungsgeländer,595
3693,Relingträger,596
3694,Fahrrad-Gepäckträger,596
3695,Dachträger,596
3696,Roller-Gepäckträger,596
3697,Seifenduftöl,597
3698,Geruchsentferner,597
3699,Duftöl,597
3700,Anti-Geruchs-Säckchen,597
3701,Duftwachs,597
3702,Raumduft,597
3703,Toiletten-Spray,597
3704,Schuhdeo,597
3705,Raumduft-Nachfüllflasche,597
3706,WC-Duftspüler,597
3707,Lederdeo,597
3708,Duftstäbchen,597
3709,Katzen-Spielspray,597
3710,Silberionen-Stick,597
3711,Wäscheparfüm,597
3712,Textilerfrischer,597
3713,Räucherkegel,597
3714,Räucherstäbchen,597
3715,Tier-Beruhigungspheromone,597
3716,Boxsackhalterung,598
3717,Beamer-Deckenhalterung,598
3718,E-Reader-Halterung,598
3719,Mikrofon-Halterung,598
3720,Uhr-Halterung,598
3721,Kamerahalterung,598
3722,Lautsprecher-Deckenhalterung,598
3723,Rutenständer,598
3724,Ladestecker-Halterung,598
3725,Glätteisenhalter,598
3726,Fahrradantenne,598
3727,Controller-Halterung,598
3728,Studiozubehör-Wandhalterung,598
3729,Kurzwaffenhalterung,598
3730,Schwanenhals,598
3731,Konsolen-Ladeaufsteller,598
3732,Soundbar-Halterung,598
3733,Briefkastenhalterung,598
3734,Regenschirmhalter,598
3735,Reifen-Wandhalterung,598
3736,Dachbox-Halterung,598
3737,Gartengerätehalter,598
3738,Fingerhalter,598
3739,TV-Deckenhalterung,598
3740,Kabelzubehör,598
3741,Headset-Halterung,598
3742,Fahrradleinen-Halterung,598
3743,Sattelhalter,598
3744,Soundbar-Standfuß,598
3745,Kugelkopfgelenk,598
3746,Action Cam-Halterung,598
3747,Streaming Box-Halterung,598
3748,TV-Ständer,598
3749,Laptop-Ständer,598
3750,Monitor-Halterung,598
3751,Elektroauto-Ladestation-Halterung,598
3752,Desinfektionsmittelspender-Ständer,598
3753,Auslegearm,598
3754,Tablet-Ständer,598
3755,Grilltopfhalter,598
3756,Putterröhre,598
3757,Smartphone-Halterung,598
3758,Duschkopfhalter,598
3759,Halterungszubehör,598
3760,Gaskartuschenhalter,598
3761,Xbox-Standfuß,598
3762,Stoßkugelständer,598
3763,Golf-Scorekartenhalter,598
3764,Nagellackhalter,598
3765,Taschen-Halterung,598
3766,Trageriemen,598
3767,Hundeleinen-Führungsstange,598
3768,Konsolen-Standfuß,598
3769,Monitorständer,598
3770,Wandhalterung,598
3771,Smartphone-Tragegurt,598
3772,Heizkörperkonsole,598
3773,SAT-Halterung,598
3774,Playstation-Halterung,598
3775,Ofen-Wandhalterung,598
3776,Solarmodul-Halterung,598
3777,Halterung,598
3778,Konsolen-Halterung,598
3779,Briefkastenständer,598
3780,Diskusständer,598
3781,Gepäck-Halterung,598
3782,Handy-Halterung,598
3783,Rutenhalter,598
3784,Navigationsgeräte-Halterung,598
3785,Mauskabel-Halterung,598
3786,Haartrocknerhalter,598
3787,Beamer-Wandhalterung,598
3788,Speerständer,598
3789,Schwenkarm,598
3790,Haartrocknerhalter und Glätteisenhalter,598
3791,TV-Standfuß,598
3792,Standhalterung,598
3793,Schlauchhalterung,598
3794,Fernbedienungshalter,598
3795,Wandarm,598
3796,Wasserzähler-Anschlussbügel,598
3797,Ball-Clip,598
3798,Überwachungskamera-Halterung,598
3799,Mikrowellen-Wandhalterung,598
3800,Grafikkartenhalterung,598
3801,Lenkeradapter,598
3802,Popsockets,598
3803,Smartwatch-Halterung,598
3804,Lautsprecher-Wandhalterung,598
3805,Blitz-Halterung,598
3806,Tablet-Halterung,598
3807,TV-Wandhalterung,598
3808,Lautsprecherständer,598
3809,Fahrrad-Kartenhalter,598
3810,Kopfhörerständer,598
3811,Montagedose,598
3812,Balance Board Ständer,598
3813,Schweißbrennerhalter,598
3814,Bankstick,598
3815,Beamer-Standfuß,598
3816,Tastaturhalterung,598
3817,Feuerschalen-Mast,598
3818,Krückenständer,598
3819,VR Brillen-Halterung,598
3820,Sensorhalter,598
3821,Kopfhalterung,598
3822,Kopfhörer-Halterung,598
3823,Foliengerätehaus,599
3824,Carport-Geräteraum,599
3825,Gerätehaus,599
3826,Garten-Geräteschrank,599
3827,Schlägersicherung,600
3828,Schonbacken,600
3829,Gabelbaumprotektor,600
3830,Mastfußprotektor,600
3831,Geräteprotektor,600
3832,Rahmenschutzband,600
3833,Bumperleiste,600
3834,Propellerschutz,600
3835,Arbeitsgerüst,601
3836,Gerüst,601
3837,Fahrgerüst,601
3838,Klappgerüst,601
3839,Gerüststeg,602
3840,Teleskop-Bohle,602
3841,Telesteg,602
3842,Gerüstbohle,602
3843,Packpapier,603
3844,Geschenkpapier,603
3845,Geschenkfolie,603
3846,Geschenk-Tragetasche,603
3847,Geschenktüten,603
3848,Jutesäckchen,603
3849,Organzasäckchen,603
3850,Tafelservice,604
3851,Kaffeeservice,604
3852,Geschirr-Set,604
3853,Kindergeschirr-Set,604
3854,Single Geschirr-Set,604
3855,Frühstücks-Geschirrset,604
3856,Teller-Set,604
3857,Einweggeschirr-Set,604
3858,Kombiservice,604
3859,Teeservice,604
3860,Milch- und Zuckerset,604
3861,teilintegrierbarer Geschirrspüler,605
3862,Unterbaugeschirrspüler,605
3863,Standgeschirrspüler,605
3864,Tischgeschirrspüler,605
3865,vollintegrierbarer Geschirrspüler,605
3866,Geschirrspüleinsatz,606
3867,Gläsereinsatz für Unterkorb,606
3868,Korbeinsatz für Langstielgläser,606
3869,Silberglanzkassette,606
3870,Gläserbügel,606
3871,Besteckschublade,606
3872,Geschirrständer,607
3873,Zubehöraufbewahrungsständer,607
3874,Abtropfmatte,607
3875,Trockenständer,607
3876,Geräteständer,607
3877,Grillplattenhalter,607
3878,Abtropfwanne,607
3879,Barmatte,607
3880,Grillrosthalter,607
3881,Spültuch,608
3882,Geschirrtuch,608
3883,Einbau-Wärmeschublade,609
3884,Tellerwärmer,609
3885,Tassenwärmer,609
3886,Gesichtssolarium,610
3887,Oberkörpersolarium,610
3888,Stativgewicht,611
3889,Gewichtsweste,611
3890,Gewichtshandschuhe,611
3891,Gewichtsscheibe,611
3892,Gewindeformer,612
3893,Gewindeschneider,612
3894,Gewindeschneideisen,612
3895,Gewindebohrer,612
3896,Gewindestange,613
3897,Gewindebolzen,613
3898,Pflanztunnel,614
3899,Anlehngewächshaus,614
3900,Frühbeetaufsatz,614
3901,Foliengewächshaus,614
3902,Pflanzenschutzdach,614
3903,Tomatengewächshaus,614
3904,Gewächshaus,614
3905,Salz- / Pfefferstreuer,615
3906,Gewürzständer,615
3907,Gewürzstreuer,615
3908,Gewürzkarussell,615
3909,Salzstreuer,615
3910,Pfefferstreuer,615
3911,Gießkanne,616
3912,Kamera-Gimbal,617
3913,Gimbal,617
3914,Selfiestick,617
3915,Handabdruck-Set,618
3916,Glasfasermatte,619
3917,Glasgewebematte,619
3918,Stimulationsgel,620
3919,Analgleitgel,620
3920,Gleit- und Massagegel,620
3921,Gleit- & Massageöl,620
3922,Gleitgel,620
3923,Globus,621
3924,Glätteisen,622
3925,Mini-Reiseglätteisen,622
3926,Welleneisen,622
3927,Dampf-Haarglätter,622
3928,Heißluft-Haarglätter,622
3929,Luftstrom-Haarglätter,622
3930,Golftrolley + Golfbag,623
3931,Golfschläger + Golfbag,623
3932,Schwungtrainer,624
3933,Putter,624
3934,Hybrid,624
3935,Driver,624
3936,Chipper,624
3937,Eisenschläger,624
3938,Minigolfschläger,624
3939,Fairwayholz,624
3940,Wedge,624
3941,Grafikkarte,625
3942,Grasimplantat,626
3943,Graukarte,627
3944,Kinderwagenkette,628
3945,Kinderwagenanhänger,628
3946,Greifspielzeug,628
3947,Greifling,628
3948,Rassel,628
3949,Trimmhilfe,629
3950,Pfannengriff,629
3951,Griff,629
3952,Möbelgriff,629
3953,Klettergriff,629
3954,Möbelknopf,629
3955,Muschelgriff,629
3956,Deckelgriff,629
3957,Stangengriff,629
3958,Bügelgriff,629
3959,Rudergriff,629
3960,Einhandgriff,629
3961,SZ-Griff,629
3962,V-Griff,629
3963,Tragegriff,629
3964,Griffschale,630
3965,Grillbesteck-Set,631
3966,Grillhaken,631
3967,Grillrost,632
3968,Grillplatte,632
3969,Sparerib-Halter,632
3970,Warmhalte-Grillrost,632
3971,Grillerweiterung,632
3972,Grill-Salzstein,632
3973,Airfryer-Grillrost,632
3974,Keramikgrill,633
3975,Gas-Pizzaofen,633
3976,Grillkamin,633
3977,Kombigrill,633
3978,Spanferkelgrill,633
3979,Holzkohlegrill,633
3980,Gasgrill,633
3981,Gas-Räucherofen,633
3982,Camping-Gasgrill,633
3983,Smoker,633
3984,Schwenkgrill,633
3985,Grip-Pulver,634
3986,Grip-Spray,634
3987,Kunststoffgrundierung,635
3988,Fassadengrundierung,635
3989,Fliesengrundierung,635
3990,Silikatgrundierung,635
3991,Haftgrund,635
3992,Tiefengrund,635
3993,Wandgrundierung,635
3994,Rostschutzgrundierung,635
3995,Universalgrundierung,635
3996,Teichgrundierung,635
3997,Sprühlack-Grundierung,635
3998,Holzgrundierung,635
3999,Isoliergrundierung,635
4000,Putzgrundierung,635
4001,Tapetengrund,635
4002,Acryl-Vorstrichgrund,635
4003,Gummibänder,636
4004,Gummiband,636
4005,Einkochring,636
4006,Gummibärchenmaschine,637
4007,Gurtpolster,638
4008,Gürtelerweiterung,639
4009,Einlass-Gurtwickler,640
4010,Rollladengurt-Antrieb,640
4011,Halbeinlass-Gurtwickler,640
4012,Aufputz-Gurtwickler,640
4013,Smart-Home-Gurtwickler,640
4014,Rollladen-Schnurwickler,640
4015,Erlebnisgutschein,641
4016,Guthaben,641
4017,Wertgutschein,641
4018,Schwangerschaftsgürtel,642
4019,Taillengürtel,642
4020,Ledergürtel,642
4021,Watgürtel,642
4022,Gürtelschnalle,642
4023,Stretchgürtel,642
4024,Stoffgürtel,642
4025,Hüftgürtel,642
4026,Laufgürtel,642
4027,Nietengürtel,642
4028,Flechtgürtel,642
4029,Gürtelriemen,642
4030,Kettengürtel,642
4031,Koppelgürtel,642
4032,Tresorgürtel,642
4033,Synthetikgürtel,642
4034,Wendegürtel,642
4035,Dip-Gürtel,642
4036,Gürtelhalter,643
4037,Paddelbürste,644
4038,Toupierbürste,644
4039,Stylingbürste,644
4040,Haarbürsten-Set,644
4041,Flachbürste,644
4042,Keramikbürste,644
4043,Rundbürste,644
4044,Haarbürste,644
4045,Skelettbürste,644
4046,Bartbürste,644
4047,Haarentwirrbürste,644
4048,Enthaarungscreme,645
4049,Zuckerpaste,645
4050,Kaltwachsstreifen,645
4051,Enthaarungswachs,645
4052,Enthaarungsschaum,645
4053,Wachspatrone,645
4054,Haarspange,646
4055,Zopfband,646
4056,Haargummi,646
4057,Haarklemme,646
4058,Haarkissen,646
4059,Haarstyling-Set,646
4060,Haarreif,646
4061,Haarnetz,646
4062,Spiral-Haargummi,646
4063,Haarnadeln,646
4064,Haarklammer,646
4065,Haarclip,646
4066,Haarnadel,646
4067,Zopfhalter,646
4068,Haarpin,646
4069,Haarband,646
4070,Bartkamm,647
4071,Stielkamm,647
4072,Schneidekamm,647
4073,Nissenkamm,647
4074,Taschen-Kamm,647
4075,Griffkamm,647
4076,Lockenkamm,647
4077,Strähnenkamm,647
4078,Toupierkamm,647
4079,Haarkamm,647
4080,Wimpernkamm,647
4081,Haarspülung,648
4082,Haarmaske,648
4083,Gelshampoo,648
4084,Haarelexier,648
4085,Haarseife,648
4086,Kopfhaut-Pflegeöl,648
4087,Haarbutter,648
4088,Kopfhaut-Pflegeshampoo,648
4089,Haaröl,648
4090,Haarpflege-Spray,648
4091,Haarbalsam,648
4092,Haarfluid,648
4093,Haarshampoo,648
4094,Kopfhaut-Pflegelotion,648
4095,Haartonikum,648
4096,Kopfhautpeeling,648
4097,Haarserum,648
4098,Leave-in Pflege,648
4099,Haarpflege-Set,648
4100,Haarcreme,648
4101,Kopfhaut-Pflegekur,648
4102,Haarwasser,648
4103,Silbershampoo,648
4104,Kopfhaut-Pflegeserum,648
4105,Festes Haarshampoo,648
4106,Trockenshampoo,648
4107,Feste Haarspülung,648
4108,Haarkur,648
4109,Schleier,649
4110,Diadem,649
4111,Bartschneider,650
4112,Pferdeschermaschine,650
4113,Hundeschermaschine,650
4114,Augenbrauentrimmer,650
4115,Haar- und Bartschneider,650
4116,Haarschneider,650
4117,Nasenhaartrimmer,650
4118,Glatzen-Rasierer,650
4119,Nasen- und Ohrhaartrimmer,650
4120,Beauty-Trimmer,650
4121,Bikinitrimmer,650
4122,Multifunktionstrimmer,650
4123,Körper- und Bikinitrimmer,650
4124,Volumenpuder,651
4125,Haarpuder,651
4126,Hitzeschutzspray,651
4127,Haarspray,651
4128,Modelliercreme,651
4129,Haarschaum,651
4130,Lockenspray,651
4131,Volumenspray,651
4132,Glättungsspray,651
4133,Haarwachs,651
4134,Styling-Creme,651
4135,Glanzspray,651
4136,Haarmilch,651
4137,Haarmousse,651
4138,Haargel,651
4139,Haarpomade,651
4140,Föhnlotion,651
4141,Glättungsbalsam,651
4142,Haarstyling-Liquid,651
4143,Haarfestiger,651
4144,Texturspray,651
4145,Haartrockenhaube,652
4146,Reisehaartrockner,652
4147,Haartrockner,652
4148,Wandhaartrockner,652
4149,Ionic-Haartrockner,652
4150,Gartenhacke,653
4151,Kleingrubber,653
4152,Blumenkralle,653
4153,Häufelpflug,653
4154,Kleinfeger,653
4155,Kleinhacke,653
4156,Bügelzughacke,653
4157,Grubber,653
4158,Unkrauthacke,653
4159,Wegeschuffel,653
4160,Kultivator,653
4161,Doppelhacke,653
4162,Rübenhacke,653
4163,Drapierhaken,654
4164,Faltenhaken,654
4165,Faltenlegehaken,654
4166,S-Haken,654
4167,Fensterhaken,654
4168,Seilhaken,654
4169,Deckenhaken,654
4170,Trimmhaken,654
4171,Handtuchhaken,654
4172,Wandhaken,654
4173,Doppelhaken,654
4174,Türhaken,654
4175,Kleiderhaken,654
4176,Türgarderobe,654
4177,Dekohaken,654
4178,Klebehaken,654
4179,Zierhaken,654
4180,Klapphaken,654
4181,Grillbesteckhaken,654
4182,Trensenhalter,655
4183,Schlüsselleiste,655
4184,Hakenleiste,655
4185,Schlüsselbrett,655
4186,Gliederkette,656
4187,Freundschaftskette,656
4188,Bead-Ketten-Set,656
4189,Halsreif,656
4190,Statementkette,656
4191,Lange Kette,656
4192,Y-Kette,656
4193,Kette mit Einhänger,656
4194,Goldketten-Set,656
4195,Gliederketten-Set,656
4196,Perlenketten-Set,656
4197,Silberkette,656
4198,Schlangenkette,656
4199,Königskette,656
4200,Collier,656
4201,Panzerkette,656
4202,Edelstahlketten-Set,656
4203,Namenskette,656
4204,Charm-Kette,656
4205,Partnerkette,656
4206,Perlenkette,656
4207,Panzerketten-Set,656
4208,Herzkette,656
4209,Collierkettchen-Set,656
4210,Collierkettchen,656
4211,Lederband,656
4212,Kette mit Gravur,656
4213,Edelstahlkette,656
4214,Collier-Set,656
4215,Kreuzkette,656
4216,Kette mit Anhänger mit Gravur,656
4217,Choker,656
4218,Kette mit Anhänger,656
4219,Ketten-Set,656
4220,Königsketten-Set,656
4221,Charm-Ketten-Set,656
4222,Goldkette,656
4223,Textilband,656
4224,Kette ohne Anhänger,656
4225,Choker-Set,656
4226,Kette mit Taufring,656
4227,Balance Scooter Haltestange,657
4228,Haltegriff,657
4229,Stützklappgriff,657
4230,Winkel-Haltegriff,657
4231,Trampolin-Haltestange,657
4232,Badewannengriff,657
4233,Seitenwandgriff,657
4234,WC-Aufstehhilfe,657
4235,Board-Griff,657
4236,Badewannen-Einstiegshilfe,657
4237,Bett - Aufstehhilfe,657
4238,Teleskopgriff,657
4239,Wandgriff,657
4240,Pool-Haltegriff,657
4241,Wäscheklammern,658
4242,Möbelklammer,658
4243,Doppelrohrklemme,658
4244,Sturmwäscheklammern,658
4245,Hintergrundklammer,658
4246,Studioklammer,658
4247,Rutenclip,658
4248,Rohrklemme,658
4249,Stoffklammer,658
4250,Stopfnadel,659
4251,Jackenstricknadeln,659
4252,Nähmaschinennadeln,659
4253,Strumpfstricknadeln,659
4254,Punch-Needle-Nadeln,659
4255,Zopfmusternadeln,659
4256,Big-Eye-Nadeln,659
4257,Nähnadeln,659
4258,Strickliesel,659
4259,Stricknadeln,659
4260,Sticknadeln,659
4261,Perlnadeln,659
4262,Sticktwist-Nadeln,659
4263,Knüpfnadel,659
4264,Bodkin-Nadeln,659
4265,Häkelnadeln,659
4266,Quiltnadeln,659
4267,Sicherheitsnadeln,659
4268,Knooking-Nadel,659
4269,Rundstricknadeln,659
4270,Filznadeln,659
4271,Stecknadeln,659
4272,Ködernadel,659
4273,Tastatur-Handballenauflage,660
4274,Handballenauflage,660
4275,Haushaltshobel,661
4276,Universalhobel,661
4277,Schrupphobel,661
4278,Grundhobel,661
4279,Einhandhobel,661
4280,Raubankhobel,661
4281,Doppelhobel,661
4282,Kombihobel,661
4283,Nuthobel,661
4284,Wangenhobel,661
4285,Kantenhobel,661
4286,Schiffhobel,661
4287,Putzhobel,661
4288,Simshobel,661
4289,Fasenhobel,661
4290,Blockhobel,661
4291,Schichthobel,661
4292,Schabhobel,661
4293,Handlauf,662
4294,Handmuffe,663
4295,Handmuskeltrainer,664
4296,Rehabilitationshandschuh,664
4297,Handschlaufe,665
4298,Skihandschuhe,666
4299,Arbeitshandschuh-Set,666
4300,Partnerhandschuhe,666
4301,Nitril-Handschuhe,666
4302,Mechaniker-Handschuhe,666
4303,Neoprenhandschuhe,666
4304,Multisporthandschuhe,666
4305,Baumwollhandschuhe,666
4306,Trikot-Handschuhe,666
4307,Frackhandschuhe,666
4308,Einweghandschuhe,666
4309,Feldhockey Torwarthandschuh,666
4310,Fäustlinge,666
4311,Trainingshandschuhe,666
4312,Golfhandschuhe,666
4313,Hitzeschutzhandschuhe,666
4314,Torwarthandschuhe,666
4315,Bräunungshandschuh,666
4316,Karthandschuhe,666
4317,Fahrradhandschuhe,666
4318,Gartenhandschuhe,666
4319,Schnittschutzhandschuhe,666
4320,Feldhockeyhandschuh,666
4321,Reinigungshandschuh,666
4322,Lederhandschuhe,666
4323,Angelhandschuhe,666
4324,Laufhandschuhe,666
4325,Abendhandschuhe,666
4326,Putzhandschuh,666
4327,Reithandschuhe,666
4328,Montage-Handschuhe,666
4329,Leder-Arbeitshandschuhe,666
4330,Feldspielerhandschuhe,666
4331,Snowboardhandschuhe,666
4332,Motorradhandschuhe,666
4333,Unterziehhandschuhe,666
4334,Golfhandschuh,666
4335,Latexhandschuhe,666
4336,Hallenhockeyhandschuh,666
4337,Langlaufhandschuhe,666
4338,Strickhandschuhe,666
4339,Eishockeyhandschuhe,666
4340,Schweißerhandschuhe,666
4341,Fleecehandschuhe,666
4342,Winter-Arbeitshandschuhe,666
4343,PU-Handschuhe,666
4344,Chemikalien-Schutzhandschuhe,666
4345,Arbeitshandschuhe,666
4346,Elektriker-Handschuhe,666
4347,Bogenhandschuh,666
4348,Bowling-Handschuhe,666
4349,Thermohandschuhe,666
4350,Beheizbare Handschuhe,666
4351,Gleitschirm-Handschuhe,666
4352,Kletterhandschuhe,666
4353,Rollstuhlhandschuhe,666
4354,Handstreuer,667
4355,Furniersäge,668
4356,Gartensäge,668
4357,Gasbetonsäge,668
4358,Japansäge,668
4359,Bügelsäge,668
4360,Klappsäge,668
4361,Handsäge,668
4362,Pferdedeckenhalter,669
4363,Handtuchständer,669
4364,Handtuchring,669
4365,Doppelhandtuchhalter,669
4366,Handtuchleiter,669
4367,Handtuchregal,669
4368,Teleskop-Handtuchhalter,669
4369,Spültuchhalter,669
4370,Handtuchklemme,669
4371,Handtuchhalter,669
4372,Handtuchstange,669
4373,Hundehandtuch,670
4374,Duschtücher,670
4375,Badetuch,670
4376,Kapuzenhandtuch,670
4377,Saunatuch,670
4378,Turban-Handtuch,670
4379,Gästehandtücher,670
4380,Hamamtuch,670
4381,Duschtuch,670
4382,Badetücher,670
4383,Gästehandtuch,670
4384,Handtücher,670
4385,Strandtücher,670
4386,Hamamtücher,670
4387,Strandtuch,670
4388,Handtuch,670
4389,Sporthandtuch,670
4390,Reisehandtuch,670
4391,Seiftuch,670
4392,Waschgurt,670
4393,Waschhandschuh,670
4394,Waschlappen,670
4395,Handtuch Set,670
4396,Tennislinien-Walze,671
4397,Rasentraktor-Gartenwalze,671
4398,Rasenwalze,671
4399,Andruckwalze,671
4400,Bodenbelag-Andrückwalze,671
4401,Kurzhantel,672
4402,Gewichtssack,672
4403,Hantel,672
4404,Langhantel,672
4405,Dumbbell,672
4406,Aqua Tube,672
4407,Clubbell,672
4408,Kompakthantel,672
4409,Gymnastikhantel,672
4410,Kettlebell,672
4411,Hantel-Set,672
4412,Gewichtsmanschette,672
4413,Hantelscheibe,673
4414,Hantelscheiben,673
4415,Gewichteplatten,673
4416,Zusatzgewichte,673
4417,Langhantelstange,674
4418,Curlstange,674
4419,Trizepsstange,674
4420,Kurzhantelstange,674
4421,SZ-Curlstange,674
4422,SZ-Stange,674
4423,Olympiastange,674
4424,Sternverschluss,675
4425,Hantelstangenverschluss,675
4426,Feststellring,675
4427,Federverschluss,675
4428,Langhantelständer,676
4429,Kurzhantelständer,676
4430,Hantel-Wandhalterung,676
4431,Hantelscheibenständer,676
4432,USB-Port,677
4433,Netzwerk-Port,677
4434,Handy-Ersatz USB-C Port,677
4435,Mini USB-Port,677
4436,HDMI-Port,677
4437,Klickfliesen,678
4438,Designboden,678
4439,Kunststoff-Fliesen,678
4440,Holzfliesen,678
4441,Laminat,678
4442,Podeststufen,678
4443,Korklaminat,678
4444,Klickfliese,678
4445,Klickfliesen-Kantenleiste,678
4446,Klickfliesen-Eckleiste,678
4447,Korkfliesen,678
4448,Treppenstufen-Set,678
4449,Vinyllaminat,678
4450,Klickfliesen-Abschlussleiste,678
4451,WPC-Fliesen,678
4452,Parkett,678
4453,Küchenmaschinen-Adapter,679
4454,Kartuschen-Adapter,679
4455,Kochfeld-Adapter,679
4456,Staubsaugerrohr-Adapter,679
4457,Milchschlauch-Adapter,679
4458,Universaladapter für Staubsaugerrohre,679
4459,Vakuumierbeutel-Adapter,679
4460,Schlauch,680
4461,Ablauf-Schlauchverlängerung,680
4462,Ablaufschlauch,680
4463,Staubsaugerschlauch,680
4464,Verlängerung,680
4465,Waschmaschinenschlauch,680
4466,Klimaanlagenschlauch,680
4467,flexibler Schlauch,680
4468,Zulaufschlauch,680
4469,Zu- und Ablauf-Schlauchverlängerung,680
4470,Zulauf-Schlauchverlängerung,680
4471,Milchschlauch,680
4472,Kimono,681
4473,Damenbademantel,681
4474,Kinderbademantel,681
4475,Kilt,681
4476,Sarong,681
4477,Morgenmantel,681
4478,Badeponcho,681
4479,Herrenbademantel,681
4480,Unisex-Bademantel,681
4481,Bademantel,681
4482,Babybademantel,681
4483,Hausmüllpresse,682
4484,Trinkautomat,683
4485,Wasserspender,683
4486,Vogeltränke,683
4487,Trinkbrunnen,683
4488,Geflügeltränke,683
4489,Gesichtsreinigungsbürste,684
4490,Fußbürste,684
4491,Körperbürste,684
4492,Nagelbürste,684
4493,Massagebürste,684
4494,Badebürste,684
4495,Saunabürste,684
4496,Wellness-Pflegeset,684
4497,Peelingbürstenaufsatz,685
4498,Gesichtsbürstenaufsatz,685
4499,Körperbürstenaufsatz,685
4500,Stimulationstropfen,686
4501,Pflege-Geschenkset,686
4502,Fußbutter,686
4503,Nachtcreme,686
4504,Hand-Feuchtigkeitsfluid,686
4505,Gesichtsöl,686
4506,Gesichtslotion,686
4507,Handbutter,686
4508,Anti-Hühneraugenstift,686
4509,Körperbalsam,686
4510,After-Shave Balsam,686
4511,Pflegestift,686
4512,Handserum,686
4513,After Sun-Spray,686
4514,Zungenspray,686
4515,Fußcreme,686
4516,Brustmaske,686
4517,Intimpflege,686
4518,Dekolletee-Maske,686
4519,Halsmaske,686
4520,Fußöl,686
4521,Toner,686
4522,Gesichtsserum,686
4523,BB-Creme,686
4524,Handgel,686
4525,Pomaske,686
4526,Feuchtigkeitsgel,686
4527,Dekolletee-Lotion,686
4528,Gesichtsemulsion,686
4529,Feuchtigkeitscreme,686
4530,Dekolletee-Creme-Fluid,686
4531,After Sun-Gel,686
4532,Paraffinwachs,686
4533,Dekolletee-Serum,686
4534,Straffungspflege,686
4535,Gesichtspflege-Set,686
4536,After-Shave,686
4537,Pflege-Set,686
4538,Körperpflegemittel,686
4539,Inhalations-Zusatz,686
4540,After Sun-Maske,686
4541,Handcreme,686
4542,Pflege-Geschenkbox,686
4543,Gesichtsmasken-Set,686
4544,Fußspray,686
4545,Gesichts- und Körperspray,686
4546,Fußlotion,686
4547,Barfußspray,686
4548,Handlotion,686
4549,Pflege-Geschenktasche,686
4550,Körperbutter,686
4551,Körperöl,686
4552,Massagekerze,686
4553,After Sun-Balsam,686
4554,Gesichtsgel,686
4555,Tagescreme,686
4556,Fußmaske,686
4557,Hals- und Dekolletee-Creme,686
4558,Massageöl,686
4559,Fußpflegecreme,686
4560,After Sun,686
4561,Stimulationssalbe,686
4562,Damenbart-Blocker,686
4563,Handbalsam,686
4564,Badeöl,686
4565,Handmaske,686
4566,Warzen-Behandlungsstift,686
4567,Hautcreme,686
4568,Tuchmaske,686
4569,Fußschaum,686
4570,Hyaluron Serum,686
4571,Nachtserum,686
4572,Körpermilch,686
4573,After Sun-Lotion,686
4574,Fußgel,686
4575,Dekolletee-Gel-Creme,686
4576,Körpergel,686
4577,Handmousse,686
4578,Körperschaum,686
4579,Cremeschaum,686
4580,Handschuhmaske,686
4581,Gesichtsspray,686
4582,Intimcreme,686
4583,Gesichtspflege,686
4584,After Shave Lotion,686
4585,After Sun-Öl,686
4586,Gesichtskur,686
4587,Glatzencreme,686
4588,Fußpuder,686
4589,Fußpflegespray,686
4590,Sockemaske,686
4591,Fußbädersalz,686
4592,Hornhautbalsam,686
4593,Gesichtsfluid,686
4594,Gesichtsmaske,686
4595,Bauchmaske,686
4596,Getönte Gesichtscreme,686
4597,Hautpflege-Set,686
4598,Salzpeeling,686
4599,Handpflege-Set,686
4600,Stimulationsöl,686
4601,Anti-Falten-Serum,686
4602,Körpercreme,686
4603,Feuchtigkeitspflege-Set,686
4604,Anti-Aging-Creme,686
4605,Bodylotion,686
4606,Körperlotion,686
4607,After Sun-Milch,686
4608,Hautpflegegel,686
4609,CC-Creme,686
4610,Insektenschutz-Spray,686
4611,Insektenstich-Gel,686
4612,Insektenschutz-Creme,686
4613,Insektenschutz-Lotion,686
4614,Anti-Hornhautcreme,686
4615,Fußbalsamstick,686
4616,Hautpilz-Creme,686
4617,Hautpilz-Gel,686
4618,Gesichts-Reinigungsöl,687
4619,feuchtes Toilettenpapier,687
4620,Duschschwamm,687
4621,Badesalz,687
4622,Badekugel,687
4623,Duschcreme,687
4624,Badeperlen,687
4625,Duschpflege,687
4626,Gesichts-Reinigungsmaske,687
4627,2-in-1 Gesichtswasser und Peeling,687
4628,Cremebad,687
4629,Duschschaum,687
4630,Badekonfetti,687
4631,Gesichtsreinigungstücher,687
4632,Hautreinigungs-Set,687
4633,Badezusatz,687
4634,Badefarben,687
4635,Gesichtsdampfbad-Zusatz,687
4636,Badepuder,687
4637,Handpeeling,687
4638,Gesichts-Reinigungsfluid,687
4639,Gesichtswasser,687
4640,Gesichtreinigungs-Set,687
4641,Duschmousse,687
4642,Flüssigseife,687
4643,Gesichts-Reinigungscreme,687
4644,Duschgel,687
4645,Fußbad-Zusatz,687
4646,Badeschaum,687
4647,Körperpeeling,687
4648,Gesichtsreinigungstuch,687
4649,Handwaschpaste,687
4650,Gesichts-Reinigungsstick,687
4651,Gesichts-Reinigungsmilch,687
4652,Augen-Make-Up-Korrekturstift,687
4653,Gesichts-Reinigungsspray,687
4654,Duschbad,687
4655,Gesichts-Reinigungsschaum,687
4656,Augen-Make-up-Entferner,687
4657,Badetabletten,687
4658,Gesichts-Reinigungsmousse,687
4659,Gesichtsseife,687
4660,Badekristalle,687
4661,Bademilch,687
4662,Intimreinigungsmittel,687
4663,Pickel-Tupfer,687
4664,Seifen-Set,687
4665,Make-up-Entferner,687
4666,Handseife,687
4667,Badegranulat,687
4668,Gesichtspeeling,687
4669,Gesichts-Reinigungslotion,687
4670,Badetablette,687
4671,Rohseife,687
4672,Lippenpeeling,687
4673,Gesichtsreinigungsgel,687
4674,Fußpeeling,687
4675,Feste Duschseife,687
4676,Wendehaken,688
4677,Stammheber,688
4678,Doppelsaugheber,688
4679,Handpackzange,688
4680,Plattenheber,688
4681,Blocksteinheber,688
4682,Packhaken,688
4683,Verladezange,688
4684,Fällheber,688
4685,Sappie,688
4686,Saugheber,688
4687,Hefter,689
4688,Heftklammer,690
4689,Tackerklammer,690
4690,Heimkinosystem,691
4691,Audio-System,691
4692,Rollentrainer,692
4693,Ergometer,692
4694,Heimtrainer,692
4695,Speedbike,692
4696,Air Bike,692
4697,Liege-Ergometer,692
4698,Mini-Heimtrainer,692
4699,Liege-Heimtrainer,692
4700,Heizmatten,693
4701,Heizdecke,693
4702,Doppel-Wärmebett,693
4703,Wärmeunterbett,693
4704,Wärmecape,694
4705,Sitzheizkissen,694
4706,Heizpad,694
4707,Wärmegürtel,694
4708,Sofaheizkissen,694
4709,Beheizter Schlauchschal,694
4710,Heizkissen,694
4711,Rückenheizkissen,694
4712,Thermotherapiegerät,694
4713,Schulter-/Nacken-Heizkissen,694
4714,Elektrische Wärmflasche,694
4715,Beheizbare Sitzauflage,694
4716,Paneelheizkörper,695
4717,Elektrischer Badheizkörper,695
4718,Designheizkörper,695
4719,Badheizkörper,695
4720,Infrarotheizung,695
4721,Badschnellheizer,695
4722,Heizkörper,695
4723,Elektro-Heizkörper,695
4724,Heizkörperthermostat,696
4725,Fußbodenheizung-Matte,697
4726,Warmwasserfußbodenheizungen,697
4727,Infrarotheizteppich,697
4728,Fußbodenheizung,697
4729,Terrassenstrahler,698
4730,Schuhtrockner,698
4731,Wickeltisch-Heizstrahler,698
4732,Heizgerät,698
4733,Keramikheizlüfter,698
4734,Schnellheizlüfter,698
4735,Heizstrahler,698
4736,Wärmewelle,698
4737,Konvektor,698
4738,Petroleumheizung,698
4739,Ölradiator,698
4740,Heizlüfter,698
4741,Infrarotstrahler,698
4742,Carbonheizlüfter,698
4743,Heizstab,699
4744,Brauchwasserspeicher,700
4745,Wärme-Kombispeicher,700
4746,Wärme-Pufferspeicher,700
4747,Heizwickler,701
4748,Heißklebepistole,702
4749,Heißklebestift,702
4750,Elektro-Grillanzünder,703
4751,Heißluftgebläse,703
4752,Akku-Heißluftgebläse,703
4753,Allroundhelm,704
4754,Wassersporthelm,704
4755,Motorradhelm,704
4756,Skihelm,704
4757,Forsthelm,704
4758,Footballhelm,704
4759,Kinderhelm,704
4760,Baseballhelm,704
4761,Sicherheitshelm,704
4762,Reithelm,704
4763,Schutzhelm,704
4764,Mountainbikehelm,704
4765,Snowboardhelm,704
4766,Skatehelm,704
4767,Fahrradhelm,704
4768,Feuerwehrhelm,704
4769,Motocrosshelm,704
4770,Kletterhelm,704
4771,Feldhockey Torwarthelm,704
4772,Eishockeyhelm,704
4773,BMX-Helm,704
4774,Schweißhelm,704
4775,Kinderfahrradhelm,704
4776,Rennradhelm,704
4777,Bike Cross Helm,704
4778,Taucherhelm,704
4779,Thermohemd,705
4780,Frackhemd,705
4781,Fleecehemd,705
4782,Smokinghemd,705
4783,Streifenhemd,705
4784,Hawaiihemd,705
4785,Kapuzenhemd,705
4786,Pilotenhemd,705
4787,Kurzarmhemd,705
4788,Karohemd,705
4789,Jeanshemd,705
4790,Flanellhemd,705
4791,Leinenhemd,705
4792,Trachtenhemd,705
4793,Outdoorhemd,705
4794,Funktionshemd,705
4795,Langarmhemd,705
4796,Businesshemd,705
4797,Herdblende-/Abdeckplatte,706
4798,Schneide- und Abdeckplatte,706
4799,Herd-Abdeckplatte,706
4800,Backofen-Set,707
4801,Platten-Standherd,707
4802,Elektro-Standherd,707
4803,Induktions-Standherd,707
4804,Induktions Herd-Set,707
4805,Gas-Standherd,707
4806,Gasherd-Set,707
4807,Flex-Induktions-Herd-Set,707
4808,Elektro-Herd-Set,707
4809,Herrendiener,708
4810,Himmelbettgarnitur,709
4811,Hindernismarker,710
4812,Hintergrundsystem,711
4813,Aufhängesystem,711
4814,Elektrohobel,712
4815,Abricht- und Dickenhobelmaschine,712
4816,Akku-Elektrohobel,712
4817,Akku-Falzhobel,712
4818,Elektro-Falzhobel,712
4819,Abrichthobel,712
4820,Dickhobelmaschine,712
4821,Dickenhobel,712
4822,Abrichtdickhobel,712
4823,Hochbett,713
4824,Hochdruckreiniger,714
4825,Niederdruckreiniger,714
4826,Akku-Mitteldruckreiniger,714
4827,Akku-Druckreiniger,714
4828,Akku-Niederdruckreiniger,714
4829,Akku-Hochdruckreiniger,714
4830,Hochdrucklanze,715
4831,Flächenreiniger,715
4832,Hochdruck-Schaumdüse,715
4833,Dreckfräse,715
4834,Hochdruckreiniger-Düse,715
4835,Hochdruckpistole,715
4836,Hochstuhlaufsatz,716
4837,Hochteich,717
4838,Polsterhocker,718
4839,Schlagzeughocker,718
4840,Angelhocker,718
4841,Tritthocker,718
4842,Drehhocker,718
4843,Hockerbank,718
4844,Stauraumhocker,718
4845,Sitzhocker,718
4846,Blumenhocker,718
4847,Badhocker,718
4848,Meditationshocker,718
4849,Hocker,718
4850,Fußhocker,718
4851,Kopfstandhocker,718
4852,Campinghocker,718
4853,Montagehocker,718
4854,Sitzwürfel,718
4855,Arbeitshocker,718
4856,Gartenlounge-Hocker,718
4857,Rollsitz,718
4858,Barhocker,718
4859,Kinderhocker,718
4860,Eishockeyschläger,719
4861,Hallenhockeyschläger,719
4862,Floorballschläger,719
4863,Feldhockeyschläger,719
4864,Feldhockey Torwartschläger,719
4865,Eishockey Torwartschläger,719
4866,Beachhockeyschläger,719
4867,Hohlnadeladapter,720
4868,Hollywoodschaukel,721
4869,Holzdübel,722
4870,Flachdübel,722
4871,Quelldübel,722
4872,Benzinholzspalter,723
4873,Holzspalter,723
4874,Elektroholzspalter,723
4875,Relaxanzug,724
4876,Hausanzug,724
4877,Loungeanzug,724
4878,Capri-Pyjama,724
4879,Umstandspyjama,724
4880,Shorty,724
4881,Pyjama,724
4882,Schlafanzug,724
4883,Hornhautentferner Schleifkappen,725
4884,Ersatzschleifkörper,725
4885,Pediküreaufsatz,725
4886,Peeling-Aufsatz,725
4887,Hornhautentferner Ersatzrolle,725
4888,Hornhautentferner Ersatzschleifscheiben,725
4889,Fußraspel,726
4890,Bimsstein,726
4891,Hornhautfeile,726
4892,Bootcuthose,727
4893,Sweatbermudas,727
4894,Homewearpants,727
4895,Softshellreithose,727
4896,Leggings,727
4897,Umstandsbermudas,727
4898,Umstandsleggings,727
4899,Trainingstights,727
4900,Steghose,727
4901,Arbeitshose,727
4902,Eishockey Torwarthose,727
4903,Arbeitsshorts,727
4904,Hotpants,727
4905,Schlafhose,727
4906,Dancehose,727
4907,Snowboardhose,727
4908,Motorradhose,727
4909,Seamless Shorts,727
4910,Chinos,727
4911,Wellnesshose,727
4912,Bügelfaltenhose,727
4913,Regenlatzhose,727
4914,Webhose,727
4915,7/8-Hose,727
4916,3/4-Sweathose,727
4917,Strandshorts,727
4918,Trachtenlederhose,727
4919,Cordschlupfhose,727
4920,7/8-Jeggings,727
4921,Nickihose,727
4922,Schlaghose,727
4923,Wathose,727
4924,Thermoreithose,727
4925,Cargoshorts,727
4926,Lederhose,727
4927,Funktionstights,727
4928,Trachtenbermudas,727
4929,Fußball Torwarthose,727
4930,Funktionshose,727
4931,Laufshorts,727
4932,Thermohose,727
4933,Caprileggings,727
4934,Plüschhose,727
4935,Trekkingshorts,727
4936,Paperbag-Hose,727
4937,Golfshorts,727
4938,Boardshorts,727
4939,Schnittschutz-Beinlinge,727
4940,Taillenhose,727
4941,Leinenhose,727
4942,Jogginghose,727
4943,Highwaist Leggings,727
4944,Seamless Tights,727
4945,Softshellhose,727
4946,Yogaleggings,727
4947,Arbeitslatzhose,727
4948,Reitleggings,727
4949,Thermoleggings,727
4950,Culotte,727
4951,Trekkinghose,727
4952,7/8-Caprijeans,727
4953,Trainingsshorts,727
4954,Stoffhose,727
4955,Baukastenhose,727
4956,Rocktights,727
4957,Radhose,727
4958,Jerseyhose,727
4959,Röhrenhose,727
4960,7/8-Leggings,727
4961,Frackhose,727
4962,Shorts,727
4963,Regenhose,727
4964,Handball Torwarthose,727
4965,Rockleggings,727
4966,Relax-Caprihose,727
4967,Anzughose,727
4968,Webshorts,727
4969,Strandhose,727
4970,Zip-off-Hose,727
4971,7/8-Strandhose,727
4972,Wirkhose,727
4973,Bermudas,727
4974,Reithose,727
4975,Bundfaltenhose,727
4976,Relaxhose,727
4977,Caprihose,727
4978,Haremshose,727
4979,Stretch-Umstandshose,727
4980,Jogg-Bermudas,727
4981,Bikerhose,727
4982,Radlerhose,727
4983,Cargohose,727
4984,Seamless Caprileggings,727
4985,Cordhose,727
4986,Marlene-Hose,727
4987,Skihose,727
4988,Umstandscargohose,727
4989,Pumphose,727
4990,Treggings,727
4991,Schlupfchinohose,727
4992,Shapingleggings,727
4993,Zip-away-Hose,727
4994,Palazzohose,727
4995,Cargobermudas,727
4996,Funktionsshorts,727
4997,2-in-1-Shorts,727
4998,Longbermudas,727
4999,Relaxshorts,727
5000,Chinoshorts,727
5001,Pyjamashorts,727
5002,Chinohose,727
5003,Lauftights,727
5004,Sporthose,727
5005,Schneelatzhose,727
5006,Jazzpants,727
5007,Sweatleggings,727
5008,Torwarthose,727
5009,Loungehose,727
5010,Sweatpants,727
5011,Samthose,727
5012,Schneehose,727
5013,5-Pocket-Hose,727
5014,Sweathose,727
5015,Umstandsshorts,727
5016,Arbeitsbundhose,727
5017,Skaterbermudas,727
5018,Umstandssweathose,727
5019,Golfhose,727
5020,Jodhpur-Reithose,727
5021,Funktionsleggings,727
5022,Trainingshose,727
5023,Boyfriend-Hose,727
5024,Lederimitathose,727
5025,Fahrradhose,727
5026,Jeggings,727
5027,Regen- und Matschlatzhose,727
5028,Schlafshorts,727
5029,Regen- und Matschhose,727
5030,3/4-Hose,727
5031,Strickhose,727
5032,Outdoorhose,727
5033,2-in-1-Hose,727
5034,Strandcapri,727
5035,Sweatshorts,727
5036,Reiterhose,727
5037,Yogahose,727
5038,Haremshose/Jodhpur-Hose,727
5039,Umstandsharemshose,727
5040,Yogashorts,727
5041,Feldhockey Torwarthose,727
5042,Seamless Leggings,727
5043,Stretch-Hose,727
5044,Homewearhose,727
5045,Latzhose,727
5046,Bauchweg-Leggings,727
5047,Tennisshort,727
5048,Dehnbund-Hose,727
5049,Fleecehose,727
5050,Laufhose,727
5051,Seamless Capritights,727
5052,Umstandshose,727
5053,Schlupfhose,727
5054,Trachtenhose,727
5055,3/4-Leggings,727
5056,Yogatights,727
5057,Leichtathletik-Hose,727
5058,5/6-Hose,727
5059,Smokinghose,727
5060,Pyjamahose,727
5061,Loungepants,727
5062,Strickleggings,727
5063,Jogger Pants,727
5064,Hosenhalter,728
5065,Hosenkette,729
5066,Hosenträger,730
5067,Hotdog-Maker,731
5068,Materialheber,732
5069,Hydraulikheber,732
5070,Hubwagen,732
5071,Hochhubwagen,732
5072,Gabelhubwagen,732
5073,Scherenhubtischwagen,732
5074,Nagelreiniger,733
5075,Hufstäbchen,733
5076,Nagelhautschieber,733
5077,Nagelhautstäbchen,733
5078,Humidor,734
5079,Relaxsesselhusse,735
5080,Sofahusse,735
5081,Stuhlhusse,735
5082,Sesselhusse,735
5083,Sitzflächenhusse,735
5084,Bürostuhlhusse,735
5085,Ecksofahusse,735
5086,Stehtischhusse,735
5087,Betthusse,735
5088,Hussen-Set,735
5089,Sofabezug,735
5090,Stuhlbezug,735
5091,Waschmaschinenbezug,735
5092,Bierbankhusse,735
5093,Biertischhusse,735
5094,Bierzeltgarnitur-Hussen,735
5095,Hutablage,736
5096,Hydraulikleitung,737
5097,Bremsleitung,737
5098,Binden,738
5099,Inkontinenz-Einlage,738
5100,Menstruationsschwamm,738
5101,Tampons,738
5102,Menstruationstasse,738
5103,Inkontinenz-Pants,738
5104,Achselpads,738
5105,BH-Stilleinlagen,738
5106,Slip-Einlage,738
5107,Wattestäbchen,738
5108,Häcksler,739
5109,Messerhäcksler,739
5110,Leisehäcksler,739
5111,Gummihammer,740
5112,Plattenverlegehammer,740
5113,Klauenhammer,740
5114,Holzhammer,740
5115,Hammer,740
5116,Vorschlaghammer,740
5117,Ausbeul-Riffelhammer,740
5118,Latthammer,740
5119,Campinghammer,740
5120,Händetrockner,741
5121,Hängestuhl,742
5122,Hängematte,742
5123,Stabhängematte,742
5124,Hängehöhle,742
5125,Hängemattengestell,743
5126,Hängeregistraturkorb,744
5127,Hörverstärker,745
5128,Im-Ohr-Hörgerät,745
5129,Hinter-dem-Ohr-Hörgerät,745
5130,digitales Stethoskop,745
5131,Stethoskop,745
5132,Hörspielkassette,746
5133,Hörspielfigur,746
5134,Hörspiel-CD,746
5135,Hörspiel,746
5136,Audiochip,746
5137,Hörbuch,746
5138,Musik-CD,746
5139,Schallplatte,746
5140,Akku-Schutzhülle,747
5141,Tablet-Hülle,747
5142,Golfschlägerhaube,747
5143,Controller-Schutzhülle,747
5144,Druckerstaubschutzhülle,747
5145,Kofferhülle,747
5146,Motor-Schutzhülle,747
5147,Handyhülle,747
5148,Smartphone-Hülle,747
5149,Balance Scooter Schutzhülle,747
5150,Lenker-Schutzhülle,747
5151,Tablet-Mappe,747
5152,Festplattenhülle,747
5153,Stifthülle,747
5154,Foto-Hülle,747
5155,LP-Schutzhülle,747
5156,Kamera-Hülle,747
5157,Wäschespinne-Schutzhülle,747
5158,E-Reader-Hülle,747
5159,Schutz-Set,747
5160,Case zum Umhängen,747
5161,Flip Case,747
5162,Bumper,747
5163,Konsolen-Tasche,747
5164,Controller-Schutzkappe,747
5165,CD-Hülle,747
5166,Slide Sleeve,747
5167,Handykette,747
5168,MP3-Player-Schutzhülle,747
5169,Lautsprecher-Hülle,747
5170,Etui,747
5171,Plattenspieler-Schutzhülle,747
5172,Laptop-Hülle,747
5173,Gasflaschen-Schutzhülle,747
5174,Backcover,747
5175,Smartwatch-Hülle,747
5176,Controller Caps,747
5177,Kopfhörer-Schutzhülle,747
5178,Rasierer-Etui,747
5179,Koffer-Hülle,747
5180,Mutterpass-Hülle,747
5181,DVD-Hülle,747
5182,Smartphone-Mappe,747
5183,Schuhbeutel,747
5184,Konsolen-Cover,747
5185,Grillabdeckhaube,747
5186,Trafoabdeckung,747
5187,Abdeckhaube,747
5188,Kamera-Rainsleeve,747
5189,E-Reader-Mappe,747
5190,Faltbett-Schutzhülle,747
5191,Fahrradhelmüberzug,747
5192,View Cover,747
5193,Schlägerhülle,747
5194,Sleeve,747
5195,VR Brillen Hülle,747
5196,Nintendo-Schutzhülle,747
5197,Bogenhülle,747
5198,Controller-Präzisionsring,747
5199,Handy-Ersatz Rückabdeckung,747
5200,Gips-und Verbandschutz,747
5201,Mikrofon-Windschutz,747
5202,Fahrzeugscheinhülle,747
5203,Geräte-Schutzhülle,747
5204,Whirlpool-Abdeckung,747
5205,Kamera-Schwimmgehäuse,747
5206,Powerbank-Hülle,747
5207,Buch-Hülle,747
5208,Bildschirmhülle,747
5209,TV-Abdeckung,747
5210,Hüpfburg,748
5211,Hüpftier,749
5212,Türhopser,749
5213,Hüpfball,749
5214,Hüpfspielzeug,749
5215,Hürde,750
5216,Hochsprunglatte,750
5217,Wendehut,751
5218,Fedora,751
5219,Trachtenhut,751
5220,Filzhut,751
5221,Fischerhut,751
5222,Sonnenhut,751
5223,Schlapphut,751
5224,Strohhut,751
5225,Regenhut,751
5226,Melonenhut,751
5227,Outdoorhut,751
5228,Zylinder,751
5229,Trilby,751
5230,Cowboyhut,751
5231,Rollhut,751
5232,HPL-Haarentferner,752
5233,Haarentfernungsgerät,752
5234,IPL-Haarentferner,752
5235,IPL Ersatz-Lampeneinsatz,753
5236,Induktionsheizgerät,754
5237,Inhalationsgerät Zubehör,755
5238,Inhalationsgerät,756
5239,Mini-Inhalator,757
5240,Inhalator,757
5241,Atemtrainer,757
5242,Braunüle,758
5243,Dosiernadel,758
5244,Injektionsnadel,758
5245,Inlineskates,759
5246,Rollschuhe,759
5247,Gleitschuh,759
5248,Schlittschuhe,759
5249,Insektenhotel,760
5250,Insektenschutz-Schiebetür,761
5251,Pollenschutzgitter,761
5252,Nagerschutz-Fenster,761
5253,Insektenschutz-Fensterrahmen,761
5254,Lichtschachtabdeckung,761
5255,Fliegengitter-Gewebe,761
5256,Insektenschutz-Vorhang,761
5257,Insektenschutz-Tür,761
5258,Thermomatte,762
5259,Trekkingmatte,762
5260,Isomatte,762
5261,Hardshelljacke,763
5262,Motorradjacke,763
5263,Cape,763
5264,Fellimitatjacke,763
5265,Bikerjacke,763
5266,Hemdjacke,763
5267,Steppjacke,763
5268,Reitjacke,763
5269,Nickijacke,763
5270,Yoga-Wickeljacke,763
5271,Kurzjacke,763
5272,Blouson,763
5273,Fahrradjacke,763
5274,Trekkingjacke,763
5275,Langjacke,763
5276,Umstandsfleecejacke,763
5277,Trainingsjacke,763
5278,Funktionsparka,763
5279,Kapuzennickijacke,763
5280,Blusenjacke,763
5281,Doppeljacke,763
5282,Wendejacke,763
5283,Regenjacke,763
5284,Parka,763
5285,Umstandsjacke,763
5286,Regenponcho,763
5287,Plüschjacke,763
5288,Laufjacke,763
5289,Strickfleecejacke,763
5290,Segeljacke,763
5291,Snowboardjacke,763
5292,Watjacke,763
5293,Bomberjacke,763
5294,Kochjacke,763
5295,Sommerjacke,763
5296,Bouclèjacke,763
5297,Lederjacke,763
5298,Jeansjacke,763
5299,Kapuzenplüschjacke,763
5300,Military-Jacket,763
5301,Collegejacke,763
5302,Funktionsjacke,763
5303,Hybridjacke,763
5304,Seamless-Jacke,763
5305,Winterjacke,763
5306,Lederimitatjacke,763
5307,Trachtenjanker,763
5308,Cabanjacke,763
5309,Outdoorjacke,763
5310,Softshelljacke,763
5311,Walkjacke,763
5312,Pilotenjacke,763
5313,Arbeitsjacke,763
5314,Daunenjacke,763
5315,Canvasjacke,763
5316,Wolljacke,763
5317,Poncho,763
5318,Bolerojacke,763
5319,Fleecejacke,763
5320,3-in-1-Funktionsparka,763
5321,Kapuzenfleecejacke,763
5322,Tourenjacke,763
5323,Stadionjacke,763
5324,Trachtenjacke,763
5325,Tennisjacke,763
5326,Cargojacke,763
5327,Military-Jacke,763
5328,Leichtdaunenjacke,763
5329,Regen- und Matschjacke,763
5330,Anorak,763
5331,Fieldjacket,763
5332,Skijacke,763
5333,Neoprenjacke,763
5334,Schneejacke,763
5335,Fleeceponcho,763
5336,Cordjacke,763
5337,3-in-1-Funktionsjacke,763
5338,Softshellparka,763
5339,Allwetterjacke,763
5340,Windbreaker,763
5341,Lamellenvorhang,764
5342,Jalousie,764
5343,Lamellenvorhang nach Maß,764
5344,Jalousie nach Maß,764
5345,Skinny-fit-Jeans,765
5346,Jeanshotpants,765
5347,Ankle-Jeans,765
5348,Straight-Jeans,765
5349,Girlfriend-Jeans,765
5350,Umstandsjeans,765
5351,Cargojeans,765
5352,Regular-fit-Jeans,765
5353,Low-rise-Jeans,765
5354,Jeansjeggings,765
5355,High-waist-Jeans,765
5356,Push-up-Jeans,765
5357,Boyfriend-Jeans,765
5358,Schlupfjeans,765
5359,Bequeme Jeans,765
5360,Destroyed-Jeans,765
5361,Taillenjeans,765
5362,Jeansshorts,765
5363,5-Pocket-Jeans,765
5364,Gerade Jeans,765
5365,Weite Jeans,765
5366,Schlagjeans,765
5367,Trachtenjeans,765
5368,7/8-Jeans,765
5369,Slouchy Jeans,765
5370,Mom-Jeans,765
5371,3/4-Jeans,765
5372,Slim-fit-Jeans,765
5373,Sweatjeans,765
5374,Dehnbund-Jeans,765
5375,Jogg-Jeansbermudas,765
5376,Jogg Pants,765
5377,Comfort-fit-Jeans,765
5378,Stretch-Jeans,765
5379,Tapered-fit-Jeans,765
5380,Bootcut-Jeans,765
5381,Jeanslatzhose,765
5382,Bikerjeans,765
5383,Haremsjeans,765
5384,Jeansleggings,765
5385,Röhrenjeans,765
5386,Jeansbermudas,765
5387,Relax-fit-Jeans,765
5388,Sweatjeansbermudas,765
5389,Caprijeans,765
5390,Loose-fit-Jeans,765
5391,Thermojeans,765
5392,Dad-Jeans,765
5393,Workerjeans,765
5394,Latzjeans,765
5395,Joghurtbereiter,766
5396,Motorradanhänger,767
5397,Pferdeanhänger,767
5398,PKW-Anhänger,767
5399,Anhänger,767
5400,Rasentraktoranhänger,767
5401,Streuanhänger,767
5402,OBD2-Diagnosegerät,768
5403,Kfz-Diagnosegerät,768
5404,Zündlichtpistole,768
5405,Fahrzeugwaage,769
5406,Stützlastwaage,769
5407,Umstandstop & Umstandsleggings,770
5408,"Shirt, Hose & Jäckchen",770
5409,Starterpaket,770
5410,T-Shirt & Langarmshirt,770
5411,Umstandswickeljacke & Umstandshose,770
5412,Umstands-Set,770
5413,"Shirt, Leggings & Haarband",770
5414,Langarmshirt & Hose,770
5415,Hemd & Hose,770
5416,T-Shirt & Kleid,770
5417,Pullover & Shorts,770
5418,Top & Leggings,770
5419,"Kleid, Leggings & Haarband",770
5420,"Shirt, Rock & Haarband",770
5421,Top & Rock,770
5422,Top & Hose,770
5423,Tunika & Leggings,770
5424,Leggings & Radlerhose,770
5425,Kleid & Haarband,770
5426,Hose & Shorts,770
5427,"Weste, Hemd & Shorts",770
5428,Body & Shorts,770
5429,Frühchenpaket,770
5430,Tunika & Radlerhose,770
5431,Rock & Leggings,770
5432,Body & Leggings,770
5433,Hemd & Shirt,770
5434,Mütze & Schal,770
5435,"Shirt, Hose, Jacke & Mütze",770
5436,"Sakko, Hemd & Shorts",770
5437,Body & Hose,770
5438,Umstandstop & Umstandsshirtjacke,770
5439,Kleid & Leggings,770
5440,"Umstandstop, Umstandshose & Umstandsjacke",770
5441,Shirt & Rock,770
5442,"Strampler, Jäckchen & Mütze",770
5443,Top & Bermudas,770
5444,"T-Shirt, Langarmshirt, Shorts & Kopftuch",770
5445,Weste & Top,770
5446,"Weste, Hemd & Krawatte/Fliege",770
5447,"Shirt, Leggings, Jäckchen & Mütze",770
5448,Top & Sweatbermudas,770
5449,"Shirt, Strampler, Jäckchen, Mütze & Schühchen",770
5450,Kleid & Hose,770
5451,"Kleid, Hose & Kopftuch",770
5452,Weste & Hemd,770
5453,Nicki-Set,770
5454,Kleid & Schal,770
5455,Top & Shorts,770
5456,Bluse & Shorts,770
5457,"Shirt, Rock & Leggings",770
5458,Top & Langarmshirt,770
5459,"Bolero, Kleid & Leggings",770
5460,Erstausstattungspaket,770
5461,Shirt & Hose,770
5462,Neugeborenen-Geschenkset,770
5463,Shirt & Leggings,770
5464,T-Shirt & Bermudas,770
5465,Shirt & Shorts,770
5466,Longshirt & Leggings,770
5467,T-Shirt & Shorts,770
5468,T-Shirt & Sweatbermudas,770
5469,Langarmshirt & Leggings,770
5470,Batteriekabel,771
5471,USB-Kabel,771
5472,Thunderbolt-Kabel,771
5473,Glasfaserkabel,771
5474,Telefonkabel,771
5475,Begrenzungskabel,771
5476,Modulkabel,771
5477,Computer-Kabel,771
5478,Autoladekabel,771
5479,Starthilfekabel,771
5480,Notebook-Kabel,771
5481,Spielkonsolenzubehörkabel,771
5482,Stromkabel,771
5483,Instrumentenkabel,771
5484,Gaming-Controllerkabel,771
5485,magnetisches Ladekabel,771
5486,Fußbodenheizung-Kabel,771
5487,Elektro-Kabel,771
5488,SAT-Kabel,771
5489,Starkstromkabel,771
5490,Optisches-Kabel,771
5491,Audio- & Video-Kabel,771
5492,Installationskabel,771
5493,Lampen-Verbindungskabel,771
5494,Video-Kabel,771
5495,Synchron-Kabel,771
5496,Lightningkabel,771
5497,TV-Kabel,771
5498,Audio-Kabel,771
5499,HDMI-Kabel,771
5500,Tablet-Kabel,771
5501,Elektroherd-Zuleitung,771
5502,Spiral-Verbindungskabel,771
5503,Batterie-Verbindungskabel,771
5504,Laptop-Kabel,771
5505,Fahrzeugleitung,771
5506,Rohrbegleitheizung,771
5507,Verlängerungskabel,771
5508,Navigations-Kabel,771
5509,LAN-Kabel,771
5510,Blitz-Kabel,771
5511,Smart Home-Verbindungskabel,771
5512,Konverterkabel,771
5513,Netzkabel,771
5514,Smartphone-Kabel,771
5515,Silikonkabel,771
5516,Solarkabel,771
5517,Netzwerkkabel,771
5518,Erdkabel,771
5519,Grafikkarten-Kabel,771
5520,Smartwatch-Ladekabel,771
5521,Pflanzenheizung,771
5522,Kabelbinder,772
5523,Kabelkanal,773
5524,Geflechtschlauch,773
5525,Kabelführung,773
5526,Aderendhülsen,774
5527,Verbindungsklemme,774
5528,Flachsteckzunge,774
5529,Gel-Verbindungsmuffe,774
5530,Verbindungsmuffe,774
5531,Rundsteckhülse,774
5532,Verbindungsdosenklemme,774
5533,Kabeldurchfuhr,774
5534,Rundstecker,774
5535,Ringkabelschuh,774
5536,Lüsterklemme,774
5537,Flachsteckhülse,774
5538,Koax-Kabelverbinder,774
5539,Linearverbinder,774
5540,Stoßverbinder,774
5541,Wärmeschrumpfflachsteckhülse,774
5542,Kabelverbinder-Sortiment,774
5543,Lötkabelschuh,774
5544,Leuchtenklemme,774
5545,Wärmeschrumpfschlauch,774
5546,Flachsteckhülsen,774
5547,Krokodilklemme,774
5548,Handfilter,775
5549,Permanentfilter,775
5550,Wiederbefüllbare Kaffeepads,775
5551,Papierfilter,775
5552,Wiederbefüllbare Espresso-Kapsel,775
5553,Korbfilter,775
5554,Siebträger,775
5555,Siphon-Kaffeebrüher,776
5556,Siebträgermaschine,776
5557,French Press Kanne,776
5558,Druckbrüh-Kaffeemaschine,776
5559,Kapsel-/Kaffeepadmaschine,776
5560,Cold Brew Zubereiter,776
5561,Kaffeebereiter,776
5562,Stempelkanne,776
5563,Soft Brew Zubereiter,776
5564,Espressomaschine,776
5565,Siebträger-/Filterkaffeemaschine,776
5566,Espressokocher,776
5567,Kaffeepadmaschine,776
5568,Kapselmaschine,776
5569,Reisekaffeemaschine,776
5570,Perkolator,776
5571,Multigetränkeautomat,776
5572,Kaffeemaschine mit Mahlwerk,776
5573,Mokkamaschine,776
5574,Kaffee- /Teestation,776
5575,Filterkaffeemaschine,776
5576,Kaffeemühle,777
5577,Kaffeevollautomat,778
5578,Einbau-Kaffeevollautomat,778
5579,Kaffeehalbautomat,778
5580,Jahresplaner,779
5581,Lehrerkalender,779
5582,Lesezeichenkalender,779
5583,Countdown Kalender,779
5584,Schülerkalender,779
5585,Partnerkalender,779
5586,Kalender zum Selbstbasteln,779
5587,Familienkalender,779
5588,Taschenkalender,779
5589,Monatskalender,779
5590,Panoramakalender,779
5591,Tierkalender,779
5592,Buchkalender,779
5593,Landschaftskalender,779
5594,Plakatkalender,779
5595,Länderkalender,779
5596,Abreißkalender,779
5597,Schreibtischkalender,779
5598,Terminplaner,779
5599,Naturkalender,779
5600,Städtekalender,779
5601,Posterkalender,779
5602,Ringbuchkalender,779
5603,ewige Kalender,779
5604,Wandkalender,779
5605,Urlaubsplaner,779
5606,Tischkalender,779
5607,Kunstkalender,779
5608,Querkalender,779
5609,Terminkalender,779
5610,Geburtstagskalender,779
5611,Bastelkalender,779
5612,Kamera-GPS-Empfänger,780
5613,Spielekonsolen-Zubehörset,781
5614,Kamerazubehör-Set,781
5615,Kaminholzregal,782
5616,Kaminholzregal-Erweiterung,782
5617,Kaminofen-Erweiterungssegmet,783
5618,Kaminofen-Differenzregler,784
5619,Abbrandsteuerung,784
5620,Pelletofen,785
5621,Pelletkessel,785
5622,Gussofen,785
5623,Kaminofen,785
5624,Werkstattofen,785
5625,Festbrennstoffherd,785
5626,Kamineinsätze,785
5627,Stubenofen,785
5628,Speicherofen,785
5629,Kaminbausätze,785
5630,Holzschwert,786
5631,Sahnekännchen,787
5632,Wasserkanne,787
5633,Milchkanne,787
5634,Wasseraufbereiter,787
5635,Kaffeekanne,787
5636,Ölkanne,787
5637,Kanne,787
5638,Teekanne,787
5639,Milchkännchen,787
5640,Pump-Isolierkanne,787
5641,Isolierkanne,787
5642,Caydanlik-Teekanne,787
5643,Kantenanleimgerät,788
5644,Kantenschleifer,789
5645,Kapselgehörschutz,790
5646,Kapselhalter,791
5647,Kapselspender,791
5648,Karabiner,792
5649,Duo Lock Snap,792
5650,Coast Lock Snap,792
5651,Cross Lock Snap,792
5652,Snagless Snap,792
5653,Expresse,792
5654,Ölkaraffe,793
5655,Karaffe,793
5656,Dekanter,793
5657,Wasserkrug,793
5658,Wassersprudler Flasche,793
5659,Wasserkaraffe,793
5660,Tischkartenhalter,794
5661,Versandkarton,795
5662,Umzugskarton,795
5663,Karton,795
5664,Skelettpistole,796
5665,Druckluft-Kartuschenpistole,796
5666,Akku-Kartuschenpistole,796
5667,Kartuschenpistole,796
5668,Akku-Fettpresse,796
5669,Druckluft-Fettpresse,796
5670,Handhebel-Fettpresse,796
5671,Bolus-Eingeber,796
5672,Kassensystem,797
5673,POS-System,797
5674,Registrierkasse,797
5675,Badmöbel-Set,798
5676,Badezimmer-Set,798
5677,Schrank-Set,798
5678,Mehrzweckschrank-Set,798
5679,Bar-Set,798
5680,Wohnwand,798
5681,Regal-Set,798
5682,Waschtisch-Set,798
5683,TV-Wand,798
5684,Wohnzimmer-Set,798
5685,Esszimmer-Set,798
5686,Garderoben-Set,798
5687,Kaufladensortiment,799
5688,Spiellebensmittel,799
5689,Kaufladen,800
5690,Kausche,801
5691,Kauspielzeug,802
5692,Zerrspielzeug,802
5693,Zahnpflege-Spielzeug,802
5694,Kauring,802
5695,Kauball,802
5696,Keder,803
5697,Laubsammler,804
5698,Handkehrmaschine,804
5699,Parkschwelle,805
5700,Nivellierkeil,805
5701,Sicherheitskeil,805
5702,Montagekeil,805
5703,Rastkeil,805
5704,Fällkeil,805
5705,Verlegekeil,805
5706,Schlagkeil,805
5707,Drehspaltkeil,805
5708,Keilrahmen,806
5709,Outdoorkerze,807
5710,Adventskerze,807
5711,Kugelkerze,807
5712,Geburtstagskerze,807
5713,Teelicht,807
5714,Formkerze,807
5715,Schwimmkerze,807
5716,Stumpenkerze,807
5717,LED-Kerze,807
5718,Duftkerze,807
5719,Tafelkerze,807
5720,Spitzkerze,807
5721,Grabkerze,807
5722,Rustic-Kerze,807
5723,Bienenwachskerze,807
5724,Bienenwachsplatten,807
5725,Tischkerzenhalter,808
5726,Kerzentablett,808
5727,Standkerzenhalter,808
5728,Kerzentülle,808
5729,Windlicht,808
5730,Kerzenhalter für Gardinenstangen,808
5731,Hängewindlicht,808
5732,Wandkerzenhalter,808
5733,Wandblaker,808
5734,Flaschenkerzenhalter,808
5735,Kandelaber,808
5736,Kerzenlaterne,808
5737,Adventsleuchter,808
5738,Kerzenleuchter,808
5739,Teelichthalter,808
5740,Leuchterleiste,808
5741,Kerzenständer,808
5742,LED-Leuchte,808
5743,Kerzenhalter,808
5744,Fackelständer,808
5745,Bodenwindlicht,808
5746,Angelkescher,809
5747,Kescher,809
5748,Keschernetz,809
5749,Kettennieter,810
5750,Benzin-Kettensäge,811
5751,Akku-Kettensäge,811
5752,Elektro-Kettensäge,811
5753,Führungsschiene,812
5754,Kettenumwerfer,813
5755,Mini-Tischkicker,814
5756,Multifunktionstisch,814
5757,Tischfußballspiel,814
5758,Kickertisch,814
5759,Spiel-Einkaufswagen,815
5760,Hochstuhl-Gurt,816
5761,Kinder-Sicherheitsgurt,816
5762,Beistellbett Befestigung,816
5763,Kinder-Sitzauflage,817
5764,Kinderwagen-Sitzauflage,817
5765,Kinderwagen-Bezug,817
5766,Sitzverkleinerer,817
5767,Kindercomputer,818
5768,Lerntablet,818
5769,Kindersicherung,819
5770,Fahrradkindersitzhalter,820
5771,Maxi-Cosi Adapter,820
5772,Adapter für Kinderwagen,820
5773,Isofix Basis,820
5774,Adapter für Autositz,820
5775,Adapter für Kinder-Hochstuhl,820
5776,Kindersitzbezug,821
5777,Babyschale,822
5778,Fahrradkindersitz,822
5779,Autokindersitz,822
5780,Kindersitzerhöhung,822
5781,Drillingswagen,823
5782,Zwillingswagen,823
5783,Sport-Kinderwagen,823
5784,Dreirad-Kinderwagen,823
5785,Geschwisterwagen,823
5786,Kombi-Kinderwagen,823
5787,Jogger-Kinderwagen,823
5788,Kinder-Buggy,823
5789,Sportbuggy,823
5790,Zwillingsbuggy,823
5791,Hundebuggy,823
5792,Zwillings-Kombikinderwagen,823
5793,Kinderwagen-Adapter,824
5794,Babywanne,825
5795,Kinderwagenaufsatz,825
5796,Kinderwagen-Handwärmer,826
5797,Pranayama-Kissen,827
5798,Ballsitzkissen,827
5799,Yogakissen,827
5800,Meditationskissen,827
5801,Yoga Bolster,827
5802,Yogarolle,827
5803,Halbmond-Kissen,827
5804,Balancekissen,827
5805,Zen-Kissen,827
5806,Augenkissen,827
5807,Babykissen,827
5808,Anti-Schnarch Kissen,827
5809,Yoga-Sandsack,827
5810,Zenrolle,827
5811,Lagerungskissen,827
5812,Yogapolster,827
5813,Stuhlkissen,827
5814,Palettenkissen,827
5815,Fellkissen,827
5816,Bodenkissen,827
5817,Sitzkissen,827
5818,Dekokissen,827
5819,Buchstabenkissen,827
5820,Seitenschläferkissenbezug,828
5821,Kissenbezüge,828
5822,Kissenbezug,828
5823,Kissenhülle,828
5824,Kissenhüllen,828
5825,Stillkissenbezüge,828
5826,Nackenrollenbezug,828
5827,Stillkissenbezug,828
5828,Bezug-Toilettensitzerhöhung,828
5829,Kissenfüllung,829
5830,EPS-Perlen,829
5831,Kite-Blase,830
5832,Kite-Releasesystem,831
5833,Quick Release,831
5834,Kite-Bar,832
5835,Isolierband,833
5836,Klett-Klebepad,833
5837,Dampfsperrklebeband,833
5838,Klett-Klebeband,833
5839,Dichtband,833
5840,Klebepad,833
5841,Abschlussband,833
5842,Klebeband,833
5843,Verlegeband,833
5844,Doppelklebeband,833
5845,Fixierpflaster,833
5846,Kreppband,833
5847,Kinesiologie-Tape,833
5848,Griffband,833
5849,Klebestreifen,833
5850,Grip-Tape,833
5851,Paket-Klebeband,833
5852,Warnklebebänder,833
5853,Augenlid-Tape,833
5854,Brust-Tape,833
5855,Finger-Tape,833
5856,Styling-Tape,833
5857,Lenkerband,833
5858,Bastelkleber,834
5859,Parkettkleber,834
5860,Tapetenkleber,834
5861,Schraubensicherung,834
5862,Klebstoff,834
5863,Puzzlekleber,834
5864,Gewindedichtung,834
5865,Dispersionskleber,834
5866,Kleister,834
5867,PVC-Kleber,834
5868,Folienkleber,834
5869,Klebesticks,834
5870,2-Komponentenkleber,834
5871,Montagekleber,834
5872,Klebestift,834
5873,Mörtel,834
5874,Wimpernkleber,834
5875,Textilkleber,834
5876,Sprühkleber,834
5877,Sekundenkleber,834
5878,Latzkleid,835
5879,Samtkleid,835
5880,O-Linien-Kleid,835
5881,Sweatkleid,835
5882,Cocktailkleid,835
5883,Tüllkleid,835
5884,Maxikleid,835
5885,2-in-1-Kleid,835
5886,Hemdblusenkleid,835
5887,Corsagenkleid,835
5888,Wickelkleid,835
5889,Skaterkleid,835
5890,Chiffonkleid,835
5891,Vokuhila-Kleid,835
5892,Tunikakleid,835
5893,Umstandsnachthemd,835
5894,Bustierkleid,835
5895,Karokleid,835
5896,Unterkleid,835
5897,Sleepshirt,835
5898,Dirndl,835
5899,Etuikleid,835
5900,Stillkleid,835
5901,Taufkleid,835
5902,Trägerkleid,835
5903,Midikleid,835
5904,Minikleid,835
5905,Netzkleid,835
5906,Trachtenkleid,835
5907,Abendkleid,835
5908,Nachthemd,835
5909,Bleistiftkleid,835
5910,Polokleid,835
5911,Plisseekleid,835
5912,Ballonkleid,835
5913,Scubakleid,835
5914,Strandkleid,835
5915,Smokkleid,835
5916,Strickkleid,835
5917,Jeanskleid,835
5918,One-Shoulder-Kleid,835
5919,Meshkleid,835
5920,Spitzenkleid,835
5921,Off-Shoulder-Kleid,835
5922,Shirtkleid,835
5923,Jerseykleid,835
5924,Partykleid,835
5925,Lederkleid,835
5926,Tenniskleid,835
5927,Paillettenkleid,835
5928,Blusenkleid,835
5929,Druckkleid,835
5930,Cordkleid,835
5931,Babydollkleid,835
5932,Bodykleid,835
5933,Sommerkleid,835
5934,Bandeaukleid,835
5935,Zipfelkleid,835
5936,Satinkleid,835
5937,Petticoat-Kleid,835
5938,Volantkleid,835
5939,Umstandskleid,835
5940,Neckholderkleid,835
5941,Negligé,835
5942,Brautkleid,835
5943,A-Linien-Kleid,835
5944,Shaping-Kleid,835
5945,Spaghettikleid,835
5946,Autokleiderbügel,836
5947,Rockbügel,836
5948,Gürtelbügel,836
5949,Kleiderbügel,836
5950,Mehrfach-Kleiderbügel,836
5951,Trockentauchanzug-Bügel,836
5952,Kleiderstange,837
5953,Kleiderschutzhülle,838
5954,Kleidersack,838
5955,Schlauchboot,839
5956,Wildwasserkajak,839
5957,Seekajak,839
5958,Tender,839
5959,Tretboot,839
5960,Tandemkajak,839
5961,Angelboot,839
5962,Dinghi,839
5963,Motorboot,839
5964,Jolle,839
5965,Beiboot,839
5966,Elektroboot,839
5967,Kanadier,839
5968,Ruderboot,839
5969,Einerkajak,839
5970,Schaluppe,839
5971,Rennkajak,839
5972,Faltboot,839
5973,Segelboot,839
5974,Tourenkajak,839
5975,Kanu,839
5976,Sit-on-Top Kajak,839
5977,Zweierkajak,839
5978,Schlüsseltasche,840
5979,Bügelbörse,840
5980,Mini Geldbörse,840
5981,Brustbeutel,840
5982,Kartenetui,840
5983,Geldbörse,840
5984,Brieftasche,840
5985,Kellnerbörse,840
5986,Tabakbeutel,840
5987,Smart-Wallet,840
5988,Kleintierklettergerüst,841
5989,Vogelspielplatz,841
5990,Kleintierhaus,841
5991,Kleistergerät,842
5992,Kletterwand,843
5993,Turnreck,843
5994,Sprossenwand,843
5995,Klettergerüst,843
5996,Klicker,844
5997,Target-Stick mit Klicker,844
5998,Luftkühler,845
5999,Klimagerät,845
6000,Split-Klimagerät,845
6001,4-in-1-Klimagerät,845
6002,3-in-1-Klimagerät,845
6003,Kältemittel,846
6004,Luftentfeuchter-Nachfüllpack,846
6005,Raumentfeuchter-Nachfüllpack,846
6006,Auto-Entfeuchter,846
6007,Trocknungskapseln,846
6008,Trockenmittelbeutel,846
6009,Klimmzugstange,847
6010,Kletter-Trainingsgerät,847
6011,Türreck,847
6012,Knete,848
6013,Knetform-Set,848
6014,Knetsand,848
6015,Intelligente Knete,848
6016,Therapieknete,848
6017,Modelliermasse,848
6018,Knicklicht,849
6019,Kniebank,850
6020,Kniekissen,851
6021,Garten-Kniekissen,851
6022,Jeansknopf,852
6023,Druckknopf,852
6024,Knopf,852
6025,Kochbesteck-Set,853
6026,Salatbesteck,853
6027,Kochfeld mit Dunstabzug,854
6028,Elektro-Kochfeld,854
6029,Induktions-Kochfeld,854
6030,Flex-Induktions-Kochfeld,854
6031,Masse-Kochfeld,854
6032,Gas-Kochfeld,854
6033,Woklöffel,855
6034,Blanchierlöffel,855
6035,Seihlöffel,855
6036,Suppenkelle,855
6037,Kugelausstecher,855
6038,Soßenlöffel,855
6039,Eisportionierer,855
6040,Reislöffel,855
6041,Schaumlöffel,855
6042,Gießlöffel,855
6043,Frittierlöffel,855
6044,Schöpflöffel,855
6045,Kochlöffel,855
6046,Servierlöffel,855
6047,Nudellöffel,855
6048,Obstmesser,856
6049,Steakkochmesser,856
6050,Universalküchenmesser,856
6051,Lachsmesser,856
6052,Hackmesser,856
6053,Gemüsemesser,856
6054,Asiamesser,856
6055,Fleischmesser,856
6056,Schinkenmesser,856
6057,Brotmesser,856
6058,Vorlegebesteck,856
6059,Tortenmesser,856
6060,Tranchierbesteck,856
6061,Käsemesser,856
6062,Tranchiermesser,856
6063,Allzweckmesser,856
6064,Brötchenmesser,856
6065,Spickmesser,856
6066,Fischfiliermesser,856
6067,Damastmesser,856
6068,Kinderkochmesser,856
6069,Filetiermesser,856
6070,Drahtkäseschneider,856
6071,Ausbeinmesser,856
6072,Santokumesser,856
6073,Pizzaschneider,856
6074,Austernmesser,856
6075,Zubereitungsmesser,856
6076,Kochmesser,856
6077,Kräutermesser,856
6078,Schälmesser,856
6079,Wiegemesser,856
6080,Tomatenmesser,856
6081,Messer-Set,857
6082,Doppelkochplatte,858
6083,Einzelkochplatte,858
6084,Einzel-Induktionskochplatte,858
6085,Warmhalteplatte,858
6086,Doppel-Induktionskochplatte,858
6087,Warmhalteplatten-Zwischenmodul,858
6088,Mehrfach-Induktionskochplatte,858
6089,Handgepäck-Trolley,859
6090,Handgepäckkoffer,859
6091,Mandolinen-Koffer,859
6092,Hartschalen-Trolley,859
6093,Business-Koffer,859
6094,Pilotenkoffer,859
6095,Kinderkoffer,859
6096,Fahrradkoffer,859
6097,Koffer,859
6098,Handgepäck-Topcase,859
6099,E-Gitarren-Koffer,859
6100,Violinen-Koffer,859
6101,Business-Trolley,859
6102,Trolley,859
6103,Aktenkoffer,859
6104,Ukulelen-Koffer,859
6105,Weichgepäck-Trolley,859
6106,Banjo-Koffer,859
6107,Handarbeitskoffer,859
6108,Trolleyset,860
6109,Kofferset,860
6110,Fischwaage,861
6111,Kofferwaage,861
6112,Tauchkompass,862
6113,Kompass,862
6114,Peilkompass,862
6115,Kartenkompass,862
6116,Boxbett,863
6117,Boxspringliege,863
6118,Boxspringbett,863
6119,Polsterliege,863
6120,Küche,864
6121,Winkelküche,864
6122,Küchenzeile,864
6123,Kücheninsel,864
6124,Pantryküche,864
6125,Kochinsel,864
6126,Outdoor-Küche,864
6127,Thermokomposter,865
6128,Komposter,865
6129,Schnellkomposter,865
6130,Koffer-Kompressor,866
6131,Akku-Handkompressor,866
6132,Kompressor,866
6133,Atemluftkompressor,866
6134,Kondensatsperre,867
6135,Wäschetrockner-Kondensator,867
6136,XXL-Kondome,868
6137,Kondome,868
6138,Einhand-Kondome,868
6139,Tischgrill,869
6140,Dönergrill,869
6141,Standgrill,869
6142,Hamburger Maker,869
6143,Elektro-Standgrill,869
6144,Elektro-Steakgrill,869
6145,Elektrogrill,869
6146,Teppanyakigrill,869
6147,Kontaktgrill,869
6148,Paninigrill,869
6149,Farblinsen,870
6150,Monatslinsen,870
6151,Motivlinsen,870
6152,Tag- und Nachtlinsen,870
6153,Dauerlinsen,870
6154,14-Tages-Linsen,870
6155,Tageslinsen,870
6156,Wochenlinsen,870
6157,Jahreslinsen,870
6158,Kontaktlinsenbehälter,871
6159,Koordinationsleiter,872
6160,wireless Kopfhörer,873
6161,Gaming-Headset,873
6162,Kinder-Kopfhörer,873
6163,PC-Headset,873
6164,Over-Ear-Kopfhörer,873
6165,Bluetooth-Kopfhörer,873
6166,Kopfhörer,873
6167,Einschlaf- und Durchschlafhilfe,873
6168,Headset,873
6169,Funk-Kopfhörer,873
6170,HiFi-Kopfhörer,873
6171,Gaming-Headset Zubehör,873
6172,Stereo-Headset,873
6173,Schlaf-Kopfhörer,873
6174,Sport-Kopfhörer,873
6175,Bluetooth-Soundbrille,873
6176,DJ-Kopfhörer,873
6177,Wireless-Headset,873
6178,On-Ear-Kopfhörer,873
6179,Ohrpolster,873
6180,In-Ear-Kopfhörer,873
6181,wireless In-Ear-Kopfhörer,873
6182,Smartphone-Headset,873
6183,High-Resolution Kopfhörer,873
6184,Open-Ear-Kopfhörer,873
6185,Anti-Schnarch-Kissen,874
6186,Synthetikkopfkissen,874
6187,Daunenkissen,874
6188,Naturfaserkopfkissen,874
6189,Dinkelkörnerkissen,874
6190,Naturfaserkissen,874
6191,Visko-Kissen,874
6192,Federkissen,874
6193,Schönheitskissen,874
6194,Schlafkissen,874
6195,Bauchschläferkissen,874
6196,Gesundheitskissen,874
6197,Gelschaumkopfkissen,874
6198,Naturhaarkissen,874
6199,Kopfkissen,874
6200,3-Kammer-Kopfkissen,874
6201,Hirsekörnerkissen,874
6202,Gänsefederkopfkissen,874
6203,Federkopfkissen,874
6204,Lavendelbeutel,874
6205,Gänsedaunenkopfkissen,874
6206,Nackenstützkissen,874
6207,Naturkissen,874
6208,Baumwollkissen,874
6209,Duftkissen,874
6210,Microfaserkissen,874
6211,Kunstfaserkopfkissen,874
6212,Nackenstützkissen-Set,874
6213,Kinderdaunenkissen,874
6214,Saunakopfstütze,875
6215,Sauna-Venenstütze,875
6216,Whirlpoolkopfstütze,875
6217,Autokopfstütze,875
6218,Korkenzieher,876
6219,Korkenzieher-Aufsatz,876
6220,Sommelier-Set,876
6221,Lesehilfe,877
6222,Brille,877
6223,Lesebrille,877
6224,Corsage,878
6225,Bauchweggürtel,878
6226,Make-up Palette,879
6227,Make-Up Organizer,880
6228,Highlighterpinsel,881
6229,Foundationpinsel,881
6230,Lidschattenpinsel,881
6231,Konturpinsel,881
6232,Eyelinerpinsel,881
6233,Bronzerpinsel,881
6234,Lippenpinsel,881
6235,Kosmetikpinsel-Set,881
6236,Rougepinsel,881
6237,Puderpinsel,881
6238,Maskenpinsel,881
6239,Augenbrauenpinsel,881
6240,Nailart-Pinsel,881
6241,Kabuki-Pinsel,881
6242,Concealerpinsel,881
6243,Haarfärbepinsel,881
6244,Abschminkschwamm,882
6245,Puderquaste,882
6246,Schminkschwamm,882
6247,Massageschwamm,882
6248,Schwämmchen,882
6249,Gesichtsreinigungsschwamm,882
6250,Schminkquaste,882
6251,Make-up Quaste,882
6252,Gesichtsschwamm,882
6253,Kosmetikquaste,882
6254,Make-up Schwamm,882
6255,Business-Kostüm,883
6256,Kraftstation,884
6257,Multipresse,884
6258,Trainingsstation,884
6259,Power Rack,884
6260,Crossrack,884
6261,Half Rack,884
6262,Squat Rack,884
6263,Skitrainer,884
6264,Einsteckkragen,885
6265,Halswärmer,885
6266,Einnähkragen,885
6267,Kragen,885
6268,Kratzbrett,886
6269,Kratzsäule,886
6270,Kratzmatte,886
6271,Kratztonne,886
6272,Kratzpappe,886
6273,Kratzkugel,886
6274,Kratzbaum,887
6275,Katzen-Kletterwand,887
6276,Ersatz-Kratzbaumstamm,887
6277,Krawatte,888
6278,Krawattenhalter,889
6279,Krawattennadel Set,890
6280,Krawattennadel,890
6281,Krawattennadel mit Gravur,890
6282,Kreativset,891
6283,Mandala,892
6284,Speed-Kreisel,893
6285,Drillschnurkreisel,893
6286,Brummkreisel,893
6287,Tierkreisel,893
6288,Stapelkreisel,893
6289,Kreisel,893
6290,Kugelbahn-Bausatz,894
6291,Kugelbahn,894
6292,Nageldesign Zubehör,895
6293,Kunstfingernägel,895
6294,Epoxidharz,896
6295,Kunstharz,896
6296,UV-Epoxidharz,896
6297,Kunstköder,897
6298,Kunstranke,898
6299,Künstliche Zimmerpflanze,898
6300,Kunstpalme,898
6301,Kunstbonsai,898
6302,Kunstpflanze,898
6303,Kunstkranz,898
6304,Kunstblume,898
6305,Kunstgirlande,898
6306,Kunstkaktus,898
6307,Kunstorchidee,898
6308,Kunstbambus,898
6309,Kunstgras,898
6310,Kunstzweig,898
6311,Kunstbaum,898
6312,Trockenblume,898
6313,Gestecke,898
6314,Kunsttulpe,898
6315,Kunstblumenstrauß,898
6316,Winterliche Kunstpflanze,898
6317,Kunsthecke,898
6318,Filterabdeckung,899
6319,Terrariendeko,899
6320,Aquariendeko,899
6321,Einzelwimpern,900
6322,Magnetwimpern,900
6323,Bandwimpern,900
6324,Intervall-Timer,901
6325,Eieruhr,901
6326,Stoppuhr,901
6327,elektronische Parkscheibe,901
6328,Parkscheibe,901
6329,Handzähler,901
6330,Warzen-Vereisungsspray,902
6331,Warzen-Vereisungsstift,902
6332,Seitenköcher,903
6333,Rückenköcher,903
6334,Anbauköcher,903
6335,Theater Schminkpalette,904
6336,Theaterschminke,904
6337,Schminkstift,904
6338,Kindertattoo,905
6339,Schmuck-Tattoo,905
6340,Strass-Tattoo,905
6341,Nagel-Tattoo,905
6342,Hackbällchenform,906
6343,Eier-Pochierer,906
6344,Sushi-Roller,906
6345,Brotbackform,906
6346,Müsliriegelform,906
6347,Ravioliform,906
6348,Springform,906
6349,Herzkuchenform,906
6350,Eiswürfelform,906
6351,Dampfgarbehälter,906
6352,Garantieform,906
6353,Obstkuchenform,906
6354,Kaltspeisenform,906
6355,Eisform,906
6356,Gärkorb,906
6357,Kastenform,906
6358,Rehrückenform,906
6359,Donutform,906
6360,Cake-Pop-Form,906
6361,Gugelhupfform,906
6362,Schokoladenform,906
6363,Pralinenform,906
6364,Tarteform,906
6365,Futterform,906
6366,Backform,906
6367,Muffinform,906
6368,Quicheform,906
6369,Silikonform,906
6370,Tortillaform,906
6371,Butterform,906
6372,Kochlöffelhalter,907
6373,Blindbackkugeln,907
6374,Fischentschupper,907
6375,Eiertrenner,907
6376,Kochbesteckhalter,907
6377,Küchenorganizer-Set,907
6378,Back-Set,907
6379,Trinkhalme,907
6380,Eierpiekser,907
6381,Küchenkarussell,908
6382,Kompakt-Küchenmaschine,909
6383,Multikocher,909
6384,Babynahrungszubereiter,909
6385,Küchenmaschine mit Kochfunktion,909
6386,Küchenmaschine,909
6387,Küchenmaschinen Zubehör-Set,910
6388,Raviolivorsatz,910
6389,Emulgieraufsatz,910
6390,Getreidemühlenaufsatz,910
6391,Dampfgaraufsatz,910
6392,Eisbereiteraufsatz,910
6393,Slow Juicer Aufsatz,910
6394,Nudelvorsatz,910
6395,Zitruspressenaufsatz,910
6396,Schneideaufsatz,910
6397,Lasagnewalzenvorsatz,910
6398,Fleischwolfaufsatz,910
6399,Tagliatelleschneidvorsatz,910
6400,Nudelwalzenvorsatz,910
6401,Pürieraufsatz,910
6402,Nudelpressvorsatz,910
6403,Gemüseschneidaufsatz,910
6404,Siebaufsatz,910
6405,Brötchen-Röstaufsatz,910
6406,Raspelaufsatz,910
6407,Reibe-Vorsatz,910
6408,Schnitzelwerk,910
6409,Zerkleinereraufsatz,910
6410,Durchlaufschnitzler,910
6411,Spiralschneideraufsatz,910
6412,Tagliatellewalzenvorsatz,910
6413,Spaghettiwalzenvorsatz,910
6414,Spritzgebäckvorsatz,910
6415,Gemüseblattschneidvorsatz,910
6416,Saftzentrifugenaufsatz,910
6417,Reibeaufsatz,910
6418,Würfelschneideraufsatz,910
6419,Wurstfüllaufsatz,910
6420,Entsafteraufsatz,910
6421,Trommelraffel,910
6422,Hobelaufsatz,910
6423,Mixaufsatz,910
6424,Raspelvorsatz,910
6425,Beerenpressenaufsatz,910
6426,Gewürzmühlenaufsatz,910
6427,Juliennescheibe,911
6428,Emulgierscheibe,911
6429,Pommes-Frites-Scheibe,911
6430,Asia-Gemüse-Scheibe,911
6431,Keks-Formscheiben,911
6432,Schneidscheibe,911
6433,Reibescheibe,911
6434,Schlagmesser,911
6435,Pasta-Formscheiben,911
6436,Raspelwendescheibe,911
6437,Mahlmesser,911
6438,Schäummesser,911
6439,Teigmesser,911
6440,Pasta Scheiben für Fleischwolf,911
6441,Schneidmesser,911
6442,Schneidwendescheibe,911
6443,Teigwerkzeug,911
6444,Multimesser,911
6445,Schlagscheibe,911
6446,Vielzweckmesser,911
6447,Schneid-Raspel-Wendescheibe,911
6448,Kartoffelpufferschneidscheibe,911
6449,Spiralschneider-Einsatz,911
6450,Flügelmesser,911
6451,Knetmesser,911
6452,Reibeeinsatz,911
6453,Reibewendescheibe,911
6454,Backeinsatz,911
6455,Rührhaken,912
6456,Ballonbesen,912
6457,Rührbesen,912
6458,Schlagbesen,912
6459,K-Haken,912
6460,Doppelquirl,912
6461,Schneebesen-Rührelement,912
6462,Flexibler Flachrührer,912
6463,Knethaken,912
6464,Flexibles Rührelement,912
6465,Rührelement-Set,912
6466,Unterheb-Rührelement,912
6467,Flachrührer,912
6468,Quirl,912
6469,Mischflügel,912
6470,Rührelement,912
6471,Parmesanmühle,913
6472,Mandelmühle,913
6473,Salzmühle,913
6474,Muskatmühle,913
6475,Pfeffermühle,913
6476,Getreidemühle,913
6477,Käsemühle,913
6478,Kräutermühle,913
6479,Gewürzmühle,913
6480,Chilimühle,913
6481,Salz-/Pfeffermühle,913
6482,Grinder,913
6483,Tortenheber,914
6484,Teigspachtel,914
6485,Küchenschaufel,914
6486,Streichpalette,914
6487,Küchenwender,914
6488,Winkelpalette,914
6489,Crepes Verteiler,914
6490,Reisspachtel,914
6491,Grillspachtel,914
6492,Sandwichpalette,914
6493,Wokwender,914
6494,Kuchenheber,914
6495,Küchenspachtel,914
6496,Pfannenwender,914
6497,Backschaufeln,914
6498,Grillwender,914
6499,Tortenbodenheber,914
6500,Pfannenschaufel,914
6501,Teigschaber,914
6502,Pizzaschieber,914
6503,Butterkugelformer,914
6504,Kartoffelstampfer,915
6505,Knoblauchpresse,915
6506,Ölpresse,915
6507,Knoblauchschneider,915
6508,Tubenquetscher,915
6509,Obstpresse,915
6510,Passetout,915
6511,Burgerpresse,915
6512,Spätzlepresse,915
6513,Kartoffelpresse,915
6514,Gemüsepresse,915
6515,Käsepresse,915
6516,Spätzlereibe,916
6517,Vierkantreibe,916
6518,Gemüsehalter,916
6519,Gemüsehobel,916
6520,Zitronenreibe,916
6521,Spätzlehobel,916
6522,Kartoffelreibe,916
6523,Muskatreibe,916
6524,Käsereibe,916
6525,Käsehobel,916
6526,Ingwerreibe,916
6527,Trommelreibe,916
6528,Küchenreibe,916
6529,Multireibe,916
6530,Folienspender,917
6531,Wandrollenhalter,917
6532,Küchenrollenhalter,917
6533,Dörrgitter,918
6534,Abkühlgitter,918
6535,Küchenrost,918
6536,Reifegitter,918
6537,Zitronenschaber,919
6538,Pommesschneider,919
6539,Zitruszester,919
6540,Ziseliermesser,919
6541,Orangenschäler,919
6542,Fadenschneider,919
6543,Teigschneider,919
6544,Eierschneider,919
6545,Knoblauchschäler,919
6546,Julienneschneider,919
6547,Apfelschäler,919
6548,Obstschneider,919
6549,Wurstschneider,919
6550,Mozzarellaschneider,919
6551,Sparschäler,919
6552,Spargelschäler,919
6553,Kartoffelschäler,919
6554,Zestenreißer,919
6555,Eierköpfer,919
6556,Gemüse-Scheibenschneider,919
6557,Nudelsieb,920
6558,Frischkäsebereiter,920
6559,Passiersieb,920
6560,Abflusssieb,920
6561,Brühsieb,920
6562,Laubsieb,920
6563,Durchwurfsieb,920
6564,Abfluss-Siebkörbchen,920
6565,Seiher,920
6566,Gartensieb,920
6567,Küchensieb,920
6568,Teesieb,920
6569,Rollsieb,920
6570,Schmutzsieb,920
6571,Nussmilchbeutel,920
6572,Käseform,920
6573,Passiermühle,920
6574,Passiertuch,920
6575,Einbauspüle,921
6576,Edelstahlspüle,921
6577,Kunststoffspüle,921
6578,Küchenspüle,921
6579,Granitspüle,921
6580,Trinkmanager,922
6581,Taschenwaage,922
6582,Löffelwaage,922
6583,Küchenwaage,922
6584,Feinwaage,922
6585,Schüsselwaage,922
6586,Wand-Küchenwaage,922
6587,Kochzange,923
6588,Weißwurstheber,923
6589,Grätenzange,923
6590,Kochpinzette,923
6591,Patisseriezange,923
6592,Servierzange,923
6593,Zuckerzange,923
6594,Hummerzange,923
6595,Grillzange,923
6596,Feuerzange,923
6597,Spaghettizange,923
6598,Pellkartoffelgabel,923
6599,Nudelzange,923
6600,Pralinengabel,923
6601,Kohlezange,923
6602,Sandwichzange,923
6603,Kühlmanschette,924
6604,Eiswürfel-Steine,924
6605,Kühlakku,924
6606,LED-Eiswürfel,924
6607,Kühlbox,925
6608,Elektrische Kühlbox,925
6609,Trolley-Kühlbox,925
6610,Absorber-Kühlbox,925
6611,Kühltasche,925
6612,Reifeschrank,925
6613,Einbaukühlgefrier-Set,926
6614,European Side-by-Side,926
6615,Korbeinsatz,927
6616,Flaschenablage,927
6617,Vollraumkühlschrank,928
6618,Einbaukühlschrank,928
6619,Getränkekühlschrank,928
6620,Table Top Kühlschrank,928
6621,Kühlschrank,928
6622,Side-by-Side,928
6623,Door-in-Door,928
6624,Multi Door,928
6625,Einbaukühlgefrierkombination,928
6626,Top Freezer,928
6627,French Door,928
6628,Kühl-/Gefrierkombination,928
6629,Maltuch,929
6630,Leinwand,929
6631,Universal-Quad-LNB,930
6632,Monoblock-LNB,930
6633,Universal-Twin-LNB,930
6634,Universal-Single-LNB,930
6635,Universal-Octo-LNB,930
6636,Universal-Quattro-LNB,930
6637,Batterie-Ladegerät,931
6638,Rundzellen-Lader,931
6639,Controller-Ladestation,931
6640,Entladegerät,931
6641,Konsolen-Ladestation,931
6642,Laptop-Ladegerät,931
6643,Brennstoffzelle,931
6644,Solaruhr-Schnellladelampe,931
6645,Rasierer-Ladestation,931
6646,Elektroroller-Ladegerät,931
6647,Navigations-Ladegerät,931
6648,RC-Ladegerät,931
6649,Ladestation,931
6650,Kamera-Ladegerät,931
6651,Akku-Ladestation,931
6652,thermoelektrische  Generatoren,931
6653,Solarladegerät,931
6654,Induktions-Ladegerät,931
6655,Bleiakku-Refresher,931
6656,Schnelllade-Gerät,931
6657,Modellbau-Ladegerät modellspezifisch,931
6658,Notebook-Ladegerät,931
6659,Modellbau-Ladegerät,931
6660,Ladeschale,931
6661,Universal-Ladegerät,931
6662,Bleiakku-Ladegerät,931
6663,Elektroauto-Ladegerät,931
6664,USB-Ladegerät,931
6665,X-Link Lade-und Datenkabel,931
6666,DualSense-Ladestation,931
6667,Smartphone-Ladegerät,931
6668,Lautsprecher-Ladegerät,931
6669,Werkzeug-Akku-Ladetechnik,931
6670,Wireless Charger,931
6671,Lautsprecher-Ladeschale,931
6672,Autobatterie-Ladegerät,931
6673,Trenngitter,932
6674,Tierabsperrgitter,932
6675,Schutzgitter,932
6676,Trennnetz,932
6677,Tierabsperrtür,932
6678,Tiersicherheitsnetz,932
6679,Vinylschneider,933
6680,Laminatschneider,933
6681,Laminierfolie,934
6682,Laminiergerät,935
6683,Lampenfassung,936
6684,Lampenfilter,937
6685,Lampenschirm,938
6686,Lanzetten,939
6687,Laptopschloss,940
6688,Geschwindigkeitsmesser,941
6689,Entfernungs- und Geschwindigkeitsmesser,941
6690,Laser-Empfänger,941
6691,Entfernungsmesser,941
6692,Lasermessgerät,941
6693,Punktlaser,941
6694,Punkt- und Linienlaser,941
6695,Linienlaser,941
6696,Flächenmesser,941
6697,Kreuzlinienlaser,941
6698,Rotationslaser,941
6699,Nivelliergerät,941
6700,Laserpointer,942
6701,Teleskop-Laserpointer,942
6702,Staplertraverse,943
6703,Wendetraverse,943
6704,Kreuztraverse,943
6705,Gitterboxtraverse,943
6706,Rahmentraverse,943
6707,Containertraverse,943
6708,Quertraverse,943
6709,Lamellenhaken-Traverse,943
6710,Sterntraverse,943
6711,Spreiztraverse,943
6712,Balkentraverse,943
6713,Tellerlattenrost,944
6714,Rollrost,944
6715,Lattenrost mit Motor,944
6716,Tellerlattenrost mit Motor,944
6717,Lattenrost,944
6718,Teiltellerlattenrost,944
6719,Elektro-Laubbläser,945
6720,Akku-Laubbläser,945
6721,Elektro-Laubsauger,945
6722,Benzin-Laubbläser,945
6723,Akku-Gebläse,945
6724,Laubsauger,945
6725,Benzin-Laubsauger,945
6726,Akku-Laubsauger,945
6727,Elektro-Gebläse,945
6728,Laufband,946
6729,Krabbelrolle,947
6730,Babywalker,947
6731,Lauflernhilfe,947
6732,Kinderfahrzeug Lauflernhilfe,947
6733,Lauflernwagen,947
6734,Laufrad,948
6735,Laufgitter,949
6736,Laufstall,949
6737,Diskettenlaufwerk,950
6738,DVD-Brenner,950
6739,Blu-ray-Brenner,950
6740,CD-Brenner,950
6741,Disc-Laufwerk,950
6742,Blu-ray-Laufwerk,950
6743,Golf-Launch-Monitor,951
6744,Wireless Lautsprecher,952
6745,5.1 Soundsystem,952
6746,Center-Lautsprecher,952
6747,Triaxial-Einbaulautsprecher,952
6748,Bluetooth-Speaker,952
6749,2.1 Soundsystem,952
6750,Konferenzlautsprecher,952
6751,Auto-Subwoofer,952
6752,Einbaulautsprecher,952
6753,Sprachgesteuerter Lautsprecher,952
6754,Soundboard,952
6755,Außenlautsprecher,952
6756,Multiroom-Lautsprecher,952
6757,Pocket-Speaker,952
6758,7.1 Soundsystem,952
6759,Sounddeck,952
6760,Soundplate,952
6761,Aufbaulautsprecher,952
6762,5.1 Lautsprecher System,952
6763,Surround-Lautsprecher,952
6764,Auto-Lautsprecher,952
6765,Soundbase,952
6766,Home Speaker,952
6767,Gaming-Lautsprecher,952
6768,Regal-Lautsprecher,952
6769,Subwoofer,952
6770,PC-Lautsprecher,952
6771,Portable-Lautsprecher,952
6772,Lautsprechersystem,952
6773,Stand-Lautsprecher,952
6774,Smart Speaker,952
6775,Soundbar,952
6776,Bluetooth-Lautsprecher,952
6777,Lautsprecher,952
6778,Party-Lautsprecher,952
6779,Karaoke-Maschine,952
6780,Handy-Ersatz-Hörmuschel,952
6781,Handy-Ersatz Lautsprecher,952
6782,3.1 Soundsystem,952
6783,Futterwürmermix,953
6784,Tauwürmer,953
6785,Angelmaden,953
6786,Castermaden,953
6787,Rotwürmer,953
6788,Pinkies,953
6789,Bienenmaden,953
6790,Mehlwürmer,953
6791,Wachsmaden,953
6792,Kaffeeersatz,954
6793,Kakao,954
6794,Kartoffelprodukte,954
6795,Hülsenfrüchte,954
6796,Mehl,954
6797,Nudeln,954
6798,Reis,954
6799,Sirup,954
6800,Backmischung,954
6801,Cerealien,954
6802,Backdekoration,954
6803,Dessertpulver,954
6804,Dip,954
6805,Fruchtpüree,954
6806,Getreide,954
6807,Kekse,954
6808,Kerne,954
6809,Milchpulver,954
6810,Nüsse,954
6811,Süßungsmittel,954
6812,Zucker,954
6813,Trockenfrüchte,954
6814,Antipasti,954
6815,Backzutat,954
6816,Brot,954
6817,Brühe,954
6818,Brei,954
6819,Essig,954
6820,Fischkonserve,954
6821,Fertiggericht,954
6822,Fruchtaufstrich,954
6823,Fond,954
6824,Gewürz,954
6825,Gewürzpaste,954
6826,Grillsauce,954
6827,Instant-Gericht,954
6828,Gemüsekonserve,954
6829,Honig,954
6830,Herzhafter Brotaufstrich,954
6831,Knabberei,954
6832,Kuchen,954
6833,Obstkonserve,954
6834,Saucen,954
6835,Saucenbinder,954
6836,Nussaufstrich,954
6837,Schokoaufstrich,954
6838,Schokolade,954
6839,Pesto,954
6840,Samen,954
6841,Riegel,954
6842,Speisefett,954
6843,Speiseöl,954
6844,Süßigkeit,954
6845,Wurstkonserve,954
6846,Aromapod,954
6847,Bier,954
6848,Biermischgetränk,954
6849,Champagner,954
6850,Getränke-Sirup,954
6851,Cocktail,954
6852,Getränkewürfel,954
6853,Fruchtsecco,954
6854,Fruchtwein,954
6855,Milch,954
6856,Milchmischgetränk,954
6857,Kaffee,954
6858,Mixgetränk,954
6859,Saft,954
6860,Shake,954
6861,Sekt,954
6862,Softgetränk,954
6863,Trinkwasser,954
6864,Wein,954
6865,Smoothie,954
6866,Tee,954
6867,Lebensmittel-Geschenkset,954
6868,Käselab,954
6869,Lebensmittelkulturen,954
6870,Salz,954
6871,Calciumchlorid-Lösung,954
6872,Fleischkonserve,954
6873,Fixprodukt,954
6874,Getränkepulver,954
6875,Kaffeegetränk,954
6876,Käsewachs,954
6877,Käse-Coating,954
6878,Käse-Holzasche,954
6879,Käse-Wachs,954
6880,Pflanzenmilch,954
6881,Spirituose,954
6882,Zutaten-Set,954
6883,Beikost,954
6884,Salatbox,955
6885,Servierständer,955
6886,Thermobehälter,955
6887,Eierkorb,955
6888,Zuckerdose,955
6889,Gemüsebeutel,955
6890,Keksdose,955
6891,Vorratsglas,955
6892,Gewürzbehälter,955
6893,Kuchentransportbox,955
6894,Fermentationsglas,955
6895,Teebox,955
6896,Vakuumbehälter,955
6897,Müslibox,955
6898,Vorratsdose,955
6899,Salzbehälter,955
6900,Futterbehälter,955
6901,Kaffeedose,955
6902,Butterdose,955
6903,Mehrwegbecher,955
6904,Teedose,955
6905,Frischhaltedose,955
6906,Aufbewahrungsbecher,955
6907,Mikrowellenbehälter,955
6908,Einmachglas,955
6909,Brotkorb,955
6910,Brotkasten,955
6911,Müslispender,955
6912,Aufbewahrungssystem,955
6913,Brottasche,955
6914,Eiswürfelbehälter,955
6915,Auffangbehälter,955
6916,Honigglas,955
6917,Joghurtgläser,955
6918,Lunchbox,955
6919,Aufbewahrungsschüssel,955
6920,Elektrische Lunchbox,955
6921,Marmeladenglas,955
6922,Käse-Reifebox,955
6923,Marinadenpinsel,956
6924,Backpinsel,956
6925,Lebensmittelpinsel,956
6926,Jagdleine,957
6927,Hofleine,957
6928,Wienerzügel,957
6929,Vorderzeug,957
6930,Kurzführer,957
6931,Strick,957
6932,Kite-Leash,957
6933,Rollleine,957
6934,Dreieckszügel,957
6935,Trapeztampen,957
6936,Anbindestrick,957
6937,SUP-Leash,957
6938,Ausbinder,957
6939,Köhlerzügel,957
6940,Schlaufenzügel,957
6941,Joggingleine,957
6942,Kiteleine,957
6943,Führstrick,957
6944,Gurtzügel,957
6945,Hands-free-Leinen,957
6946,Leine,957
6947,Laufferzügel,957
6948,Zügel,957
6949,Moxonleine,957
6950,Schleppleine,957
6951,Schlittenleine,957
6952,Westernzügel,957
6953,Flexileine,957
6954,Anbinde- / Führstrick,957
6955,Martingal,957
6956,Hilfszügel,957
6957,Fahrradleine,957
6958,Hundeleine,957
6959,Führleine,957
6960,Startschot,957
6961,Strickleiter,958
6962,Teleskopleiter,958
6963,Schiebeleiter,958
6964,Anlegeleiter,958
6965,Stehleiter,958
6966,Poolleiter,958
6967,Regalleiter,958
6968,Vielzweckleiter,958
6969,Klapptritt,958
6970,Doppelleiter,958
6971,Pool-Sicherheitsleiter,958
6972,Bockleiter,958
6973,Gelenkleiter,958
6974,Trampolinleiter,958
6975,Trittleiter,958
6976,Arbeitsplattform,958
6977,Dachleiter,958
6978,Leitungsortungsgerät,959
6979,Fahrradlenkergriff,960
6980,Lenkervorbau,961
6981,Lenkradbezug,962
6982,Stoffbuch,963
6983,Lernspielzeug,963
6984,Musikmatte,963
6985,Wasserspielmatte,963
6986,Lesezeichen,964
6987,Außen-Tischleuchte,965
6988,Aufbauleuchte,965
6989,LED Aufbaustrahler,965
6990,Außen-Deckenleuchte,965
6991,Stehlampe,965
6992,LED Lampion,965
6993,LED Motivstrahler,965
6994,LED Nachtlicht,965
6995,Nachttischlampe,965
6996,LED Dekofigur,965
6997,LED Dekolicht,965
6998,LED Stehlampe,965
6999,LED Einbaustrahler,965
7000,LED-Hängeleuchte,965
7001,Lavalampe,965
7002,LED Schreibtischlampe,965
7003,LED Discolicht,965
7004,LED Teichleuchte,965
7005,LED Dekoobjekt,965
7006,LED Baum,965
7007,LED Wandleuchte,965
7008,Unterschrankleuchte,965
7009,LED Aquariumleuchte,965
7010,LED Laterne,965
7011,LED Deckenleuchte,965
7012,Dekolicht,965
7013,LED Positionslicht,965
7014,LED Deckenstrahler,965
7015,Hängeleuchten,965
7016,LED Fensterleuchter,965
7017,Deckenleuchten,965
7018,Pollerleuchte,965
7019,Arbeitslicht,965
7020,Teichleuchte,965
7021,LED Bilderleuchte,965
7022,Bogenlampen,965
7023,Hundehalsbandleuchte,965
7024,LED Arbeitsleuchte,965
7025,Tischleuchte,965
7026,LED Stern,965
7027,Gartenleuchte,965
7028,LED Lavalampe,965
7029,LED Gartenstrahler,965
7030,LED Glaskantenbeleuchtung,965
7031,LED Bogenlampe,965
7032,Dachrinnenleuchte,965
7033,LED Deckenspot,965
7034,Bremslicht,965
7035,Baustrahler,965
7036,LED Dachrinnenleuchte,965
7037,LED Außen-Wandleuchte,965
7038,LED Außen-Deckenleuchte,965
7039,Steh-Tageslichtlampe,965
7040,LED Flutlichtstrahler,965
7041,LED Gartenfackel,965
7042,LED Wandstrahler,965
7043,LED Tischleuchte,965
7044,Außen-Stehlampe,965
7045,LED Klemmtischleuchte,965
7046,LED Außen-Tischleuchte,965
7047,LED Nachttischlampe,965
7048,Bilderleuchte,965
7049,Saunaleuchte,965
7050,Deckenleuchte,965
7051,Lichtbox,965
7052,LED Panel,965
7053,LED Kronleuchter,965
7054,Fensterleuchter,965
7055,Rundumleuchte,965
7056,Lupenlampe,965
7057,Schreibtischlampe,965
7058,Rasterleuchte,965
7059,Deckenstrahler,965
7060,Deckenspot,965
7061,Salzkristall-Tischlampe,965
7062,LED Deckenspots,965
7063,Gartenstrahler,965
7064,Smarte LED-Leuchte,965
7065,LED Einbauleuchte,965
7066,Steckdosenleuchte,965
7067,LED Solarleuchte,965
7068,Discolicht,965
7069,LED Windlicht,965
7070,Hängeleuchte,965
7071,Sockelleuchten,965
7072,LED Arbeitslicht,965
7073,Nachtlicht,965
7074,LED Spiegelleuchte,965
7075,Spiegelleuchte,965
7076,Lampion,965
7077,Blinker,965
7078,Kronleuchter,965
7079,Projektionslampe,965
7080,Kugelleuchte,965
7081,LED Whirlpoolleuchte,965
7082,LED Deckenfluter,965
7083,Außen-Wandleuchte,965
7084,LED Sockelleuchte,965
7085,LED Schrankinnenraumbeleuchtung,965
7086,LED Baustrahler,965
7087,Tageslichtlampe,965
7088,Laserstrahler,965
7089,Motivstrahler,965
7090,LED-Stern für außen,965
7091,Deckenspots,965
7092,UV-Reflektorlampe,965
7093,Sockelleuchte,965
7094,LED Hockerleuchte,965
7095,Bogenlampe,965
7096,LED Rasterleuchte,965
7097,Terrarienleuchte,965
7098,LED Würfel,965
7099,Deckenfluter,965
7100,LED Außen-Stehlampe,965
7101,LED Steckdosenleuchte,965
7102,Pendelleuchte,965
7103,LED Leselampe,965
7104,LED Pendelleuchte,965
7105,LED Rückwandbeleuchtung,965
7106,LED Gartenleuchte,965
7107,Gartenfackel,965
7108,Panel,965
7109,Grilllampe,965
7110,Pool-Lampe,965
7111,Lichtleiste,965
7112,LED Lichtleiste,965
7113,Anhänger-Rückleuchte,965
7114,Pflanzenlampe,965
7115,Schrankleuchte,965
7116,LED Fensterbild,965
7117,Wandleuchte,965
7118,Tisch-Tageslichtlampe,965
7119,Klemmleuchte,965
7120,Rückleuchte,965
7121,LED Kugelleuchte,965
7122,LED-Sternenhimmel,965
7123,Wandstrahler,965
7124,LED Pollerleuchte,965
7125,Dachrinnenleuchten,965
7126,Lavalampen,965
7127,LED Lichtbox,965
7128,Bettleuchte,965
7129,Einbauleuchte,965
7130,LED Klemmleuchte,965
7131,Klemmleuchten,965
7132,Flutlichtstrahler,965
7133,LED Scheinwerfer,965
7134,LED Unterbauleuchte,965
7135,Arbeitsleuchte,965
7136,Fotostudio-Box,965
7137,LED-Teelichter,965
7138,Schienensystem-Sets,965
7139,Schienensystem-Leuchten,965
7140,Soundleuchte,965
7141,Dartscheiben-Beleuchtung,965
7142,LED-Lichtsystem,966
7143,Vollspektrum LED Wachstumslampe,966
7144,Ersatzlampenbox,966
7145,Spezialleuchtmittel,966
7146,LED-Leuchtmittel,966
7147,Halogenlampe,966
7148,LED-Filament,966
7149,KFZ-Ersatzleuchte,966
7150,Flächenleuchte,967
7151,Ringlicht,967
7152,Lichtwürfel,967
7153,Videoleuchte,967
7154,Lichtanlage,967
7155,Studioleuchte,967
7156,LED-Stripe-Profil,968
7157,LED-Lichterkette,968
7158,Leuchtzweig,968
7159,LED-Baummantel,968
7160,LED-Leuchtzweig,968
7161,LED-Flexbandbeleuchtung,968
7162,LED-Girlande,968
7163,Lichterkette,968
7164,LED-Streifen,968
7165,Lichternetz,968
7166,LED-Lichterschlauch,968
7167,LED-Lichternetz,968
7168,Lichtervorhang,968
7169,LED-Christbaumkerzen,968
7170,LED Stripe,968
7171,Christbaumkerzen,968
7172,Systemlichterkette,968
7173,Lichterschlauch,968
7174,LED-Lichtervorhang,968
7175,Beauty-Dish,969
7176,Spotvorsatz,969
7177,Reflexschirm,969
7178,Softbox,969
7179,Abschirmklappe,969
7180,Durchlichtschirm,969
7181,Wabe,969
7182,Lichttherapiegerät,970
7183,LED-Gesichtsmaske,970
7184,LED-Lichttherapie-Bogen,970
7185,LED-Lichttherapie-Panel,970
7186,LED-Lippenmaske,970
7187,LED Hals & Dekolleté-Maske,970
7188,LED-Augenmaske,970
7189,LED-Halsmaske,970
7190,LED-Handmaske,970
7191,Liegestützgriffe,971
7192,Handstandtrainer,971
7193,Liegestützbrett,971
7194,Geodreieck,972
7195,Lineal,972
7196,Schneidelineal,972
7197,Zeichenlineal,972
7198,Reinigungsstäbchen,973
7199,Linsenreiniger,973
7200,Reinigungsstift,973
7201,Reinigungspinsel,973
7202,Objektivpinsel,973
7203,Lippenöl,974
7204,Lippenpalette,974
7205,Lippenmaske,974
7206,Lippenpflegemittel,974
7207,Lippenstift-Set,974
7208,Lipliner,974
7209,Lippenpflegestift,974
7210,Lippenbalsam,974
7211,Lipgloss-Set,974
7212,Lip-Booster,974
7213,Lippenstift,974
7214,Lippencreme,974
7215,Lippenmousse,974
7216,Lipgloss,974
7217,Lippenpuder,974
7218,Lip-Plumper,974
7219,Lippenfixierung,974
7220,Lippenpflege-Set,974
7221,Lippen-Primer,974
7222,Lochsäge,975
7223,Dosensenker,975
7224,Diamanttrockenbohrer,975
7225,Hohlbohrkrone,975
7226,Kernbohrer,975
7227,Bohrkrone,975
7228,Lochwand,976
7229,Lockenstab,977
7230,Haarstyler,977
7231,Lockenstyler,977
7232,Volumen- und Lockenstyler,977
7233,Lockendreher,977
7234,Dampflockenstab,977
7235,Papilotten,978
7236,Lockenwickler,978
7237,Wallerholz,979
7238,Luftbefeuchter,980
7239,Diffuser,980
7240,Luftsessel,981
7241,Luftbett,981
7242,Luftsofa,981
7243,Reifendruckkontrollsystem,982
7244,Luftdruckmessgerät,982
7245,Reifenfüllmessgerät,982
7246,Bautrockner,983
7247,Luftentfeuchter,983
7248,Granulat-Luftentfeuchter,983
7249,Luftmatratze,984
7250,Badeinsel,984
7251,Luftfilter,985
7252,Kombigerät Luftbefeuchter und -reiniger,985
7253,Elektrostatik-Luftreiniger,985
7254,Luftreiniger,985
7255,"Kombigerät Luftreiniger, Ventilator und Heizlüfter",985
7256,Luftwäscher,985
7257,Standlupe,986
7258,Lesestein,986
7259,Einschlaglupe,986
7260,Umhängelupe,986
7261,Becherlupe,986
7262,Blattlupe,986
7263,Lupenbrille,986
7264,Taschenlupe,986
7265,Handlupe,986
7266,Kopfbandlupe,986
7267,Leuchtlupe,986
7268,Lesestab,986
7269,Lätzchen,987
7270,Steckdosen-Türgong,988
7271,Läutewerk,988
7272,Hausglocke,988
7273,Türgong,988
7274,Funk-Türgong,988
7275,Löschdecke,989
7276,Lötpistole,990
7277,Lötkolben,990
7278,Lötlampe,990
7279,Lüftungsschieber,991
7280,Fensterfalzlüfter,991
7281,iPod shuffle,992
7282,iPod classic,992
7283,MP3-Player,992
7284,iPod nano,992
7285,iPod,992
7286,iPod touch,992
7287,MP4-Player,992
7288,tragbarer CD-Player,992
7289,Magazinaufsatz,993
7290,Magazinvorsatz,993
7291,Magnethalter,994
7292,Magnet,994
7293,Magnetfeldgenerator,994
7294,Begrenzungsmagnetband,994
7295,Mainboard,995
7296,Malbecher,996
7297,Malpalette,997
7298,Malvorlage,998
7299,Malen nach Zahlen,998
7300,Hemdknöpfe,999
7301,Manschettenknöpfe Set,999
7302,Manschettenknöpfe,999
7303,Manschettenknöpfe mit Gravur,999
7304,Markierwagen,1000
7305,Klemm-Senkrechtmarkise,1001
7306,Seitenmarkise,1001
7307,Kassettenmarkise,1001
7308,Gelenkarmmarkise,1001
7309,Seitenarmmarkise,1001
7310,Halbkassettenmarkise,1001
7311,Senkrechtmarkise,1001
7312,Markise,1001
7313,Balkonsichtschutz,1001
7314,Klemmmarkise,1001
7315,Sichtschutzfächer,1001
7316,Hitzeschutz-Markise,1001
7317,Standmarkise,1001
7318,Schutzdach,1002
7319,Sägestation,1003
7320,Maschinen-Führungsschienen,1003
7321,Bohrlehre,1003
7322,Maschinen-Führungsschiene,1003
7323,Hydrauliköl,1004
7324,Kettensägenöl,1004
7325,Getriebeöl,1004
7326,Motoröl,1004
7327,Bremsflüssigkeit,1004
7328,Shiatsu-Akupressurgerät,1005
7329,Fußmassagegerät,1005
7330,Massagepistole,1005
7331,Massageball,1005
7332,Massageroller,1005
7333,Shiatsu-Massagegürtel,1005
7334,Nacken-Massagegerät,1005
7335,Saugglocke mit Massagerollen,1005
7336,Vakuum-Massager,1005
7337,Venentrainer,1005
7338,Luftsprudelbad,1005
7339,Massagekissen,1005
7340,Massagematte,1005
7341,Massagegerät,1005
7342,Shiatsu-Massagesitzauflage,1005
7343,Nacken-Massagekissen,1005
7344,Shiatsu-Massagekissen,1005
7345,Schmerztherapiegerät,1005
7346,Mini-Saugglocke,1005
7347,Massagesitzauflage,1005
7348,Shiatsu-Massagegerät,1005
7349,Massagestein,1005
7350,Shiatsu-Fußmassagegerät,1005
7351,Beruhigungs- und Entspannungsgerät,1005
7352,Fußreflexzonen-Massagematte,1005
7353,Vibrations-Faszienrolle,1005
7354,Faszienrolle,1005
7355,Gesichtsmassagegerät,1005
7356,Lymphdrainage-Gerät,1005
7357,Sonnensegelmast,1006
7358,Teleskopmast,1006
7359,SDM Windsurf Mast,1006
7360,Segelboot Mast,1006
7361,Windsurf Mastverlängerung,1006
7362,RDM Windsurf Mast,1006
7363,Fahnenmast,1006
7364,Futonmatratze,1007
7365,Latexmatratze,1007
7366,Taschenfederkernmatratze,1007
7367,Gelschaummatratze,1007
7368,Federkernmatratze,1007
7369,Kaltschaummatratze,1007
7370,Boxspringmatratze,1007
7371,Reisebett-Matratzen,1007
7372,Naturmatratze,1007
7373,Beistellbett-Matratzen,1007
7374,Laufgitter-Matratze,1007
7375,Visco-Matratze,1007
7376,Bonnellfederkernmatratze,1007
7377,Babymatratze,1007
7378,Stubenwagen-Matratzen,1007
7379,Komfortschaummatratze,1007
7380,Klappmatratze,1007
7381,Kindermatratze,1007
7382,Jugendmatratze,1007
7383,Hybridschaum-Matratze,1007
7384,Hybridmatratze,1007
7385,Komfortschaummatratze + Lattenrost,1008
7386,Kindermatratze + Teiltellerlattenrost,1008
7387,Naturmatratze + Teiltellerlattenrost,1008
7388,Klappmatratze + Tellerlattenrost,1008
7389,Visco-Matratze + Tellerlattenrost,1008
7390,Klappmatratze + Rollrost,1008
7391,Gelschaummatratze + Rollrost,1008
7392,Visco-Matratze + Teiltellerlattenrost,1008
7393,Babymatratze + Lattenrost,1008
7394,Kaltschaummatratze + Lattenrost,1008
7395,Babymatratze + Rollrost,1008
7396,Jugendmatratze + Tellerlattenrost,1008
7397,Visco-Matratze + Lattenrost,1008
7398,Taschenfederkernmatratze + Tellerlattenrost,1008
7399,Bonnellfederkernmatratze + Tellerlattenrost,1008
7400,Boxspringmatratze + Rollrost,1008
7401,Jugendmatratze + Rollrost,1008
7402,Naturmatratze + Tellerlattenrost,1008
7403,Futonmatratze + Lattenrost,1008
7404,Futonmatratze + Rollrost,1008
7405,Kaltschaummatratze + Rollrost,1008
7406,Federkernmatratze + Rollrost,1008
7407,Boxspringmatratze + Lattenrost,1008
7408,Gelschaummatratze + Tellerlattenrost,1008
7409,Klappmatratze + Lattenrost,1008
7410,Kindermatratze + Rollrost,1008
7411,Babymatratze + Tellerlattenrost,1008
7412,Latexmatratze + Tellerlattenrost,1008
7413,Jugendmatratze + Teiltellerlattenrost,1008
7414,Kaltschaummatratze + Tellerlattenrost,1008
7415,Klappmatratze + Teiltellerlattenrost,1008
7416,Bonnellfederkernmatratze + Teiltellerlattenrost,1008
7417,Federkernmatratze + Teiltellerlattenrost,1008
7418,Taschenfederkernmatratze + Rollrost,1008
7419,Naturmatratze + Rollrost,1008
7420,Taschenfederkernmatratze + Teiltellerlattenrost,1008
7421,Latexmatratze + Teiltellerlattenrost,1008
7422,Babymatratze + Teiltellerlattenrost,1008
7423,Futonmatratze + Tellerlattenrost,1008
7424,Latexmatratze + Rollrost,1008
7425,Kaltschaummatratze + Teiltellerlattenrost,1008
7426,Boxspringmatratze + Tellerlattenrost,1008
7427,Latexmatratze + Lattenrost,1008
7428,Komfortschaummatratze + Tellerlattenrost,1008
7429,Visco-Matratze + Rollrost,1008
7430,Kindermatratze + Tellerlattenrost,1008
7431,Gelschaummatratze + Teiltellerlattenrost,1008
7432,Naturmatratze + Lattenrost,1008
7433,Futonmatratze + Teiltellerlattenrost,1008
7434,Boxspringmatratze + Teiltellerlattenrost,1008
7435,Federkernmatratze + Tellerlattenrost,1008
7436,Komfortschaummatratze + Rollrost,1008
7437,Gelschaummatratze + Lattenrost,1008
7438,Jugendmatratze + Lattenrost,1008
7439,Kindermatratze + Lattenrost,1008
7440,Bonnellfederkernmatratze + Lattenrost,1008
7441,Komfortschaummatratze + Teiltellerlattenrost,1008
7442,Bonnellfederkernmatratze + Rollrost,1008
7443,Federkernmatratze + Lattenrost,1008
7444,Taschenfederkernmatratze + Lattenrost,1008
7445,Matratzenersatzbezug,1009
7446,Seitenbügel,1009
7447,Encasing,1009
7448,Inkontinenzauflage,1009
7449,Matratzenschoner,1009
7450,Matratzenkeil,1009
7451,Matratzenauflage,1009
7452,Matratzenschutzbezug,1009
7453,Mauerkasten,1010
7454,Rennmaulkorb,1011
7455,Fressbremse,1011
7456,Maulschlaufe,1011
7457,Maulkorb,1011
7458,Fliesenkelle,1012
7459,Dachdeckerkelle,1012
7460,Bodenlegerkelle,1012
7461,Glättekelle,1012
7462,Zahnkelle,1012
7463,Fugenkelle,1012
7464,Putzkelle,1012
7465,Kleberkelle,1012
7466,Maurerkelle,1012
7467,Gaming Mauspad,1013
7468,Mausfüße,1013
7469,Mauspad,1013
7470,Rollbandmaß,1014
7471,Zollstock,1014
7472,Schlagschnur,1014
7473,Maßband,1014
7474,Körpermaßband,1014
7475,Fußmessgerät,1014
7476,Dampfbesen,1015
7477,Teichschlammsauger,1015
7478,Wasch-Sauger,1015
7479,Industriesauger,1015
7480,Hartbodenreiniger,1015
7481,Dampfmopp,1015
7482,Matratzenreinigungsgerät,1015
7483,Staub-Wasch-Sauger,1015
7484,Teppichreinigungsgerät,1015
7485,Zyklon Hybrid Staubsauger,1015
7486,Elektrobohner,1015
7487,Nass-Trocken-Sauger,1015
7488,Multi-Sauger,1015
7489,Saugbohner,1015
7490,Handdampfreiniger,1015
7491,Aschesauger,1015
7492,Dampfreiniger,1015
7493,Spitzmeißel,1016
7494,Flachmeißel,1016
7495,Hohlmeißel,1016
7496,Meißel-Set,1016
7497,Spatmeißel,1016
7498,Ölspender,1017
7499,Menage,1017
7500,Essigspender,1017
7501,Menage-Set,1017
7502,Barmaß,1018
7503,Messlöffel,1018
7504,Fetttrennkanne,1018
7505,Messbecher,1018
7506,Wand-Magnet Messerhalter,1019
7507,Messerleiste,1019
7508,Messerblock,1019
7509,Magnet-Messerblock,1019
7510,Shikoku-Messerblock,1019
7511,Wand-Magnet Messer-Leiste,1019
7512,Rasenmähermesser,1020
7513,Mährobotermesser,1020
7514,Schaberklinge,1020
7515,Messerwelle,1020
7516,Strauchscherenblatt,1020
7517,Häckslermesser,1020
7518,Lüfterwalze,1020
7519,Messerwalze,1020
7520,Hobelmesser,1020
7521,Grasscherenblatt,1020
7522,Messerklinge,1020
7523,Motorsensenmesser,1020
7524,Hakenklinge,1020
7525,Bastelmesserklinge,1020
7526,Cuttermesser-Klinge,1020
7527,Wetzstahl,1021
7528,Messerschärfer,1021
7529,Axt- und Messerschärfer,1021
7530,Stoßriemen,1021
7531,Rasierklingenschärfer,1021
7532,Hakenschärfer,1021
7533,Wetzstab,1021
7534,Schleifstein,1021
7535,Hochsprung-Messlatte,1022
7536,Messlatte,1022
7537,Messschieber,1023
7538,Konturenlehre,1023
7539,Treppenlehre,1023
7540,Fühlerlehre,1023
7541,Wellblech,1024
7542,Streckmetallblech,1024
7543,Strukturblech,1024
7544,Rauhputzblech,1024
7545,Riffelblech,1024
7546,Silber-Reinigungsplatte,1024
7547,Lochblech,1024
7548,Glattblech,1024
7549,Trapezblech,1024
7550,Traufblech,1024
7551,Metalldetektor,1025
7552,Metronom,1026
7553,Mikrodermabrasionsgerät,1027
7554,Kosmetikbehandlungsgerät,1027
7555,Richtmikrofon,1028
7556,Streaming-Mikrofon,1028
7557,Mikrofon,1028
7558,Standmikrofon,1028
7559,Labormikroskop,1029
7560,Elektronenmikroskop,1029
7561,USB-Mikroskop,1029
7562,Diskussionsmikroskop,1029
7563,Kindermikroskop,1029
7564,Studienmikroskop,1029
7565,Spiegelmikroskop,1029
7566,Digitalmikroskop,1029
7567,Trinokularmikroskop,1029
7568,Durchlichtmikroskop,1029
7569,Rasterelektronenmikroskop,1029
7570,Auf- und Durchlichtmikroskop,1029
7571,Insektenmikroskop,1029
7572,Stereomikroskop,1029
7573,Foldscope,1029
7574,LCD-Mikroskop,1029
7575,Konfokalmikroskop,1029
7576,Monokularmikroskop,1029
7577,Minimikroskop,1029
7578,Binokularmikroskop,1029
7579,Operationsmikroskop,1029
7580,Lichtmikroskop,1029
7581,Taschenmikroskop,1029
7582,Spaltlampenmikroskop,1029
7583,Auflichtmikroskop,1029
7584,Einbau-Mikrowelle,1030
7585,Mikrowelle,1030
7586,Milchaufschäumer,1031
7587,Isoliermilchbehälter,1032
7588,Milchbehälter,1032
7589,Milchpumpe Zubehör-Set,1033
7590,Elektrische Milchpumpe,1034
7591,Doppelmilchpumpe,1034
7592,Handmilchpumpe,1034
7593,Elektrische Doppelmilchpumpe,1034
7594,Multiofen,1035
7595,Kleinküche,1035
7596,Minibackofen,1035
7597,Mischpult,1036
7598,Mitesserentferner,1037
7599,Pickelnadel,1037
7600,Akku-Stabmixer,1038
7601,Handmixer,1038
7602,Elektrisches Rührwerk,1038
7603,Stabmixer,1038
7604,Leselicht,1039
7605,USB-Tischleuchte,1039
7606,USB-Lampion,1039
7607,Bodenleuchte,1039
7608,Taschenlampe,1039
7609,Unterbauleuchte,1039
7610,LED Stirnlampe,1039
7611,LED Taschenlampe,1039
7612,USB-Stehleuchte,1039
7613,Helmlampe,1039
7614,SUP-Leuchte,1039
7615,LED Studiobeleuchtung,1039
7616,Strahler,1039
7617,Stirnlampe,1039
7618,Gaslampe,1039
7619,Handleuchte,1039
7620,Laterne,1039
7621,Rutscher-Leuchte,1039
7622,LED Kinderwagenlampe,1039
7623,Kopflampe,1039
7624,LED Blinklicht,1039
7625,LED-Warndreieck,1039
7626,Smartphone,1040
7627,Klapphandy,1040
7628,Seniorenhandy,1040
7629,Handy,1040
7630,Mobile,1041
7631,Modellbausatz,1042
7632,Modelleisenbahn-Werkzeug,1043
7633,Modelleisenbahn-Schranke,1043
7634,Modelleisenbahn-Prellbock,1043
7635,Modelleisenbahn-Brücke,1043
7636,Modelleisenbahn-Signal,1043
7637,Modelleisenbahn-Fertiggelände,1043
7638,Modelleisenbahn-Streumaterial,1043
7639,Modelleisenbahn-Übergang,1043
7640,Modelleisenbahn-Hochbahn,1043
7641,Modelleisenbahn-Weichenantriebe,1043
7642,Modelleisenbahn-Baustelle,1043
7643,Modelleisenbahn-Stecker,1043
7644,Modelleisenbahn-Haus,1043
7645,Modelleisenbahn-Grasfasern,1043
7646,Modelleisenbahn-Gebäude,1043
7647,Modelleisenbahn-Spielunterlage,1043
7648,Modelleisenbahn-Schaumflocken,1043
7649,Modelleisenbahn-Geländematte,1043
7650,Modelleisenbahn-Straße,1043
7651,Modelleisenbahn-Fahrregler,1043
7652,Modelleisenbahn-Moosschaum,1043
7653,Modelleisenbahn-Verkehrszeichen,1043
7654,Modelleisenbahn-Busch,1043
7655,Modelleisenbahn-Baum,1043
7656,Modelleisenbahn-Tunnel,1043
7657,Modelleisenbahn-Stellpult,1043
7658,Modelleisenbahn-Kreuzung,1043
7659,Dampflokomotive,1044
7660,Kesselwagen,1044
7661,Personenzug-Dampflokomotive,1044
7662,Diesellokomotive,1044
7663,Güterwagen,1044
7664,Modelleisenbahn Startpaket,1044
7665,Elektrolokomotive,1044
7666,Personenwagen,1044
7667,Tenderlokomotive,1044
7668,Modelleisenbahn-Set,1045
7669,Spielzeugeisenbahn-Set,1045
7670,Modellmotorrad,1046
7671,Modellauto,1046
7672,Sammlerauto,1046
7673,Modellbus,1046
7674,Modellboot,1046
7675,Modellhubschrauber,1046
7676,Modellflugzeug,1046
7677,Modelltraktor,1046
7678,Modellierwerkzeug,1047
7679,Modem,1048
7680,Moderationskoffer,1049
7681,Nickituch,1050
7682,Kopftuch,1050
7683,Pareo,1050
7684,Kummerbund,1050
7685,Loop,1050
7686,Halstuch,1050
7687,Modeschal,1050
7688,Plisseeschal,1050
7689,Seidentuch,1050
7690,Stillschal,1050
7691,Einstecktuch,1050
7692,Taschentuch,1050
7693,Chiffontuch,1050
7694,Dreieckstuch,1050
7695,Turban-Tuch,1050
7696,Pashmina,1050
7697,Kaschmirschal,1050
7698,XXL-Schal,1050
7699,Seidenschal,1050
7700,Fransentuch,1050
7701,Multifunktionstuch,1050
7702,Bandana,1050
7703,Turban,1050
7704,Strickschal,1050
7705,Modetuch,1050
7706,Karotuch,1050
7707,Wollschal,1050
7708,Fleeceschal,1050
7709,Schal,1050
7710,Curved-OLED-Monitor,1051
7711,Curved-Gaming-Monitor,1051
7712,Portabler Monitor,1051
7713,Drohnen-Monitor,1051
7714,Smart Monitor,1051
7715,LED-Monitor,1051
7716,LCD-Monitor,1051
7717,Ergo Monitor,1051
7718,Gaming-LED-Monitor,1051
7719,TFT-Monitor,1051
7720,Curved-Gaming-OLED-Monitor,1051
7721,OLED-Monitor,1051
7722,Curved-Gaming-LED-Monitor,1051
7723,Curved-LED-Monitor,1051
7724,Gaming-Monitor,1051
7725,Handy-Ersatz Display,1051
7726,Smart Board,1051
7727,Montageklemme,1052
7728,Fahrradreifenheber,1052
7729,Kurbelwellen-Drehwerkzeug,1052
7730,Bördelgerät,1052
7731,Montage-Kit,1052
7732,Demontagewerkzeug,1052
7733,Verlegeset,1052
7734,Montagewerkzeug,1052
7735,Montageanker,1053
7736,Fahrrad-Montageständer,1054
7737,Rad-Zentrierständer,1054
7738,Motivstanzer,1055
7739,Bordürenstanzer,1055
7740,Langarmstanzer,1055
7741,Ministanzer,1055
7742,Eckstanzer,1055
7743,Lochstanzer,1055
7744,Silhouettenstanzer,1055
7745,Locher,1055
7746,Elektromotorhacke,1056
7747,Benzinmotorhacke,1056
7748,Akku-Motorhacke,1056
7749,Motorhalterung,1057
7750,Spielcenter,1058
7751,Motorikschleife,1058
7752,Demenz-Handmuff,1058
7753,Motorikwürfel,1058
7754,Motorikbrett,1058
7755,Klopfbank,1058
7756,Diabolo,1058
7757,Mofaroller,1059
7758,Motorroller,1059
7759,Motorrad,1059
7760,Motorschubkarre,1060
7761,Raupendumper,1060
7762,Dumper,1060
7763,Akku-Motorsense,1061
7764,Elektro-Rasentrimmer,1061
7765,Elektro-Motorsense,1061
7766,Benzin-Motorsense,1061
7767,Akku-Rasentrimmer,1061
7768,Akku-Rasenkantenschneider,1061
7769,Benzin-Rasentrimmer,1061
7770,Benzin-Rasenkantenschneider,1061
7771,Akku-Freischneider,1061
7772,Benzin-Freischneider,1061
7773,Elektro-Freischneider,1061
7774,Mulchplatte,1062
7775,Mulchkit,1062
7776,Mulcheinsatz,1062
7777,Mulchsubstrat,1063
7778,Pinienrinde,1063
7779,Rindenmulch,1063
7780,Miscanthushäcksel,1063
7781,Kokosmulch,1063
7782,Kakaoschalen,1063
7783,Holzhäcksel,1063
7784,Rindenkompost,1063
7785,Akku-Multifunktionswerkzeug,1064
7786,Schnitzgerät,1064
7787,Graviergerät,1064
7788,Elektro-Multifunktionswerkzeug,1064
7789,Feinbohrschleifer,1064
7790,Bauschlüssel,1065
7791,Multitool,1065
7792,Schaltschrankschlüssel,1065
7793,Multihaarstyler,1066
7794,Warmluftbürste,1066
7795,Glätt- und Lockenstab,1066
7796,Kühler-Tunnel,1067
7797,AirFloss,1068
7798,Zahnzwischenraum-Reiniger,1068
7799,Munddusche,1068
7800,Reise-Munddusche,1068
7801,Nachfüllstation,1068
7802,Mundharmonikahalter,1069
7803,Mundharmonika-Oberplatte,1070
7804,Mundharmonika Ober- und Unterplatte,1070
7805,Mundharmonika-Unterplatte,1070
7806,Mundpflegecenter,1071
7807,Zahnpflege-Set,1071
7808,Didgeridoo-Mundstück,1072
7809,Melodika-Mundstück,1072
7810,Klarinettenmundstück,1072
7811,Hornmundstück,1072
7812,Saxophonmundstück,1072
7813,Trompeten-Mundstück,1072
7814,Posaunen-Mundstück,1072
7815,Tuba-Mundstück,1072
7816,Mundwasser,1073
7817,Mundspülung,1073
7818,Mundspray,1073
7819,Musikinstrumentenpedal,1074
7820,Gitarrenständer,1075
7821,Keyboardständer,1075
7822,Musikinstrumentenständer,1075
7823,Mikrofonständer,1075
7824,Pianoständer,1075
7825,Sperrzahnmutter,1076
7826,Sechskantmutter,1076
7827,Flügelgriffmutter,1076
7828,Kreuzgriffmutter,1076
7829,Kugelmutter,1076
7830,Blechmutter,1076
7831,Rändelgriffmutter,1076
7832,Gewindemuffe,1076
7833,Nutstein,1076
7834,Sterngriffmutter,1076
7835,Flügelmutter,1076
7836,Abreissmutter,1076
7837,Langmutter,1076
7838,Ringmutter,1076
7839,Einpressmutter,1076
7840,Hülsenmutter,1076
7841,Anschweißmutter,1076
7842,Hutmutter,1076
7843,Muttern,1076
7844,Verbindungsmutter,1076
7845,Sicherungsmutter,1076
7846,Vierkantmutter,1076
7847,Nutmutter,1076
7848,Schweißmutter,1076
7849,Rändelmutter,1076
7850,Setzmutter,1076
7851,Knebelmutter,1076
7852,Schraubdübel,1076
7853,Einschraubmutter,1076
7854,Einschlagmutter,1076
7855,Käfigmutter,1076
7856,Rohrmutter,1076
7857,Kronenmutter,1076
7858,Spannmutter,1076
7859,Rundmutter,1076
7860,Korbmutter,1076
7861,Schlitzmutter,1076
7862,Mähroboter-Garage,1077
7863,Dufflecoat,1078
7864,Daunenmantel,1078
7865,Umstandsmantel,1078
7866,Caban,1078
7867,Lederimitatmantel,1078
7868,Fellimitatmantel,1078
7869,Steppmantel,1078
7870,Wintermantel,1078
7871,Langmantel,1078
7872,3-in-1-Funktionsmantel,1078
7873,Wollmantel,1078
7874,Trenchcoat,1078
7875,Ledermantel,1078
7876,Wirkmantel,1078
7877,Strickmantel,1078
7878,Kurzmantel,1078
7879,Funktionsmantel,1078
7880,Jerseymantel,1078
7881,Neoprenmantel,1078
7882,Regenmantel,1078
7883,Softshellmantel,1078
7884,Reitmantel,1078
7885,Arztkittel,1078
7886,Buffetaufsatz,1079
7887,Aufsatzregal,1079
7888,Bettaufsatz,1079
7889,Regalaufsatz,1079
7890,TV-Aufsatz,1079
7891,Vitrinenaufsatz,1079
7892,Tischaufsatz,1079
7893,Aufsatzpaneel,1079
7894,Abdeckplatte,1079
7895,Küchenherdaufsatz,1079
7896,Schreibtischaufsatz,1079
7897,Schrankaufsatz,1079
7898,Frontblende,1080
7899,Sockelblende,1080
7900,Umleimer,1080
7901,Möbelblende,1080
7902,Fußblende,1080
7903,Kranzblende,1080
7904,Badewannenfüße,1081
7905,Möbelfuß,1081
7906,Vibrationsdämpfer,1081
7907,Möbelkufe,1081
7908,Stellfuß,1081
7909,Duschwannenfüße,1081
7910,Erhöhungs-Set,1081
7911,Erhöhungsring,1081
7912,Begrenzungsleiste,1082
7913,Bodenplatte,1082
7914,Unterbausockel,1082
7915,Möbelleiste,1082
7916,Drehteller,1082
7917,Podest,1082
7918,Möbelrolle,1083
7919,Lenkrolle,1083
7920,Stuhlrolle,1083
7921,Gerüstrolle,1083
7922,Doppelrolle,1083
7923,Schwerlastrolle,1083
7924,Müllsackständer-Rolle,1083
7925,Torlaufrolle,1083
7926,Regalwange,1084
7927,Schrankwange,1084
7928,Mörser,1085
7929,Ausklopfbehälter,1086
7930,Aschekasten,1086
7931,Aschenbecher,1086
7932,Biomülleimer,1086
7933,Einbaumülleimer,1086
7934,Mülltrennsystem,1086
7935,Windeleimer,1086
7936,Müllsackständer,1086
7937,Mülleimer,1086
7938,Kosmetikeimer,1086
7939,Papierkorb,1086
7940,Tischrestebehälter,1086
7941,Kaffeesatzbehälter,1086
7942,Schlupfmütze,1087
7943,Fellimitatmützen,1087
7944,Sturmhaube,1087
7945,Stirnband,1087
7946,Hijab,1087
7947,Neoprenmütze,1087
7948,Schiebermütze,1087
7949,Bommelmütze,1087
7950,Ohrenmütze,1087
7951,Jerseymütze,1087
7952,Ballonmütze,1087
7953,Baskenmütze,1087
7954,Plüschmütze,1087
7955,Unterhelmmütze,1087
7956,Strickmütze,1087
7957,Ohrenwärmer,1087
7958,Beanie,1087
7959,Schirmmütze,1087
7960,Fleecemütze,1087
7961,Legionärsmütze,1087
7962,Skimütze,1087
7963,Turbanmütze,1087
7964,Neoprenhaube,1087
7965,Erstlingsmütze,1087
7966,Wendemütze,1087
7967,Dockermütze,1087
7968,Medienserver,1088
7969,NAS-Server,1088
7970,NAS-Gehäuse,1088
7971,Nachtsichtgerät,1089
7972,Nachziehfahrzeug,1090
7973,Nachziehspielzeug,1090
7974,Nachziehtier,1090
7975,Schiebestab,1090
7976,Bad Station,1091
7977,Maniküre-Bartpflege-Etui,1091
7978,Maniküre-Etui,1091
7979,Babypflege-Set,1091
7980,Kinder-Etui,1091
7981,Maniküre-Kosmetik-Etui,1091
7982,Keramik-Nagelfeile,1092
7983,Saphir-Nagelfeile,1092
7984,Mineral-Nagelfeile,1092
7985,Glasnagelfeile,1092
7986,Polierblock,1092
7987,Sandblatt-Nagelfeile,1092
7988,Polierfeile,1092
7989,Reiseformfeile,1092
7990,UV-Gel,1093
7991,UV-Nagellack,1093
7992,Medizinischer Nagellack,1093
7993,Überlack,1093
7994,Nagellacktrockner,1093
7995,Gel-Nagellack,1093
7996,Nagellack-Set,1093
7997,UV-Nagellack-Set,1093
7998,Nagellack,1093
7999,Unterlack,1093
8000,Acryl-Pulver,1093
8001,Peel-Off Aktivator,1094
8002,Nagellackentferner,1094
8003,Nagellackentferner-Creme,1094
8004,Nagellackentfernerstift,1094
8005,Nagellackentferner-Pads,1094
8006,Nagellackentferner-Bad,1094
8007,Nagelversiegelungsgerät,1095
8008,Maniküre-Pediküre-Set,1095
8009,Beauty-Multigerät,1095
8010,Lichthärtungsgerät,1095
8011,Nagel-Intensivkur,1096
8012,Nagelpflegebalsam,1096
8013,Nagelweicher,1096
8014,Nagelpflegestift,1096
8015,Nagelpflegecreme,1096
8016,Nagelhautpflege,1096
8017,Nagelpflegeöl,1096
8018,Nagelhautentferner,1096
8019,Nagelpflege-Set,1096
8020,Nagelpflegeserum,1096
8021,Nagelhautgel,1096
8022,Nagelpilz-Behandlungsstift,1096
8023,Nagelhärter,1096
8024,Nagelhautbutter,1096
8025,Nagelhautcreme,1096
8026,Nagler,1097
8027,Druckluft-Nagler,1097
8028,Stauchkopfnagler,1097
8029,Nagelzange,1098
8030,Nagelhautzange,1098
8031,Nagelknipser-Set,1098
8032,Nagelknipser,1098
8033,Multi-Tool,1098
8034,Fußnagelknipser,1098
8035,Baby-Fußnagelknipser,1098
8036,Nagelhautmesser,1098
8037,Ballaststoffe,1099
8038,Collagen,1099
8039,Enzyme,1099
8040,Extrakte,1099
8041,Folsäure,1099
8042,Hormone,1099
8043,Mikroalgen,1099
8044,Mineralerde,1099
8045,Probiotika,1099
8046,Vitamine,1099
8047,Öle,1099
8048,Aminosäuren,1099
8049,Mineralstoffe,1099
8050,Kreatin,1099
8051,Kohlenhydrate,1099
8052,Protein,1099
8053,Phospholipide,1099
8054,Geschmackspulver,1099
8055,Polyphenole,1099
8056,Trainingsbooster,1099
8057,Hyaluronsäure,1099
8058,Lecithin,1099
8059,Nasensauger-Ersatzteile,1100
8060,Nasensauger,1100
8061,Nasendusche,1100
8062,Fischpellets,1101
8063,Angelteig,1101
8064,Tigernüsse,1101
8065,Fischboilies,1101
8066,Angelmais,1101
8067,mobiles Navigationsgerät,1102
8068,LKW-Navigationsgerät,1102
8069,Wander-Navigationsgerät,1102
8070,maritimes Navigationsgerät,1102
8071,Geocaching,1102
8072,Motorrad-Navigationsgerät,1102
8073,Outdoor-Navigationsgerät,1102
8074,Fahrrad-Navigationsgerät,1102
8075,PKW-Navigationsgerät,1102
8076,Navigationsgerät,1102
8077,Einbau-Navigationsgerät,1102
8078,KFZ-Netzteil,1103
8079,LED Trafo,1103
8080,Hutschienen-Netzteil,1103
8081,Handy-Netzteile,1103
8082,Inselwechselrichter,1103
8083,AC/DC-Einbaunetzteil,1103
8084,Netzteil,1103
8085,Universal-Netzteil,1103
8086,Steckernetzteil,1103
8087,Labor-Netzteil,1103
8088,Tischnetzteil,1103
8089,PC-Netzteil,1103
8090,Trafo,1103
8091,Notebook-Netzteil,1103
8092,Waschtisch-Schalternetzteil,1103
8093,Kamera-Netzteil,1103
8094,Netzwerk-Patch-Panel,1104
8095,Netzwerk-Panel,1104
8096,Netzwerk-Switch,1105
8097,Netzwerkschrank,1106
8098,Wandgehäuse,1106
8099,Serverschrank,1106
8100,Rack,1106
8101,Nierengurt,1107
8102,Blindniete,1108
8103,Niete,1108
8104,Ultrabook,1109
8105,Gaming-Notebook,1109
8106,Convertible Notebook,1109
8107,Notebook,1109
8108,Business-Notebook,1109
8109,Chromebook,1109
8110,Netbook,1109
8111,Notenpult,1110
8112,Garagen-Notentriegelung,1111
8113,Garagen-Notentriegelungsschloss,1111
8114,Verbandbuch,1112
8115,Skizzenbuch,1112
8116,Poesiealbum,1112
8117,Elektronisches Tagebuch,1112
8118,Notizheft,1112
8119,Tagebuch,1112
8120,Notizbuch,1112
8121,Zeichenalbum,1112
8122,Freundebuch,1112
8123,Reisetagebuch,1112
8124,Malbuch,1112
8125,Stickerbuch,1112
8126,Notizzettel,1113
8127,Haftmarker,1113
8128,Haftnotizen,1113
8129,Nudeltrockner,1114
8130,Nudelmaschine,1114
8131,Nussknacker,1115
8132,Rundkopfnagel,1116
8133,Rinnenhalternagel,1116
8134,Drahtstift,1116
8135,Ankernagel,1116
8136,Hakennagel,1116
8137,Schraubnagel,1116
8138,Deckennagel,1116
8139,Stauchkopfnagel,1116
8140,Stahlnagel,1116
8141,Nagelplatte,1116
8142,Paneelstift,1116
8143,Erdnagel,1116
8144,Ziernagel,1116
8145,Krampen,1116
8146,Sockelleistenstift,1116
8147,Drallnagel,1116
8148,Dachpappenstift,1116
8149,Nagelschelle,1116
8150,Leistennagel,1116
8151,Doppelkopfstift,1116
8152,Rasennagel,1116
8153,Nagel,1116
8154,Stahlrillennagel,1116
8155,Polsternagel,1116
8156,Computer-Nähmaschine,1117
8157,Coverstich-Nähmaschine,1117
8158,Nähmaschine,1117
8159,Näh- und Stickmaschine,1117
8160,Freiarm-Nähmaschine,1117
8161,Overlock-Nähmaschine,1117
8162,Coverlockfuß,1118
8163,Nähfuß,1118
8164,Overlockfuß,1118
8165,Schrägband-Nähfuß,1118
8166,Schrägbandformer,1118
8167,Futternapf,1119
8168,Antischlingnapf,1119
8169,Reisenapf,1119
8170,Anti-Schlabber-Napf,1119
8171,Napf-Set,1119
8172,Futterstation,1119
8173,Napf,1119
8174,Florfliegen-Larven,1120
8175,Marienkäfer-Eier,1120
8176,Raubmilben,1120
8177,Kompostwürmer,1120
8178,Nematoden,1120
8179,Marienkäfer-Larven,1120
8180,Schlupfwespen,1120
8181,Lederfett,1121
8182,Bodenpflegemittel,1121
8183,Kunststoffpflegetücher,1121
8184,Lackschutz,1121
8185,Gartengeräte-Pflegespray,1121
8186,Leder-Pflegespray,1121
8187,Autopolitur,1121
8188,Holzpflegemilch,1121
8189,Schuhcreme,1121
8190,Reifenpflege,1121
8191,Lederbalsam,1121
8192,Ledermilch,1121
8193,Ledersohlenöl,1121
8194,Lederpflege,1121
8195,Ledergrundierung,1121
8196,Lederöl,1121
8197,Autowachs,1121
8198,Schuh-Farbwachs,1121
8199,Politur,1121
8200,Imprägnierspray,1121
8201,Sprühwachs,1121
8202,Schuh-Imprägnierschaum,1121
8203,Kunststoffpflegemittel,1121
8204,Schuh-Pflegeschaum,1121
8205,Holzpflegeöl,1121
8206,Lackpolitur,1121
8207,Naturstein-Imprägnierung,1121
8208,Scheibenversiegelung,1121
8209,Reißverschlusswachs,1121
8210,Schutzwachs,1121
8211,Felgenversiegelung,1121
8212,Schuh-Imprägnierspray,1121
8213,Lederpflegeset,1121
8214,Scheinwerferpolitur,1121
8215,Dehnungsspray,1121
8216,Imprägnierschaum,1121
8217,Möbelpflegeöl-Set,1121
8218,Schuh-Dehnungsmittel,1121
8219,Surfwachs,1121
8220,Brillen-Antibeschlagspray,1121
8221,Objektivring,1122
8222,Objektivadapter,1122
8223,Objektivfrontdeckel,1123
8224,Objektivrückdeckel,1123
8225,Objektivdeckel,1123
8226,Gehäusedeckel,1123
8227,Ultraweitwinkel-Zoomobjektiv,1124
8228,Superweitwinkelobjektiv,1124
8229,Teleobjektiv,1124
8230,Normalobjektiv,1124
8231,Objektiveadapter,1124
8232,Objektiv,1124
8233,Projektionsobjektiv,1124
8234,Zoomobjektiv,1124
8235,Pancakeobjektiv,1124
8236,Spezialobjektiv,1124
8237,Telekonverter,1124
8238,Superzoomobjektiv,1124
8239,Weitwinkelobjektiv,1124
8240,Infrarotobjektiv,1124
8241,Ultra-Weitwinkelobjektiv,1124
8242,Makroobjektiv,1124
8243,Fisheyeobjektiv,1124
8244,Festbrennweiteobjektiv,1124
8245,Telezoomobjektiv,1124
8246,Ultra-Telezoomobjektiv,1124
8247,Graufilter,1125
8248,Gegenlichtblende,1125
8249,Objektivzubehör,1125
8250,Steckfilter,1125
8251,Korrekturfilter,1125
8252,Filter für Studiobeleuchtung,1125
8253,Unterwasserfilter,1125
8254,Verlaufsfilter,1125
8255,Farbfilter,1125
8256,zirkularer Polfilter,1125
8257,Effektfilter,1125
8258,linearer Polfilter,1125
8259,Schutzfilter,1125
8260,Foto-UV-Filter,1125
8261,Weichzeichner,1125
8262,Polfilter,1125
8263,Infrarotfilter,1125
8264,Sternfilter,1125
8265,Foto-Filter-Sets,1125
8266,Filterhalter,1126
8267,Schraubfilter,1126
8268,Objektivhalterung,1127
8269,Objektivschelle,1127
8270,Objektträger,1128
8271,Obstpflücker,1129
8272,Ohrenreiniger,1130
8273,Elektrischer Ohrenreiniger,1130
8274,Ohrenkerze,1130
8275,Ohrenschmalz-Entferner,1130
8276,Single-Ohrhaken,1131
8277,Paar Ohrhaken,1131
8278,Ohrclip-Set,1131
8279,Ohrklemmen-Set,1131
8280,Ohrring-Set,1131
8281,Paar Ohrstecker mit Ohrklemme,1131
8282,Einhänger für Ohrschmuck,1131
8283,Creolen-Set,1131
8284,Klappcreolen,1131
8285,Single-Ohrmuschel,1131
8286,Single-Ohrstecker mit Ohrklemme,1131
8287,Perlenohrringe,1131
8288,Paar Ohrstecker,1131
8289,Paar Creolen,1131
8290,Ohrstecker-Set,1131
8291,Paar Ohrclips,1131
8292,Ohrhänger-Set,1131
8293,Ohrklemme,1131
8294,Single-Creole,1131
8295,Paar Ohrklemmen,1131
8296,Single-Ohrstecker,1131
8297,Paar Ohrhänger,1131
8298,Ohrhaken-Set,1131
8299,Aktenordner,1132
8300,Doppelordner,1132
8301,Präsentationsordner,1132
8302,Bankordner,1132
8303,Hängeordner,1132
8304,Osternest,1133
8305,Solardusche,1134
8306,Gartendusche,1134
8307,Anglermesser,1135
8308,Machete,1135
8309,Grasschermesser,1135
8310,Survival Knife,1135
8311,Taschenmesser,1135
8312,Strauchmesser,1135
8313,Cutter,1135
8314,Blumenmesser,1135
8315,SwissCard,1135
8316,Universalmesser,1135
8317,Bastelmesser,1135
8318,Fahrtenmesser,1135
8319,Jagdmesser,1135
8320,Strampler,1136
8321,Softshelloverall,1136
8322,Kurzoverall,1136
8323,Strandoverall,1136
8324,Plüschoverall,1136
8325,Schneeoverall,1136
8326,Maleranzug,1136
8327,7/8-Overall,1136
8328,Bandeauoverall,1136
8329,Regenoverall,1136
8330,Overall,1136
8331,Neckholder-Overall,1136
8332,Playsuit,1136
8333,Culotte-Overall,1136
8334,Fleeceoverall,1136
8335,Schlafoverall,1136
8336,Umstandsoverall,1136
8337,Nickioverall,1136
8338,Motorradkombi,1136
8339,Jumpsuit,1136
8340,Spieler,1136
8341,Arbeitsoverall,1136
8342,PC-Geräuschdämmung,1137
8343,PC-Slotblende,1138
8344,PC-Lüfter Hub,1139
8345,Handpaddel,1140
8346,SUP-Paddel,1140
8347,Kanadierpaddel,1140
8348,Kajakpaddel,1140
8349,Schlauchbootpaddel,1140
8350,Drachenbootpaddel,1140
8351,Deckenpaneel,1141
8352,3D Wandpaneel,1141
8353,Verkleidungspaneel,1141
8354,Verblender,1141
8355,Wandpaneel,1141
8356,Deckenplatten,1141
8357,Schallschutzpaneel,1141
8358,Verblendsteine,1141
8359,Dekorpaneele,1141
8360,Pompon,1142
8361,Papiersterne,1142
8362,Papierblumen,1142
8363,Wabenball,1142
8364,Papierspitztüten,1142
8365,Girlande,1142
8366,Wimpelkette,1142
8367,Papierfächer,1142
8368,Wabendekoration,1142
8369,Papierschmetterlinge,1142
8370,Papierdekoration,1142
8371,Konfetti,1142
8372,Papierstern,1142
8373,Papierlaterne,1142
8374,Schultüte,1142
8375,Pinata,1142
8376,Papierrosette,1142
8377,Click-Ornamente,1142
8378,Luftschlange,1142
8379,Papierengel,1142
8380,Recyclingpapier,1143
8381,Aquarellpapier,1143
8382,Bastelkartonpapier,1143
8383,Pergamentpapier,1143
8384,Motivpapier,1143
8385,Farblaser-Druckerpapier,1143
8386,Kraftpapier,1143
8387,Transparentpapier,1143
8388,Seidenpapier,1143
8389,Backpapier,1143
8390,Plotterpapier,1143
8391,Druckerpapier,1143
8392,Wachspapier,1143
8393,Millimeterpapier,1143
8394,Papierkarton,1143
8395,Etikettenpapier,1143
8396,Laser-Druckerpapier,1143
8397,Fotopapier,1143
8398,Designpapier,1143
8399,Zeichenpapier,1143
8400,Briefpapier,1143
8401,Kopierpapier,1143
8402,Feinpapier,1143
8403,Drucker- und Kopierpapier,1143
8404,Endlospapier,1143
8405,Geschäftspapier,1143
8406,Bindedeckblätter,1143
8407,Trennstreifen,1143
8408,Karteikarten,1143
8409,Papierschneidegerät,1144
8410,Rollenschneidemaschine,1144
8411,Hebelschneidemaschine,1144
8412,Schneideplotter,1144
8413,Papierküchenrolle,1145
8414,Kosmetiktücher,1145
8415,Papiertaschentücher,1145
8416,Papierhandtuch,1145
8417,Toilettenpapier,1145
8418,Einmal-Waschhandschuh,1145
8419,Paraffinbad,1146
8420,Parallelschaltbox,1147
8421,Körperspray,1148
8422,Eau de Solide,1148
8423,Eau Fraiche,1148
8424,Eau de Toilette,1148
8425,Haarparfüm,1148
8426,Öl-Parfüm,1148
8427,Eau de Cologne,1148
8428,Eau de Parfum,1148
8429,Körperpflegeduft,1148
8430,Extrait Parfum,1148
8431,Duft-Set,1148
8432,Parfum,1148
8433,Pavillon-Ersatzdach,1149
8434,Holzpavillon,1150
8435,Partyzelt,1150
8436,Grillpavillon,1150
8437,Faltpavillon,1150
8438,Pavillon,1150
8439,Anbaupavillon,1150
8440,Pavillonseitenteil,1151
8441,Terrassendach-Seitenwand,1151
8442,Springgerte,1152
8443,Fahrpeitsche,1152
8444,Bogenpeitsche,1152
8445,Bodenarbeitsgerte,1152
8446,Voltigierpeitsche,1152
8447,Longiergerte,1152
8448,Reitgerte,1152
8449,Longierpeitsche,1152
8450,Teleskop-Peitsche,1152
8451,Dressurgerte,1152
8452,Pergola,1153
8453,Periskop,1154
8454,Körper-Analyse-Waage,1155
8455,Personenwaage,1155
8456,Kunsthaar-Extension,1156
8457,Echthaar-Extension,1156
8458,Toupet,1156
8459,Kunsthaarperücke,1156
8460,Echthaarperücke,1156
8461,Kostüm-Perücke,1156
8462,Raclettepfännchen,1157
8463,Servierpfanne,1157
8464,Paellapfanne,1157
8465,Teppanyakiplatte,1157
8466,Poffertjespfanne,1157
8467,Pfannen-Set,1157
8468,Wok,1157
8469,Fischpfanne,1157
8470,Schmorpfanne,1157
8471,Popcorn-Pfanne,1157
8472,Grillpfanne,1157
8473,Crêpepfanne,1157
8474,Bratpfanne,1157
8475,Steakpfanne,1157
8476,Feuerschalen-Pfanne,1157
8477,Dartpfeil,1158
8478,Softdarts,1158
8479,Carbonpfeil,1158
8480,Pfeilschaft,1158
8481,LARP-Pfeil,1158
8482,Holzpfeil,1158
8483,Dart-Flights,1159
8484,Pferde-Transportdecke,1160
8485,Pferde-Stalldecke,1160
8486,Pferde-Reflexdecke,1160
8487,Pferde-Abschwitzdecke,1160
8488,Fohlendecke,1160
8489,Pferde-Halsteil,1160
8490,Führmaschinendecke,1160
8491,Pferde-Nierendecke,1160
8492,Paddockdecke,1160
8493,Führanlagendecke,1160
8494,Ausreitdecke,1160
8495,Pferde-Unterdecke,1160
8496,Pferde-Satteldecke,1160
8497,Pferde-Regendecke,1160
8498,Pferde-Übergangsdecke,1160
8499,Ekzemerdecke,1160
8500,Pferde-Thermodecke,1160
8501,Pferde-Fliegendecke,1160
8502,Trensengebiss,1161
8503,Stangengebiss,1161
8504,Fahrgebiss,1161
8505,Kandarengebiss,1161
8506,Gummigebiss,1161
8507,gebrochenes Gebiss,1161
8508,Reitkissen,1162
8509,Dressursattel,1162
8510,Vielseitigkeitssattel,1162
8511,Springsattel,1162
8512,Wanderreitsattel,1162
8513,Westernsattel,1162
8514,Olivenbaum,1163
8515,Baum,1163
8516,Apfelbaum,1163
8517,Wasserpflanze,1163
8518,Zierstrauch,1163
8519,Pflaumenbaum,1163
8520,Birnbaum,1163
8521,Clementinenbaum,1163
8522,Balkonpflanze,1163
8523,Bodendecker,1163
8524,Gemüsepflanze,1163
8525,Topfpflanze,1163
8526,Feigenbaum,1163
8527,Hecken,1163
8528,Süßkirschenbaum,1163
8529,Kletterpflanze,1163
8530,Gräser,1163
8531,Beetpflanze,1163
8532,Zitronenbaum,1163
8533,Nektarinenbaum,1163
8534,Zimmerpflanze,1163
8535,Pfirsichbaum,1163
8536,Obstpflanze,1163
8537,Sauerkirschenbaum,1163
8538,Bananenbaum,1163
8539,Infinity-Rosen,1163
8540,Gehölze,1163
8541,Staude,1163
8542,Gewürzkraut,1163
8543,Kaktus,1163
8544,Sukkulente,1163
8545,Wandpflanze,1163
8546,Walnussbaum,1163
8547,Kübelpflanzen,1163
8548,Mirabellenbaum,1163
8549,Rose,1163
8550,Konifere,1163
8551,Bambus,1163
8552,Übertopf,1164
8553,Blumentopf,1164
8554,Kräuterbeet,1164
8555,Balkonkasten,1164
8556,Anzuchttopf,1164
8557,Kräuterspirale,1164
8558,Weidenkorb,1164
8559,Pflanzentreppe,1164
8560,Wasserhyazinthenvase,1164
8561,Anzuchttablett,1164
8562,Blumenkasten,1164
8563,Blumenbank,1164
8564,Pflanzkübel,1164
8565,Pflanzschale,1164
8566,Hochbeet,1164
8567,Blumenständer,1164
8568,Pflanzeinsatz,1164
8569,Kräutertopf,1164
8570,Jardiniere,1164
8571,Wasserhyazinthentopf,1164
8572,Frühbeet,1164
8573,Anzuchtdeckel,1164
8574,Blumenzwiebeln,1165
8575,Warzenpflaster,1166
8576,Hornhautpflaster,1166
8577,Wärmepflaster,1166
8578,Blasenpflaster,1166
8579,Wundpflaster,1166
8580,Druckstellenpflaster,1166
8581,Entgiftungspflaster,1166
8582,Anti-Pickel-Pflaster,1166
8583,Magnetpflaster,1166
8584,Nasenpflaster,1166
8585,Hühneraugenpflaster,1166
8586,Bienen- und Wespenpflaster,1166
8587,Insektenstichpflaster,1166
8588,Anti-Schnarch-Mundpflaster,1166
8589,Pfotenschutz,1167
8590,Schutzstiefel,1167
8591,Schutzsocken,1167
8592,Intimpiercing,1168
8593,Dehnsichel-Set,1168
8594,Bauchnabelpiercing,1168
8595,Piercing-Set,1168
8596,Plug-Set,1168
8597,Plug,1168
8598,Brustwarzenpiercing,1168
8599,Nasenpiercing-Set,1168
8600,Piercing-Implantat-Set,1168
8601,Augenbrauenpiercing,1168
8602,Dehnsichel,1168
8603,Dehnschnecke,1168
8604,Fake-Ear-Plug,1168
8605,Nasenpiercing,1168
8606,Fake-Spiral-Set,1168
8607,Brustwarzenpiercing-Set,1168
8608,Bauchnabelpiercing-Set,1168
8609,Dehnungsstab,1168
8610,Fake-Spirale,1168
8611,Augenbrauenpiercing-Set,1168
8612,Fake-Ear-Plug-Set,1168
8613,Piercing-Implantat,1168
8614,Dehnschnecken-Set,1168
8615,Pinnnadel,1169
8616,Heftzwecke,1169
8617,Pinsel,1170
8618,Streichbürste,1170
8619,Plattpinsel,1170
8620,Deckenbürste,1170
8621,Flächenstreicher,1170
8622,Lasurpinsel,1170
8623,Fassadenpinsel,1170
8624,Ringpinsel,1170
8625,Lackierpinsel,1170
8626,Winkelpinsel,1170
8627,Flachpinsel,1170
8628,Heizkörperpinsel,1170
8629,Malpinsel,1170
8630,Vertreiber,1170
8631,Schrägstrichzieher,1170
8632,Zeckenpinzette,1171
8633,Lichtpinzette,1171
8634,Augenbrauenpinzette,1171
8635,Pinzette,1171
8636,Kreuzpinzette,1171
8637,Gesichtshaarentferner,1171
8638,Präzisionspinzette,1171
8639,Pitchgabel,1172
8640,Pizzaofen,1173
8641,Solarabdeckplane,1174
8642,Sonnenschirm-Schutzhülle,1174
8643,Laubschutznetz,1174
8644,Autoplane,1174
8645,Strandkorb-Schutzhülle,1174
8646,Wohnmobilschutzhülle,1174
8647,Wohnwagenschutzhülle,1174
8648,Pool-Abdeckplane,1174
8649,Hagelschutzplane,1174
8650,Gartenmöbel-Schutzhülle,1174
8651,Grill-Schutzhülle,1174
8652,Zeltunterlage,1174
8653,Pavillon-Schutzhülle,1174
8654,Rasentraktor-Schutzhülle,1174
8655,Heizstrahler-Schutzhülle,1174
8656,Sandkasten-Abdeckplane,1174
8657,Schutzplane,1174
8658,Rasenmäher-Schutzhülle,1174
8659,Fahrradschutzhülle,1174
8660,Faltgarage,1174
8661,Trampolin-Abdeckplane,1174
8662,Regenschutzplane,1174
8663,Winterschutzhaube,1174
8664,Bodenschutzplane,1174
8665,Gitterfolie,1174
8666,Planschbecken,1175
8667,Hundepool,1175
8668,Plattenspieler,1176
8669,Radioplattenspieler,1176
8670,Multifunktionsspieler,1176
8671,Soundmaster,1176
8672,Platzset,1177
8673,Plektrum,1178
8674,Plissee,1179
8675,Insektenschutzplissee,1179
8676,Wabenplissee,1179
8677,Dachfensterplissee,1179
8678,Doppelplissee,1179
8679,Klebe-Plissee,1179
8680,Plissee nach Maß,1179
8681,Dachfensterplissee nach Maß,1179
8682,Wabenplissee nach Maß,1179
8683,Doppelplissee nach Maß,1179
8684,Plyo-Box,1180
8685,Plüschanhänger,1181
8686,Kuscheltier,1181
8687,Plüschfigur,1181
8688,Poliermaschine,1182
8689,Akku-Poliermaschine,1182
8690,Exzenter Poliermaschine,1182
8691,Rotationspoliermaschine,1182
8692,Winkelpolierer,1182
8693,Polierpad,1183
8694,Batteriepolklemme,1184
8695,Ladezange,1184
8696,Auflagekissen,1185
8697,Kopfstütze,1185
8698,Wandpolster,1185
8699,Hochstuhlauflage,1185
8700,Bankauflage,1185
8701,Armlehnenkissen,1185
8702,Sitzauflage,1185
8703,Hochlehnerauflage,1185
8704,Zierkissen,1185
8705,Kopfteil,1185
8706,Liegenauflage,1185
8707,Sesselauflage,1185
8708,Inkontinenz-Sitzauflage,1185
8709,Polsterauflage,1185
8710,Hockerauflage,1185
8711,Sofakissen,1185
8712,Regalauflage,1185
8713,Sonnenschutzelement,1186
8714,Sofaelement,1186
8715,Sofa-Eckelement,1186
8716,Sofa-Mittelelement,1186
8717,Bügelpolster,1187
8718,Nachfüllpack,1187
8719,Poolbodensauger,1188
8720,Poolroboter,1188
8721,2-in-1-Popcornmaschine,1189
8722,Popcornmaschine,1189
8723,Enhancer,1190
8724,Gesichtssauna,1190
8725,Porenreiniger,1190
8726,Anti-Aging-Gerät,1190
8727,Genesungskarte,1191
8728,Geburtskarte,1191
8729,Geburt (Junge),1191
8730,Geburtstagskarte,1191
8731,Kommunionskarte,1191
8732,Osterkarte,1191
8733,Konfirmationskarte,1191
8734,Geschenkkarte,1191
8735,Beileidskarte,1191
8736,Abschiedskarte,1191
8737,Adventskarte,1191
8738,Postkarte,1191
8739,Einzugskarte,1191
8740,Glückwunschkarte,1191
8741,Weihnachtskarte,1191
8742,Valentinstagskarte,1191
8743,Ansichtskarte,1191
8744,Jubiläumskarte,1191
8745,Klappkarte,1191
8746,Muttertagskarte,1191
8747,Vatertagskarte,1191
8748,Dankeskarte,1191
8749,Grußkarte,1191
8750,Hochzeitskarte,1191
8751,Taufkarte,1191
8752,Schulanfangskarte,1191
8753,Geburt (Mädchen),1191
8754,Einladungskarten,1191
8755,Geburtstagskarten,1191
8756,Grußkarten,1191
8757,Blanko-Faltkarte,1191
8758,Blanko-Postkarte,1191
8759,Pouf,1192
8760,Chillkissen,1192
8761,Prepaidkarte,1193
8762,HD+ Karte,1193
8763,Rahmenprofil,1194
8764,Wandanschlussprofil,1194
8765,Hutprofil,1194
8766,Profil,1194
8767,Eckprofil,1194
8768,Anpassprofil,1194
8769,Winkelprofil,1194
8770,Treppenkantenprofil,1194
8771,Hochbeet-Profil,1194
8772,Flexprofil,1194
8773,Verbindungsprofil,1194
8774,Stabilisierungsprofil,1194
8775,Abschlussprofil,1194
8776,Aussteifungsprofil,1194
8777,Fensterbankanschlussprofil,1194
8778,Treppenläuferstange,1194
8779,Übergangsprofil,1194
8780,Ständerprofil,1194
8781,Deckenprofil,1194
8782,Anschlussprofil,1194
8783,Abdeckprofil,1194
8784,Laufschienenprofil,1194
8785,Profilverbinder,1195
8786,Gelenkverbinder,1195
8787,Eckverbinder,1195
8788,Führungsschienenverbinder,1195
8789,Streckenverbinder,1195
8790,Profil-Eckverbinder,1195
8791,Pull-Up-Leinwand,1196
8792,Stativleinwand,1196
8793,Rolloleinwand,1196
8794,Motorleinwand,1196
8795,Tischleinwand,1196
8796,Deckeneinbauleinwand,1196
8797,Rahmenleinwand,1196
8798,Faltrahmenleinwand,1196
8799,Bootspropeller,1197
8800,Drohnenpropeller,1197
8801,Modellbaupropeller,1197
8802,Prospekthülle,1198
8803,Visitenkartenhülle,1198
8804,Hockey Halsprotektor,1199
8805,Feldhockey Torwartkicker,1199
8806,Ellenbogenprotektor,1199
8807,Kopfprotektor,1199
8808,Eishockey Torwartschiene,1199
8809,Zahnschutz,1199
8810,Schutzjacke,1199
8811,Ju-Jutsu Handschutz,1199
8812,Knieschleifer,1199
8813,Protektorenhemd,1199
8814,Kopfschutz,1199
8815,Ellenbogenschutz,1199
8816,Protektoren-Set,1199
8817,Fußball Schienbeinschoner,1199
8818,Feldhockey Brustpanzer,1199
8819,Hüftschutz,1199
8820,Hockey Ellenbogenschutz,1199
8821,Schulterprotektor,1199
8822,Schulterschutz,1199
8823,Brustprotektor,1199
8824,Handschutz,1199
8825,Fußschutz,1199
8826,Protektorenjacke,1199
8827,Feldhockey Schienbeinschoner,1199
8828,Protektorenshorts,1199
8829,Knieprotektor,1199
8830,Protektorenhose,1199
8831,Armschoner,1199
8832,Protektorenweste,1199
8833,Stützband,1199
8834,Protektorenshirt,1199
8835,Eishockey Brustpanzer,1199
8836,Brustpanzer,1199
8837,Nackenschutz,1199
8838,Schutzweste,1199
8839,Halsprotektor,1199
8840,Feldhockey Torwartschiene,1199
8841,Brustschutz,1199
8842,Tiefschutz,1199
8843,Schutzhose,1199
8844,Hockey Knieschutz,1199
8845,Rückgrat-/Rückenprotektor,1199
8846,Hockey Eckenmaske,1199
8847,Prallschutzweste,1199
8848,Kampfsport Schienbeinschoner,1199
8849,Handgelenkschutz,1199
8850,Handschoner,1199
8851,Schienbeinschutz,1199
8852,Knieschutz,1199
8853,Eishockey Schienbeinschoner,1199
8854,Rückgrat-/Rückenschutz,1199
8855,Fingertab,1199
8856,Bogen-Armschutz,1199
8857,Prozessor,1200
8858,Mikroskop-Dauerpräparat,1201
8859,Präzisionswaage,1202
8860,Longpullunder,1203
8861,Carmenpullover,1203
8862,Wollpullover,1203
8863,Troyer,1203
8864,3/4 Arm-Pullover,1203
8865,Kurzarmpullover,1203
8866,Trachtenponcho,1203
8867,Stillpullover,1203
8868,Longpullover,1203
8869,Norwegerpullover,1203
8870,Strandpullover,1203
8871,Jacquardpullover,1203
8872,Rollkragenpullover,1203
8873,Rhombenpullover,1203
8874,Fledermauspullover,1203
8875,Trainingskapuzenpullover,1203
8876,V-Ausschnitt-Pullover,1203
8877,Vokuhila-Pullover,1203
8878,Wickelpullover,1203
8879,Pullunder,1203
8880,Rundhalspullover,1203
8881,Kapuzenpullover,1203
8882,Streifenpullover,1203
8883,Strickfleece-Pullover,1203
8884,Ajourpullover,1203
8885,Neopren-Hoodie,1203
8886,Wasserfallpullover,1203
8887,2-in-1-Pullover,1203
8888,Kaschmirpullover,1203
8889,Schalkragenpullover,1203
8890,Weihnachtspullover,1203
8891,Stehkragenpullover,1203
8892,Polokragenpullover,1203
8893,Strickpullover,1203
8894,Strickponcho,1203
8895,Umstandspullover,1203
8896,Trainingspullover,1203
8897,Hebeanlage,1204
8898,Gartenpumpe,1204
8899,Klarwasserpumpe,1204
8900,SUP-Pumpe,1204
8901,Solarpumpe,1204
8902,Doppelkopfpumpe,1204
8903,Ölabsaugpumpe,1204
8904,Gabelpumpe,1204
8905,Schmutzwasser-Tauchpumpe,1204
8906,Aquarienpumpe,1204
8907,Schutzwasserpumpe,1204
8908,Dämpferpumpe,1204
8909,Hauswasserwerk,1204
8910,Standpumpe,1204
8911,Kitepumpe,1204
8912,Akku-Gartenpumpe,1204
8913,Springbrunnenpumpe,1204
8914,Tauchpumpe,1204
8915,Filterpumpe,1204
8916,Teichpumpe,1204
8917,Grillgebläse,1204
8918,Fußpumpe,1204
8919,CO2-Pumpe,1204
8920,Schmutzwasserpumpe,1204
8921,Hochdruckpumpe,1204
8922,Wasserpumpe,1204
8923,Akku-Luftpumpe,1204
8924,Blasebalg,1204
8925,Regenfasspumpe,1204
8926,Fahrradpumpe,1204
8927,Wasserkühlungspumpe,1204
8928,Minipumpe,1204
8929,Handpumpe,1204
8930,Tiefbrunnenpumpe,1204
8931,Luftpumpe,1204
8932,Pool-Filterpumpe,1204
8933,Elektropumpe,1204
8934,Umwälzpumpe,1204
8935,Bachlaufpumpe,1204
8936,Tauchdruckpumpe,1204
8937,Whirlpool-Pumpe,1204
8938,Ballpumpe,1204
8939,Meerjungfrauenpuppe,1205
8940,Fingerpuppe,1205
8941,Stehpuppe,1205
8942,Babypuppe,1205
8943,Porzellanpuppe,1205
8944,Handpuppe,1205
8945,Anziehpuppe,1205
8946,Minipuppe,1205
8947,Stoffpuppe,1205
8948,Biegepuppe,1205
8949,Puppen Zelt,1206
8950,Puppen Schnuller,1206
8951,Puppen Accessoires-Set,1206
8952,Puppen Helm,1206
8953,Puppen-Tischsitz,1206
8954,Puppen Trage,1206
8955,Puppen Schuhe,1206
8956,Puppen Koffer,1206
8957,Puppenschaukel,1206
8958,Puppen Zelte,1206
8959,Puppentier,1206
8960,Puppen Schlafsack,1206
8961,Puppen Wickelzeug,1206
8962,Puppen Planschbecken,1206
8963,Puppen Ziehwagen,1206
8964,Puppen Liegestuhl,1206
8965,Puppen Töpfchen,1206
8966,Puppen Fahrradsitz,1206
8967,Puppen Bauchtrage,1206
8968,Puppen Windeln,1206
8969,Puppen Dusche,1206
8970,Puppen Reiseset,1206
8971,Puppen Bettwäsche,1206
8972,Puppen Toilette,1206
8973,Puppen Wickeltasche,1206
8974,Puppen Badewanne,1206
8975,Puppen Autositz,1206
8976,Puppen Spielcenter,1206
8977,Puppengeschirr,1206
8978,Puppen Tragetasche,1206
8979,Puppen Rucksack,1206
8980,Puppen Fahrzeug,1206
8981,Puppen Wickelrucksack,1206
8982,Puppen Flasche,1206
8983,Puppenhaus,1207
8984,Puppenkleidung,1208
8985,Puppenbett,1209
8986,Puppen Pflegecenter,1209
8987,Puppenwiege,1209
8988,Puppenwickeltisch,1209
8989,Puppenstuhl,1209
8990,Puppenhausmöbel,1209
8991,Puppentisch,1209
8992,Puppenhochstuhl,1209
8993,Puppenkleiderschrank,1209
8994,Puppenmöbel,1209
8995,Puppenschalensitz,1209
8996,Puppenwaschtisch,1209
8997,Puppentheater,1210
8998,Kasperletheater,1210
8999,Türtheater,1210
9000,Puppen-Zwillingsbuggy,1211
9001,Puppenkutsche,1211
9002,Kombi-Puppenwagen,1211
9003,Zwillingspuppenwagen,1211
9004,Puppenbuggy,1211
9005,Puppenschlitten,1211
9006,Puppenroller,1211
9007,Puppenwohnwagen,1211
9008,Puppenauto,1211
9009,Puppenwagen,1211
9010,Puppenfahrrad,1211
9011,Luftkalkputz,1212
9012,Kunstharzputz,1212
9013,Lehmputz,1212
9014,Kalkputz,1212
9015,Gipsputz,1212
9016,Kunststoffputz,1212
9017,Kalkzementputz,1212
9018,Baumwollputz,1212
9019,Silikonharzputz,1212
9020,Zementputz,1212
9021,Leichtputz,1212
9022,Sumpfkalkputz,1212
9023,Gips-Kalk-Putz,1212
9024,Dispersions-Silikatputz,1212
9025,Moppaufsatz,1213
9026,Mikrofasertuch,1213
9027,Pflegetuch,1213
9028,Wischbezug,1213
9029,Golftuch,1213
9030,Reinigungstuch,1213
9031,Schuhputztuch,1213
9032,Mikrofaserpad,1213
9033,Bildschirmreinigungstuch,1213
9034,Reinigungstücher,1213
9035,Wischmopp-Ersatzkopf,1213
9036,Puzzle-Tasche,1214
9037,Puzzlematte,1214
9038,Puzzle-Sortierschale,1214
9039,Puzzleunterlage,1214
9040,3D-Puzzle,1215
9041,Puzzleball,1215
9042,Steckpuzzle,1215
9043,Konturenpuzzle,1215
9044,Puzzle,1215
9045,Würfelpuzzle,1215
9046,Rahmenpuzzle,1215
9047,Startkasten,1216
9048,Markierungsscheibe,1216
9049,Wurfdistanz-Kasten,1216
9050,Pylone,1216
9051,Markierungshütchen,1216
9052,Leitkegel,1216
9053,E-Quad,1217
9054,Quad,1217
9055,ATV,1217
9056,Hilfsqueue,1218
9057,Billardqueue,1218
9058,RFID-Halsbandanhänger,1219
9059,Padelschläger,1220
9060,Federballschläger,1220
9061,Speed-Badmintonschläger,1220
9062,Beachballschläger,1220
9063,Pickleballschläger,1220
9064,Squashschläger,1220
9065,Softtennis-Schläger,1220
9066,Tennisschläger,1220
9067,Badmintonschläger,1220
9068,Raclette,1221
9069,Raclette und Fondue-Set,1221
9070,Radiergummi,1222
9071,Internet-Radio,1223
9072,Microanlage,1223
9073,CD-Radiorecorder,1223
9074,Steckdosen-Radio,1223
9075,Radio,1223
9076,Küchen-Radio,1223
9077,UKW-Radio,1223
9078,Boombox,1223
9079,Dockingstation,1223
9080,Stereoanlage,1223
9081,Netzwerkplayer,1223
9082,Digitalradio (DAB+),1223
9083,Fahrrad-Radio,1223
9084,Autoradio,1223
9085,KFZ Adapter,1223
9086,Retro-Radio,1223
9087,Weltempfänger,1223
9088,Baustellenradio,1223
9089,Uhrenradio,1223
9090,Notfallradio,1223
9091,Radkappen,1224
9092,Radkappe,1224
9093,Donauklammer,1225
9094,Schleuderquaste,1225
9095,Dekospange,1225
9096,Raffhalter,1225
9097,Schalhalter,1225
9098,Dekoklammer für Raffhalter,1225
9099,Schlüsselquaste,1225
9100,Raffhaken,1225
9101,Raffspange,1225
9102,Zugkordel,1225
9103,Bändchenrollo,1226
9104,Raffrollo,1226
9105,Plisseerollo,1226
9106,Magnetrollo,1226
9107,Raffrollo nach Maß,1226
9108,Laderampe,1227
9109,Hunderampe,1227
9110,Skaterrampe,1227
9111,Auffahrrampe,1227
9112,Fahrradrampe,1227
9113,Haustiertreppe,1227
9114,Schutzgitter-Bodenplatte,1227
9115,Rosenbogen,1228
9116,Spalier,1228
9117,Erdbeerreifer,1228
9118,Rankhilfe,1228
9119,Ranksäule,1228
9120,Rankgitter,1228
9121,Benzinrasenmäher,1229
9122,Akkurasenmäher,1229
9123,Elektrorasenmäher,1229
9124,Spindelmäher,1229
9125,Hochgrasmäher,1229
9126,Schlegelmäher,1229
9127,Rasenmähroboter,1230
9128,Rasentraktor,1231
9129,Akku-Rasentraktor,1231
9130,Körperrasierer,1232
9131,Augenbrauenrasierer,1232
9132,Shavette,1232
9133,Rasierhobel,1232
9134,Nassrasierer,1232
9135,Rasiermesser,1232
9136,Einwegrasierer,1232
9137,Enthaarungspad,1232
9138,Rasierklingen,1233
9139,Rasierpinsel,1234
9140,Rasierpinsel-Set,1234
9141,Reise-Rasierpinsel,1234
9142,Rasiertasse,1235
9143,Rasierschale,1235
9144,Rasiermug,1235
9145,Rasieremulsion,1236
9146,Rasierseife,1236
9147,Rasiermousse,1236
9148,Rasiercreme,1236
9149,Rasieröl,1236
9150,Rasiergel,1236
9151,Rasierschaum,1236
9152,Rasier-Set,1236
9153,Rasierset-Ständer,1237
9154,Reise-Rasierset,1237
9155,Rasierset,1237
9156,Stabrassel,1238
9157,Beißring-Rassel,1238
9158,Rasselring,1238
9159,Kuscheltier-Rassel,1238
9160,Rasselsocke,1238
9161,Rasselball,1238
9162,Thermostat-Empfänger,1239
9163,Raumthermostat,1239
9164,Thermostat-Sender,1239
9165,SAT-Receiver,1240
9166,AV-Receiver,1240
9167,Netzwerk-Receiver,1240
9168,CD-Receiver,1240
9169,Kabel-Receiver,1240
9170,DVB-T2 Receiver,1240
9171,Audio-Receiver,1240
9172,7.1-Kanal-AV-Netzwerk-Receiver,1240
9173,Stereo-Netzwerk-Receiver,1240
9174,Satellitenreceiver,1240
9175,Stereo-Receiver,1240
9176,DVB-T2 HD Receiver,1240
9177,Kombigerät,1240
9178,Kleinrechen,1241
9179,Rasenrechen,1241
9180,Gartenrechen,1241
9181,Rechenbesen,1241
9182,Verstellbesen,1241
9183,Blumenrechen,1241
9184,Bügelrechen,1241
9185,Rechen,1241
9186,Fächerbesen,1241
9187,Laubbesen,1241
9188,Schneidrechen,1241
9189,Rechenschieber,1242
9190,Reduzierring,1243
9191,Reduzierhülse,1243
9192,Blitzlichtreflektoren,1244
9193,Katzenauge,1244
9194,Fahrradreflektor,1244
9195,Reflektorband,1244
9196,LED-Sicherheitsband,1244
9197,Reflektor-Anhänger,1244
9198,Schieberegal,1245
9199,Regal,1245
9200,Schwerlastregal,1245
9201,Mehrzweckregal,1245
9202,Gewürzboard,1245
9203,Stufenregal,1245
9204,Badregal,1245
9205,Ablageregal,1245
9206,Bücherwand,1245
9207,Schlauchrollen-Regal,1245
9208,Flaschenregal,1245
9209,Türregal,1245
9210,Aktenregal,1245
9211,Schmuckregal,1245
9212,Küchenregal,1245
9213,Stauraumregal,1245
9214,Raumteiler,1245
9215,TV-Regal,1245
9216,Media-Regal,1245
9217,Wandregalhalter,1245
9218,Regalwagen,1245
9219,Standregal,1245
9220,Anbauregal,1245
9221,Leiterregal,1245
9222,Seitenregal,1245
9223,Duschablage,1245
9224,Raumteilerregal,1245
9225,Ablageelement,1245
9226,Steckregal,1245
9227,Spannregal,1245
9228,Deko-Wandregal,1245
9229,Bibliothek,1245
9230,Wandboard,1245
9231,Wandhängeschrank,1245
9232,Bücherregal,1245
9233,Schuhregal,1245
9234,Drehregal,1245
9235,Unterstellregal,1245
9236,Regalelement,1245
9237,Gewürzregal,1245
9238,Sportgeräte-Regalwagen,1245
9239,Hängeregal,1245
9240,Bücherturm,1245
9241,Stapelregal,1245
9242,Duschregal,1245
9243,Wandregal,1245
9244,Teleskopregal,1245
9245,CD-Regal,1245
9246,Kastenständer,1245
9247,Weinregal,1245
9248,Regalwürfel,1245
9249,Eckregal,1245
9250,Kinderregal,1245
9251,Gläserhalter,1245
9252,Angelschirm,1246
9253,Upside Down Regenschirm,1246
9254,Trekkingschirm,1246
9255,Langregenschirm,1246
9256,Golfregenschirm,1246
9257,Stockregenschirm,1246
9258,Taschenregenschirm,1246
9259,Kinderwagenschirm,1246
9260,Partnerschirm,1246
9261,Regenschirm-Wanderstock,1246
9262,Schirmständer,1247
9263,Rucksack-Regenschutz,1248
9264,Regenverdeck,1248
9265,Sportmatten-Regenschutz,1248
9266,Angelliegen-Schutzhülle,1248
9267,Angelstuhl-Schutzhülle,1248
9268,Kinderwagen-Regenschutzhülle,1248
9269,Kinderwagen-Sonnenschutzhülle,1248
9270,Golfbag-Regenschutz,1248
9271,Regentonne,1249
9272,Wasserreservoir,1249
9273,Regenwassertank,1249
9274,Regentonnenfüllautomat,1250
9275,Rasenmäher-Reifendecke,1251
9276,Bollerwagen-Reifendecke,1251
9277,Schubkarren-Reifendecke,1251
9278,Kinderwagen-Reifendecke,1251
9279,E-Scooter-Reifendecke,1251
9280,Reifenmontagemaschine,1252
9281,Reifenmontierhilfe,1252
9282,Reifenwuchtmaschine,1253
9283,Reinigungs-CD,1254
9284,Kamingarnitur,1255
9285,Reinigungs-Set,1255
9286,Tastatur-Reinigungs-Set,1255
9287,Plattenspieler-Reinigungs-Set,1255
9288,Bodenwischer,1255
9289,Wischmopp-Set,1255
9290,Bodenwischer-Set,1255
9291,Pool-Reinigungsset,1255
9292,Wischmopp,1255
9293,Tapezierbürste,1256
9294,Schuhputzbürste,1256
9295,Felgenbürste,1256
9296,Poolbürste,1256
9297,Dachrinnenreiniger,1256
9298,Drahtbürste,1256
9299,Golfschläger-Bürste,1256
9300,Krümelkehrer,1256
9301,Abziehbesen,1256
9302,Strukturbürste,1256
9303,Teppichkehrer,1256
9304,Tierhaarentferner,1256
9305,Fliesenrollenwasch-Set,1256
9306,WC-Reinigungsbürste,1256
9307,Grillbürste,1256
9308,Autowaschbürste,1256
9309,Straßenbesen,1256
9310,WC-Garnitur,1256
9311,Reinigungsbürsten-Set,1256
9312,Ersatzbürste,1256
9313,Fugenbürste,1256
9314,Reinigungsbürste,1256
9315,Kehrgarnitur,1256
9316,Wasserbesen,1256
9317,Kehrwalze,1256
9318,Käse-Schmierbürste,1256
9319,Polsterreiniger,1257
9320,Kunststoffreiniger,1257
9321,Uhrenreiniger,1257
9322,Grundreiniger,1257
9323,Kaffeefettlöser,1257
9324,Fussbodenreiniger,1257
9325,Naturstein-Reiniger,1257
9326,Entkalkungstabletten,1257
9327,Milchsystem-Reiniger,1257
9328,Felgenreiniger,1257
9329,Make-up Schwammreiniger,1257
9330,Schaumreiniger,1257
9331,Teppichreiniger,1257
9332,Reinigungskonzentrat,1257
9333,Bremsenreiniger,1257
9334,Spülmaschinenpulver,1257
9335,2-Phasen-Reinigungstabletten,1257
9336,Möbelreiniger,1257
9337,Vinyl- und Designbodenreiniger,1257
9338,Uhrenarmband-Reiniger,1257
9339,Laminatreiniger,1257
9340,Spülmaschinenpflege,1257
9341,Chromreiniger,1257
9342,Anti-Kalk-Patrone,1257
9343,Leder-Feuchttücher,1257
9344,Reinigungsspray,1257
9345,Schuhreiniger,1257
9346,Waschmaschinenpflege,1257
9347,Urinsteinlöser,1257
9348,Kalklöser,1257
9349,Scheuermilch,1257
9350,Flüssigreiniger,1257
9351,Universalreiniger,1257
9352,Toy-Reiniger,1257
9353,Holzreiniger,1257
9354,Lederreiniger,1257
9355,Campingtoilettenreiniger,1257
9356,Entkalker,1257
9357,Backofenreiniger,1257
9358,Canvas-Reiniger,1257
9359,Gummisohlenreiniger,1257
9360,Rußentferner,1257
9361,Hygienemittel,1257
9362,Fleckentferner,1257
9363,Schimmelentferner,1257
9364,Parkettreiniger,1257
9365,Schmuckreiniger,1257
9366,Steinbodenreiniger,1257
9367,Essigreiniger,1257
9368,Lackreiniger,1257
9369,Druckluftreiniger,1257
9370,Glasreiniger,1257
9371,Insektenentferner,1257
9372,Gelreiniger,1257
9373,Sprühreiniger,1257
9374,Scheibenreiniger,1257
9375,Wasserenthärter,1257
9376,Hygienespray,1257
9377,Neutralreiniger,1257
9378,Grillreiniger,1257
9379,Cockpit-Reiniger,1257
9380,Spezial-Meersalz,1257
9381,Flüssigentkalker,1257
9382,Staubsaugergranulat,1257
9383,Klingenöl,1257
9384,Autoshampoo,1257
9385,Spülmaschinentabs,1257
9386,Schmutzradierer,1257
9387,Holzboden-Feuchttücher,1257
9388,Auto-Reinigungsmittel,1257
9389,Reinigungstabletten,1257
9390,PU-Schaum-Reiniger,1257
9391,Klarspüler,1257
9392,Regeneriersalz,1257
9393,Sanitärreiniger,1257
9394,Grünbelagentferner,1257
9395,Reinigungsmasse,1257
9396,Pinselseife,1257
9397,Duschkabinenreiniger,1257
9398,Weichspüler,1257
9399,Edelstahlreiniger,1257
9400,Spülmaschinensalz,1257
9401,Golfballreiniger,1257
9402,Badreiniger,1257
9403,Zweiradreiniger,1257
9404,Pflegeset,1257
9405,Elektrorasierer Reinigungslösung,1257
9406,Armaturenreiniger,1257
9407,Rohrreiniger,1257
9408,Spülmaschinenreiniger,1257
9409,Scherkopfreiniger,1257
9410,Luftwäscher Gerätereiniger,1257
9411,WC-Reiniger,1257
9412,Milchkreislauf-Reiniger,1257
9413,Bleichmittel,1257
9414,Rostentferner,1257
9415,Küchenreiniger,1257
9416,Markisenreiniger,1257
9417,Glaskeramikreiniger,1257
9418,Colorwaschmittel,1257
9419,Waschsoda,1257
9420,Hygienespüler,1257
9421,Gallseife,1257
9422,Vollwaschmittel,1257
9423,Allzweckreiniger,1257
9424,Putzstein,1257
9425,Wollwaschmittel,1257
9426,Zitronenreiniger,1257
9427,Farb- und Schmutzfangtücher,1257
9428,Feinwaschmittel,1257
9429,Geschirrspülmittel,1257
9430,Feuchte Allzwecktücher,1257
9431,Spezialwaschmittel,1257
9432,Terrarienreiniger,1257
9433,Reinigungsalkohol,1257
9434,Mülltonnenreiniger,1257
9435,Kettensägenreiniger,1257
9436,Hand-Desinfektionsmittel,1257
9437,Oberflächen-Desinfektionsmittel,1257
9438,Bowlingball-Reiniger,1257
9439,Seifenpads,1257
9440,Kaffeevollautomaten-Reinigungsset,1257
9441,Reiskocher,1258
9442,Katzenangel,1259
9443,Reizangel,1259
9444,Reißverschluss,1260
9445,Reißnadel,1261
9446,Reißhaken,1261
9447,Unireißer,1261
9448,Reißfeder,1261
9449,Reißmeter,1261
9450,Baumreißer,1261
9451,Kfz-Relais,1262
9452,Relais-Modul,1262
9453,Zeitrelais,1262
9454,Rollladen-Trennrelais,1262
9455,Sicherheitsrelais,1262
9456,Batterie-Trennrelais,1262
9457,Stromstoßschalter,1262
9458,Reparatur-Set,1263
9459,Sanitär-Anschlussset,1263
9460,Reifen-Reparaturset,1263
9461,Pumpen-Reparaturset,1263
9462,Sanitär-Installationsset,1263
9463,Holz-Reparaturset,1263
9464,Unterwasser-Reparaturset,1263
9465,Glas-Reparaturset,1263
9466,Boden-Reparaturset,1263
9467,Fahrrad-Reparaturset,1263
9468,Kunststoff-Reparaturset,1263
9469,Laminat-Reparaturset,1263
9470,Drucker-Wartungskit,1263
9471,Staubsauger-Reparaturset,1263
9472,Wasser-Airbag,1264
9473,Rettungsgürtel,1264
9474,Krebsreuse,1265
9475,Aalreuse,1265
9476,Köderfischsenke,1265
9477,Fischreuse,1265
9478,Schälkopf,1266
9479,Rindenschäler,1266
9480,Zugmesser,1266
9481,Schäleisen,1266
9482,Loheisen,1266
9483,Kastendachrinne,1267
9484,Regenrinne,1267
9485,Dachrinne,1267
9486,Duschrinne,1267
9487,Entwässerungsrinne,1267
9488,Dachrinnenendstück,1267
9489,Roboter-Arena,1268
9490,Robotertier,1268
9491,IR-Roboter,1268
9492,Roboter-Block,1268
9493,Roboterbaustein,1268
9494,Roboter,1268
9495,Lernroboter,1268
9496,Roboter-Karte,1268
9497,CD-Rohling,1269
9498,DVD-Rohling,1269
9499,Blu-ray-Rohling,1269
9500,Rohrbieger,1270
9501,Betonstahl-Biegemaschine,1270
9502,Schweißfitting,1271
9503,Rohr-Reduzierstück,1271
9504,Steckfitting,1271
9505,Wasserstiel,1271
9506,PPR-Rohr,1271
9507,Muffenstopfen,1271
9508,Auspuff-Flexrohr,1271
9509,WC-Anschlussbogen,1271
9510,Druckspülrohr,1271
9511,PP-Rohr,1271
9512,PE-Rohr,1271
9513,Ablaufrohr,1271
9514,Verlängerungsrohr,1271
9515,Reinigungsrohr,1271
9516,WC-Ablaufbogen,1271
9517,HT-Rohr,1271
9518,WC-Gelenk-Ablaufbogen,1271
9519,Alu-Verbundrohr,1271
9520,Flexrohr,1271
9521,Gewindefitting,1271
9522,Regenfallrohr,1271
9523,Ofenrohr,1271
9524,Überschiebmuffe,1271
9525,Drainagerohr,1271
9526,Unterputz-Anschluss,1271
9527,WC-Anschlussrohr,1271
9528,Kupferrohr,1271
9529,Anschlussstutzen,1271
9530,Spülrohrbogen,1271
9531,Wandanschlussbogen,1271
9532,Verbundrohr,1271
9533,HDPE-Rohr,1271
9534,Wasserrohr,1271
9535,Pressfitting,1271
9536,Spülrohr,1271
9537,Langmuffe,1271
9538,Bogenverbinder,1271
9539,KG-Rohr,1271
9540,Lötfitting,1271
9541,Rohr-Reduziereinsatz,1271
9542,Brausearm,1271
9543,Deckenanschlussrohr,1271
9544,Leerrohr,1271
9545,Akku-Rohrreiniger,1272
9546,Rohrreinigungsmaschine,1272
9547,Rohrreinigungspumpe,1273
9548,Rohrreinigungspistole,1273
9549,Rohrreinigungsspirale,1273
9550,Abflussstab,1273
9551,Pümpel,1273
9552,Rohrreiniger-Schlauchaufsatz,1273
9553,Rohrverbinder,1274
9554,Indoor-Rollator,1275
9555,Rollator,1275
9556,Elektrischer Rollator,1275
9557,Core-Trainer,1276
9558,Rollbrett,1276
9559,Spielzeug-Gürtel,1277
9560,Seifenblasen Kanone,1277
9561,Spielzeug-Polizei Headset,1277
9562,Spielzeug-Ritterset,1277
9563,Spielzeug-Schutzweste,1277
9564,Spielzeug-Kamera,1277
9565,Spielzeug-Ritterschild,1277
9566,Spielwerkbank,1277
9567,Spielzeug-Schwert,1277
9568,Spielzeug-Helm,1277
9569,Spielzeug-Polizeikelle,1277
9570,Spielzeug-Sauerstoffmaske,1277
9571,Spielzeug-Frisierkoffer,1277
9572,Spielzeug-Polizei Megaphon,1277
9573,Spielzeug-Polizei Einsatzset,1277
9574,Spielzeug-Arztkoffer,1277
9575,Spielzeug-Axt,1277
9576,Sitzscooter,1278
9577,E-Scooter,1278
9578,Scooter,1278
9579,Balance Scooter,1278
9580,Cityroller,1278
9581,Balance Scooter Kart,1278
9582,E-Skates,1278
9583,Miniscooter,1278
9584,Dreiradscooter,1278
9585,Stuntscooter,1278
9586,Tretroller,1278
9587,Markisenmotor,1279
9588,Rollladenmotor,1279
9589,Rollomotor,1279
9590,Rollladen-Anschlagstopper,1280
9591,Teleskopwelle,1281
9592,Achtkantwelle,1281
9593,Steckwelle,1281
9594,Aufsatzrollladen,1282
9595,Solarrollladen,1282
9596,Rollladenprofil,1282
9597,Rollladenpanzer,1282
9598,Vorbaurollladen,1282
9599,Dachfensterrollo nach Maß,1283
9600,Doppelrollo nach Maß,1283
9601,Elektro-Rollo,1283
9602,Elektro-Doppelrollo,1283
9603,Batterierollo,1283
9604,Elektrisches Rollo,1283
9605,Batteriebetriebenes Rollo nach Maß,1283
9606,Doppelrollo,1283
9607,Verdunklungsrollo,1283
9608,Rollo,1283
9609,Seitenzugrollo,1283
9610,Elektro-Dopplerollo,1283
9611,Elektrisches Rollo nach Maß,1283
9612,Rollo nach Maß,1283
9613,Springrollo,1283
9614,Springrollo nach Maß,1283
9615,Dachfensterrollo,1283
9616,Seitenzugrollo nach Maß,1283
9617,Batteriebetriebenes Rollo,1283
9618,Insektenschutzrollo,1283
9619,Rollsammler,1284
9620,Elektrorollstuhl,1285
9621,Rollstuhl,1285
9622,Transportrollstuhl,1285
9623,Bürowagen,1286
9624,Rollcontainer,1286
9625,Servierwagen,1286
9626,Magnesiabehälter,1286
9627,Küchenwagen,1286
9628,Beistellwagen,1286
9629,Rollwagen,1286
9630,Reichweitenverstärker,1287
9631,Access Point,1287
9632,WLAN-Access Point,1287
9633,Smart-Stecker,1287
9634,LAN-Router,1287
9635,WLAN-Repeater,1287
9636,WLAN-Router,1287
9637,VPN-Router,1287
9638,DSL-Router,1287
9639,Mobiler Router,1287
9640,4G/LTE-Router,1287
9641,Bridge,1287
9642,Tennisrucksack,1288
9643,Vorschulranzen,1288
9644,Skirucksack,1288
9645,Tankrucksack,1288
9646,Notebookrucksack,1288
9647,Schulranzen,1288
9648,Cityrucksack,1288
9649,Minirucksack,1288
9650,Rucksack,1288
9651,Matchbag,1288
9652,Schulrucksack,1288
9653,Lawinenrucksack,1288
9654,Packsack,1288
9655,Sportrucksack,1288
9656,Kofferrucksack,1288
9657,Tourenrucksack,1288
9658,Wanderrucksack,1288
9659,Trinkrucksack,1288
9660,Reiserucksack,1288
9661,Tagesrucksack,1288
9662,Fotorucksack,1288
9663,Freizeitrucksack,1288
9664,Laptoprucksack,1288
9665,Hochtourenrucksack,1288
9666,Alpinrucksack,1288
9667,Trekkingrucksack,1288
9668,Fahrradrucksack,1288
9669,Kletterrucksack,1288
9670,Wickelrucksack,1288
9671,Daypack,1288
9672,Kinderrucksack,1288
9673,Angelrucksack,1288
9674,Picknickrucksack,1288
9675,Drohnenrucksack,1288
9676,Rudergerät,1289
9677,Ruderzugmaschine,1289
9678,Rudermaschine,1289
9679,Rutscher,1290
9680,Rutscherauto,1290
9681,Rutschmotorrad,1290
9682,Indoor-Rutsche,1291
9683,Rutsche,1291
9684,Anbaurutsche,1291
9685,Wellenrutsche,1291
9686,Radhülse,1292
9687,Sackkarren-Rad,1292
9688,Anhänger-Stützrad,1292
9689,Inlineskates-Rolle,1292
9690,Schubkarren-Rad,1292
9691,Rasentraktor-Rad,1292
9692,Longboard-Rolle,1292
9693,Kinderfahrzeug-Räder,1292
9694,Fahrrad-Laufrad,1292
9695,Fahrrad-Stützrad,1292
9696,Stützrad,1292
9697,Tretfahrzeug-Rad,1292
9698,Ersatzrad,1292
9699,Mähroboter-Rad,1292
9700,Räucherbox,1293
9701,Aromabox,1293
9702,Räucherstövchen,1294
9703,Räucherhaus,1294
9704,Räucherschale,1294
9705,Räuchermännchen,1294
9706,Räucherkelch,1294
9707,Räuchersäule,1294
9708,Räucherstäbchen-Halter,1294
9709,Shisha-Kopf,1294
9710,Räucherofen,1295
9711,Trachtenrock,1296
9712,Webrock,1296
9713,Tennisrock,1296
9714,Maxirock,1296
9715,Ballonrock,1296
9716,A-Linien-Rock,1296
9717,Jeansrock,1296
9718,Midirock,1296
9719,Skaterrock,1296
9720,O-Linien-Rock,1296
9721,Hockey Skort,1296
9722,Stufenrock,1296
9723,Strandrock,1296
9724,Tüllrock,1296
9725,Volantrock,1296
9726,Sommerrock,1296
9727,Minirock,1296
9728,Cordrock,1296
9729,Lederrock,1296
9730,Karorock,1296
9731,Cargorock,1296
9732,Unterrock,1296
9733,Paillettenrock,1296
9734,Schlupfrock,1296
9735,Rüschenrock,1296
9736,Golfrock,1296
9737,Latzrock,1296
9738,Crinklerock,1296
9739,Godetrock,1296
9740,Bleistiftrock,1296
9741,Sweatrock,1296
9742,Strickrock,1296
9743,Zipfelrock,1296
9744,Lederimitatrock,1296
9745,Hosenrock,1296
9746,Wickelrock,1296
9747,Jerseyrock,1296
9748,Satinrock,1296
9749,Plisseerock,1296
9750,Umstandsrock,1296
9751,Meshrock,1296
9752,Bahnenrock,1296
9753,Faltenrock,1296
9754,Skort,1296
9755,Kaffeeröster,1297
9756,Nussröster,1297
9757,Rückencremer,1298
9758,Sauna-Rückenlehne,1299
9759,Schlitten-Rückenlehne,1299
9760,Kajak-Rückenlehne,1299
9761,WC-Rückenlehne,1299
9762,SUP-Rückenlehne,1299
9763,Kanu-Rückenlehne,1299
9764,Rührstab,1300
9765,Rührquirl,1300
9766,Rührwerk,1301
9767,Rüttelplatte,1302
9768,Vibrationsstampfer,1302
9769,Sackkarre,1303
9770,Treppensackkarre,1303
9771,Sahnesyphon,1304
9772,Squashsaite,1305
9773,Saiten,1305
9774,Tennissaite,1305
9775,Badmintonsaite,1305
9776,Baritongitarre,1306
9777,Doppelhals-E-Gitarre,1306
9778,Doppelhalsgitarre,1306
9779,Kontrabass,1306
9780,Halbakustik-Gitarre,1306
9781,Doboro,1306
9782,Halbakustik-Bass,1306
9783,Akustik-Bass,1306
9784,Viola,1306
9785,Cello,1306
9786,Banjo,1306
9787,E-Violine,1306
9788,Violine,1306
9789,Kindergitarre,1306
9790,Konzertgitarre,1306
9791,E-Gitarre,1306
9792,Akustikgitarre,1306
9793,Resonatorgitarre,1306
9794,E-Bass,1306
9795,Westerngitarre,1306
9796,Flamencogitarre,1306
9797,Ukulele,1306
9798,Lap-Steel-Gitarre,1306
9799,Gitalele,1306
9800,Mandoline,1306
9801,Gitarrenmechanik-Set,1307
9802,Elasto Cross,1308
9803,Jerseysakko,1309
9804,Ledersakko,1309
9805,Smokingsakko,1309
9806,Anzugsakko,1309
9807,Frack,1309
9808,Janker,1309
9809,Sweatsakko,1309
9810,Jackett,1309
9811,Sakko,1309
9812,Sakko mit Kapuze,1309
9813,Stricksakko,1309
9814,Sakko in 2-in-1-Optik,1309
9815,Baumwollsakko,1309
9816,Trachtensakko,1309
9817,Baukastensakko,1309
9818,Cordsakko,1309
9819,Leinensakko,1309
9820,Salatschleuder,1310
9821,Salzwassersystem,1311
9822,Sammelkarte,1312
9823,Sandform,1313
9824,Sandmühle,1313
9825,Sandform-Set,1313
9826,Sandeimer,1313
9827,Schneeballzange,1313
9828,Filtersand,1314
9829,Terrariensand,1314
9830,Dekosand,1314
9831,Mauersand,1314
9832,Spielsand,1314
9833,Quarzsand,1314
9834,Rasensand,1314
9835,Aquariensand,1314
9836,Fugensand,1314
9837,Vogelsand,1314
9838,Sand,1314
9839,Aquarienkies,1314
9840,Sandkasten,1315
9841,Sandstrahlkabine,1316
9842,Sandstrahler,1316
9843,2-in-1-Sandwichmaker,1317
9844,4-in-1-Sandwichmaker,1317
9845,Sandwichmaker,1317
9846,3-in-1-Sandwichmaker,1317
9847,Parabolantenne,1318
9848,Sat-Spiegel,1318
9849,Flachantenne,1318
9850,SAT-Antenne,1318
9851,Internet-Satellitenschüssel,1318
9852,Satfinder,1319
9853,Sattelbezug,1320
9854,Sattelschoner,1320
9855,Fahrrad Sitzheizung,1320
9856,Sattelstütze,1321
9857,Federsattelstütze,1321
9858,Gelpad,1322
9859,Schabracke,1322
9860,Sattelpad,1322
9861,Wischroboter,1323
9862,Nass-Trocken-Saugroboter,1323
9863,Saugroboter,1323
9864,Sauna-Steuergerät,1324
9865,Lastkasten,1324
9866,Plug & Play Saunaofen,1325
9867,Saunaofen,1325
9868,Bio-Saunaofen,1325
9869,Saunahaus,1326
9870,Fasssauna,1326
9871,Sauna,1326
9872,Infrarotkabine,1326
9873,Farbschaber,1327
9874,Glasschaber,1327
9875,Eiskratzer,1327
9876,Universalschaber,1327
9877,Kunststoffschaber,1327
9878,Teppichschaber,1327
9879,Dichtungsschaber,1327
9880,Dreikantschaber,1327
9881,Tapetenschaber,1327
9882,Schminkschablone,1328
9883,Zeichenschablone,1328
9884,Kurvenlineal,1328
9885,Logoschablone,1328
9886,Golfballschablone,1328
9887,Bordürenschablone,1328
9888,Kreisschablone,1328
9889,Wandschablone,1328
9890,Essensschablone,1328
9891,Stoffschablone,1328
9892,Papierschablone,1328
9893,Airbrushschablone,1328
9894,Ringschablone,1328
9895,Siebdruckschablone,1328
9896,Malschablone,1328
9897,Motivschablone,1328
9898,Frässchablone,1328
9899,Schallpegelmessgerät,1329
9900,Türklingel,1330
9901,Steckdosen Hygrostat,1330
9902,Schalter,1330
9903,Türklingelknopf,1330
9904,Haustür-Codeschloss,1330
9905,Drehdimmer,1330
9906,Lichtschalter,1330
9907,Kochfeld-Magnetknebel,1330
9908,Schalthebel,1331
9909,Schaltwerk,1332
9910,Schaltwerkhalterung,1333
9911,Pflanzkelle,1334
9912,Schaufel,1334
9913,Ascheschaufel,1334
9914,Blumenkelle,1334
9915,Futterschaufel,1334
9916,Schaukelkombination,1335
9917,Einzelschaukel,1335
9918,Doppelschaukel,1335
9919,Nestschaukel,1335
9920,Schaukelgestell,1335
9921,Schaukelsitz,1336
9922,Babyschaukelsitz,1336
9923,Mehrkindschaukel,1336
9924,Tuchschaukel,1336
9925,Nestschaukel-Sitz,1336
9926,Yogaschaukel,1336
9927,Flugschaukel,1336
9928,Schwingpferd,1337
9929,Schaukelboot,1337
9930,Schaukeltier,1337
9931,Schaukelpferd,1337
9932,Scheibenbremssattel,1338
9933,Scheibenfräser,1339
9934,Walzstirnfräser,1339
9935,Halbrundprofilfräser,1339
9936,Metallkreisfräser,1339
9937,Haarschere,1340
9938,Kombischere,1340
9939,Drahtseilschere,1340
9940,Heckenschere,1340
9941,Baumschere,1340
9942,Grasschere,1340
9943,Nasenhaarschere,1340
9944,Pizzaschere,1340
9945,Baby-Nagelschere,1340
9946,Kräuterschere,1340
9947,Hautschere,1340
9948,Geflügelschere,1340
9949,Tapezierschere,1340
9950,Papierscheren,1340
9951,Scheren-Set,1340
9952,Gehrungsschere,1340
9953,Augenbrauenschere,1340
9954,Astschere,1340
9955,Haushaltsschere,1340
9956,Nagelschere,1340
9957,Fischschere,1340
9958,Gartenschere,1340
9959,Bartschere,1340
9960,Elektrikerschere,1340
9961,Krallenschneider,1340
9962,Strauchschere,1340
9963,Universalschere,1340
9964,Bastelscheren,1340
9965,Stoffscheren,1340
9966,Nasen- und Ohrhaartrimmeraufsatz,1341
9967,Haar- und Bartschneideraufsatz,1341
9968,Ersatzscherköpfe,1341
9969,Rasieraufsatz,1341
9970,Aufsatz Body Groomer,1341
9971,Epilieraufsatz,1341
9972,Aufsatz Stubbler,1341
9973,Aufsatz Barttrimmer,1341
9974,Ersatzscherteil,1341
9975,Ersatzscherfolie,1341
9976,Ersatzscherteile,1341
9977,Ersatzscherkopf,1341
9978,Schichtdickenmessgerät,1342
9979,Lackschichtenmessgerät,1342
9980,Hinweisschild,1343
9981,Warnschild,1343
9982,Hausnummer,1343
9983,Metallschild,1343
9984,Typenschild,1343
9985,Verkehrsschild,1343
9986,Startnummern,1343
9987,Klettlogo,1343
9988,Büffetschild,1343
9989,Plattenständer,1344
9990,Angelschirmhalter,1344
9991,Bodendübel,1344
9992,Schirmhalter,1344
9993,Balkonklammer,1344
9994,Kunststoffschirmständer,1344
9995,Betonschirmständer,1344
9996,Schlafsensor,1345
9997,Schlafsackinlett,1346
9998,Biwaksack,1347
9999,Wagensack,1347
10000,Doppelschlafsack,1347
10001,Trekkingschlafsack,1347
10002,Kompressionsschlafsack,1347
10003,Hüttenschlafsack,1347
10004,Mumienschlafsack,1347
10005,Kinderschlafsack,1347
10006,Schlittensack,1347
10007,Babyschlafsack,1347
10008,Expeditionsschlafsack,1347
10009,Doppeldeckenschlafsack,1347
10010,Daunenschlafsack & Daunenbettdecke,1347
10011,Daunenschlafsack,1347
10012,Deckenschlafsack,1347
10013,Innenschlafsack,1347
10014,Pucksack,1347
10015,Schlafsack,1347
10016,Ganzjahresschlafsack,1347
10017,Komplettschlafzimmer,1348
10018,Jugendzimmer-Set,1348
10019,Schlafzimmer-Set,1348
10020,Babyzimmer-Komplettset,1348
10021,Babymöbel-Set,1348
10022,Bettanlage,1348
10023,Marimba,1349
10024,Darbuka,1349
10025,Handtrommel,1349
10026,Agogo,1349
10027,Kesselsatz,1349
10028,Klangschalen,1349
10029,Rototom,1349
10030,Shaker,1349
10031,Floor Tom,1349
10032,Kalimba,1349
10033,Becken,1349
10034,Digital Drums,1349
10035,Maraca,1349
10036,Cambasa,1349
10037,Paiste,1349
10038,Guiro,1349
10039,Metallophon,1349
10040,Schellenkranz,1349
10041,Vibraphon,1349
10042,Tambourine,1349
10043,Chime,1349
10044,Schellenring,1349
10045,Cowbell,1349
10046,Snare Drum,1349
10047,Bass Drum,1349
10048,E-Drum,1349
10049,Slap,1349
10050,Schellenstab,1349
10051,Percussion Block,1349
10052,Boomwhacker,1349
10053,Djemben,1349
10054,Trommel,1349
10055,Glocke,1349
10056,E-Drum Pads,1349
10057,Ganza,1349
10058,Timbale,1349
10059,Vibra,1349
10060,Steel Tongue Drum,1349
10061,Pauke,1349
10062,Triangel,1349
10063,Kinderschlagzeug,1349
10064,Schlagzeug,1349
10065,Glockenspiel,1349
10066,Conga,1349
10067,Rührtrommel,1349
10068,Handpan,1349
10069,TomTom,1349
10070,Cajon,1349
10071,Xylophon,1349
10072,Bongo,1349
10073,Agogô,1349
10074,Cabasa,1349
10075,Claves,1349
10076,Tamburin,1349
10077,Klangröhren,1349
10078,Klangschale,1349
10079,Schlagklotz,1350
10080,Pratze,1351
10081,Schlagpolster,1351
10082,Tennis-Trainer,1352
10083,Schlauchadapter,1353
10084,Wandschlauchhalter,1354
10085,Schlauchträger,1354
10086,Schlauchwagen,1354
10087,Schlauchaufroller,1354
10088,Schlauchtrommel,1354
10089,Wandschlauchbox,1354
10090,Schlauchbox,1354
10091,Y-Stück,1355
10092,4-Wege Verteiler,1355
10093,Schlauchverschraubung,1355
10094,Schlauchkupplung,1355
10095,3-Wege Verteiler,1355
10096,Reduzierstück,1355
10097,Hahnstück,1355
10098,Gewindeadapter,1355
10099,Anschlussstück,1355
10100,Schlauchtülle,1355
10101,Gewindenippel,1355
10102,T-Stück,1355
10103,2-Wege Verteiler,1355
10104,Schnellkupplung,1355
10105,Schlauchventil,1355
10106,Schlauchstutzen,1355
10107,Schlauchverbinder,1355
10108,Winkelstück,1355
10109,Schlauchnippel,1355
10110,Stecktülle,1355
10111,Fugenschneider-Aufsatz,1356
10112,Kegelbürsten-Aufsatz,1356
10113,Scheibenbürste,1356
10114,Maschinen-Zopfrundbürste,1356
10115,Stützteller,1356
10116,Schleiffinger,1356
10117,Delta-Schleifplatte,1356
10118,Topfbürsten-Aufsatz,1356
10119,Schleifplatte,1356
10120,Schleifbockscheibe,1356
10121,Maschinen-Rundbürste,1356
10122,Schleifer-Raspelscheibe,1356
10123,Schleifaufsatz,1356
10124,Fächerschleifer,1356
10125,Schleifstift,1356
10126,Schleifteller,1356
10127,Schleifschuh,1356
10128,Nadelentroster-Aufsatz,1356
10129,Oszillationskopf,1356
10130,Exzenterschleifer,1357
10131,Akku-Walzenschleifer,1357
10132,Druckluft-Exzenterschleifer,1357
10133,Powerfeile,1357
10134,Bandschleifer,1357
10135,Parkettschleifmaschine,1357
10136,Eckenschleifer,1357
10137,Trockenbauschleifer,1357
10138,Akku-Exzenterschleifer,1357
10139,Akku-Multischleifer,1357
10140,Deckenschleifer,1357
10141,Doppelschleifer,1357
10142,Akku-Bandschleifer,1357
10143,Band-Tellerschleifer,1357
10144,Penschleifer,1357
10145,Akku-Trennschleifer,1357
10146,Winkelschleifer,1357
10147,Spindelschleifmaschine,1357
10148,Deltaschleifer,1357
10149,Krallenschleifer,1357
10150,Kantenschleifmaschine,1357
10151,Akku-Winkelschleifer,1357
10152,Akku-Geradschleifer,1357
10153,Schleifroller,1357
10154,Druckluft-Stabschleifer,1357
10155,Nass-Trockenschleifer,1357
10156,Akku-Schwingschleifer,1357
10157,Schwingschleifer,1357
10158,Handschleifer,1357
10159,Stand-Band-Tellerschleifer,1357
10160,Tellerschleifmaschine,1357
10161,Stand-Bandschleifer,1357
10162,Multischleifer,1357
10163,Walzenschleifer,1357
10164,Rotationsschleifer,1357
10165,Dreieckschleifer,1357
10166,Kombischleifer,1357
10167,Rundschleifer,1357
10168,Akku-Tellerschleifer,1357
10169,Trennschleifer,1357
10170,Geradschleifer,1357
10171,Akku-Bandfeile,1357
10172,Akku-Trockenbauschleifer,1357
10173,Polierring,1358
10174,Schleifschwamm,1358
10175,Schleifscheibe,1358
10176,Raspelscheibe,1358
10177,Schleifdreieck,1358
10178,Polierscheibe,1358
10179,Schleifpapier,1358
10180,Polierschwamm,1358
10181,Raspelplatte,1358
10182,Schleifband,1358
10183,Abschleppstange,1359
10184,Schleuderstab,1360
10185,Schließblech,1361
10186,Winkelschließblech,1361
10187,Lappenschließblech,1361
10188,Flachschließblech,1361
10189,Profilzylinder,1362
10190,Schließzylinder,1362
10191,Einbausicherung,1362
10192,Briefkastenschloss,1362
10193,Hörnerrodel,1363
10194,Sportrodel,1363
10195,Bob,1363
10196,Rennrodel,1363
10197,Schneerutscher,1363
10198,Schlitten,1363
10199,Rennschlitten,1363
10200,Skibob,1363
10201,Schneescooter,1363
10202,Faltschlitten,1363
10203,Faltrodel,1363
10204,Rodel,1363
10205,Lenkschlitten,1363
10206,Snow Bike,1363
10207,Hornschlitten,1363
10208,Davoser Schlitten,1363
10209,Paukenschlägel,1364
10210,Tambourin Schlägel,1364
10211,Holzschlägel,1364
10212,Jazzbesen,1364
10213,Xylophon Schlägel,1364
10214,Drumsticks,1364
10215,Rods,1364
10216,Taktstock,1364
10217,Schlägerdämpfer,1365
10218,Inflatorschlauch,1366
10219,Spiralschlauch,1366
10220,Isolierschlauch,1366
10221,Brauseschlauch,1366
10222,Tropfschlauch,1366
10223,Schlauchverlängerung,1366
10224,Teichschlauch,1366
10225,Pumpenschlauch,1366
10226,Wellschlauch,1366
10227,Saugschlauch,1366
10228,Schrumpfschlauch,1366
10229,Benzinschlauch,1366
10230,Griffschlauch,1366
10231,Sauggarnitur,1366
10232,Balkonschlauch,1366
10233,Bewässerungsschlauch,1366
10234,Flexschlauch,1366
10235,Wischwasserschlauch,1366
10236,Sprühschlauch,1366
10237,Perlschlauch,1366
10238,Poolschlauch,1366
10239,Hochdruckschlauch,1366
10240,Ansaugschlauch,1366
10241,Posenschlauch,1366
10242,Aquariumschlauch,1366
10243,Flachschlauch,1366
10244,Gartenschlauch,1366
10245,Shisha-Schlauch,1366
10246,Katheter,1366
10247,Schlüsselanhänger Set,1367
10248,Schlüsselanhänger mit Gravur,1367
10249,Schlüsselanhänger,1367
10250,Schlüsselkasten,1368
10251,Fahrradöl,1369
10252,Bohr- & Schneidöl,1369
10253,Schneideöl,1369
10254,Gabelöl,1369
10255,Montagepaste,1369
10256,Angelschnurfett,1369
10257,Schmierfett,1369
10258,Feinmechaniköl,1369
10259,Universalöl,1369
10260,Silikonöl,1369
10261,Graphit-Spray,1369
10262,Keramikpaste,1369
10263,Kettenöl,1369
10264,Multifunktionsöl,1369
10265,Kosmetik-Koffer,1370
10266,Schmink-Set,1370
10267,Kosmetik-Set,1370
10268,Schmink-Koffer,1370
10269,Kosmetik-Kassette,1370
10270,Schmink-Kassette,1370
10271,Fußkette und Zehenring Set,1371
10272,Manschettenknöpfe und Krawattennadel Set,1371
10273,Patches,1371
10274,Ketten und Armband Set,1371
10275,Schmuckset mit Gravur,1371
10276,Bauchketten und Fußketten Set,1371
10277,Kette und Anhänger Set,1371
10278,Schmuckset,1371
10279,Ohrring und Ketten Set,1371
10280,Einlage für Ringe,1372
10281,Magnetschließe,1372
10282,Einlage für Halsschmuck,1372
10283,Uhrencharmeinhänger,1372
10284,Pin-Set,1372
10285,Ohrstecker-Verschluss,1372
10286,Einlage für Schmuckanhänger,1372
10287,Kettenverlängerung,1372
10288,Einlage für Armschmuck,1372
10289,Taschenuhrenkette,1372
10290,Klangkugelanhänger Set,1373
10291,Blumenanhänger,1373
10292,Sternanhänger,1373
10293,Klangherzanhänger,1373
10294,Sonnenanhänger,1373
10295,Kristallanhänger,1373
10296,Klangherz,1373
10297,Sternzeichenanhänger,1373
10298,Klangkugel Set,1373
10299,Klanglinse,1373
10300,Anhänger mit Gravur,1373
10301,Herzanhänger,1373
10302,Anhänger Schlüssel,1373
10303,Buchstabenanhänger,1373
10304,Amulett,1373
10305,Klangherz Set,1373
10306,Klangchakraanhänger,1373
10307,Schmetterlingsanhänger,1373
10308,Perlenanhänger,1373
10309,Klangkugel,1373
10310,Engelanhänger,1373
10311,Puzzleanhänger,1373
10312,Kettenanhänger,1373
10313,Dog Tag Anhänger,1373
10314,Flügelanhänger,1373
10315,Runder Anhänger,1373
10316,Anhänger Set,1373
10317,Ankeranhänger,1373
10318,Klangherzanhänger Set,1373
10319,Kreuzanhänger,1373
10320,Medallionanhänger,1373
10321,Klangchakra,1373
10322,Kugelanhänger,1373
10323,Klangchakra Set,1373
10324,Klangkugelanhänger,1373
10325,Amulett Set,1373
10326,Schmuck Etagere,1374
10327,Fahrrad-Schmutzfänger,1375
10328,Anhänger-Schmutzfänger,1375
10329,LKW-Schmutzfänger,1375
10330,Kfz-Schmutzfänger,1375
10331,Gurtstecker,1376
10332,Spiralbesen,1377
10333,Schneebesen,1377
10334,Schneeschläger,1377
10335,Elektro-Schneefräse,1378
10336,Benzin-Schneefräse,1378
10337,Akku-Schneefräse,1378
10338,Schneeketten,1379
10339,Schneeschieber,1380
10340,Stoßscharre,1380
10341,Schneeräumer,1380
10342,Kräuterschneidebrett,1381
10343,Brotschneidebrett,1381
10344,Pizzaschneidebrett,1381
10345,Servierbrett,1381
10346,Frühstücksbrett,1381
10347,Käsebrett,1381
10348,Tranchierbrett,1381
10349,Räucherbrett,1381
10350,Backbrett,1381
10351,Schneidebrett,1381
10352,Schneidauflage,1381
10353,Akku-Universalschere,1382
10354,Akku-Knabber,1382
10355,Trennschneider,1382
10356,Akku-Gewindestangentrenner,1382
10357,Akku-Blechschere,1382
10358,Heißdrahtschneider,1382
10359,Knabber,1382
10360,Akku-Kurvenschere,1382
10361,Schneiderpuppe,1383
10362,Schneiderbüste,1383
10363,Schaufensterpuppe,1383
10364,Schneideunterlage,1384
10365,Zeichenplatte,1384
10366,Blechschere,1385
10367,Bolzenschneider,1385
10368,Cuttermesser,1385
10369,Abmantelungsmesser,1385
10370,Kabelmesser,1385
10371,Kraftseitenschneider,1385
10372,Fugenschneider,1385
10373,Teppichmesser,1385
10374,Kabelschere,1385
10375,Universalschneide-Aufsatz,1385
10376,Rohrschneider,1385
10377,Elektriker-Klappmesser,1385
10378,Lamellenschneider,1385
10379,Kreisschneider,1385
10380,Zirkelschneider,1385
10381,Rollmesser,1385
10382,Zigarrenschneider,1385
10383,Tortenschneider,1386
10384,Tortensäge,1386
10385,Torten-Schneidhilfe,1386
10386,Tortenbodenteiler,1386
10387,Teigrädchen,1386
10388,Bruchschneider,1386
10389,Käseharfe,1386
10390,Kochkrone,1387
10391,Kochventil,1387
10392,Schnorchel,1388
10393,Kuscheltuch,1389
10394,Schnuffeltuch,1389
10395,Schmusetuch,1389
10396,Nuckeltuch,1389
10397,Spucktuch,1389
10398,Schnuller,1390
10399,Schnullerbefestigung,1391
10400,Schnurstopper,1392
10401,Posenring,1392
10402,Boiliestopper,1392
10403,Vorfachring,1393
10404,Schnurverbinder,1393
10405,Schnürsenkel,1394
10406,Schokoladenbrunnen,1395
10407,Schornstein-Regenhaube,1396
10408,Turbinenlüfter,1396
10409,Mündungsabschluss,1396
10410,Außenwandkamin,1396
10411,Kaminsanierungs-Set,1396
10412,Schornstein,1396
10413,Reinigungselement,1396
10414,Kopfabdeckung,1396
10415,Bogenelement,1396
10416,Grundplatte,1396
10417,Schornsteinverlängerung,1396
10418,Schrankbett,1397
10419,Klappbett,1397
10420,Staplereinsatz,1398
10421,Abfallsystem-Rahmensteg,1398
10422,Inneneinteilung,1398
10423,Schranktür,1399
10424,Türfront,1399
10425,Schrauben- und Dübel-Set,1400
10426,Zylinderschraube,1400
10427,Schraubhaken,1400
10428,Fensterrahmenschraube,1400
10429,Spenglerschraube,1400
10430,Fassadenschraube,1400
10431,Zaunschraube,1400
10432,Schraube,1400
10433,Passschraube,1400
10434,Betonschraube,1400
10435,Ringschrauben,1400
10436,Bauschraube,1400
10437,Holzbauschraube,1400
10438,Schnellbauschraube,1400
10439,Linsenschraube,1400
10440,Stockschraube,1400
10441,Blechschraube,1400
10442,Fensterbankschraube,1400
10443,Spanplattenschraube,1400
10444,Flachrundkopfschraube,1400
10445,Sechskantschraube,1400
10446,Stiftschraube,1400
10447,Terrassenschraube,1400
10448,Gewindeschraube,1400
10449,Justierschraube,1400
10450,Thermoholzschraube,1400
10451,Schlossschraube,1400
10452,Sechskant-Holzschraube,1400
10453,Torbandschraube,1400
10454,Schrauben-Set,1400
10455,Senkschraube,1400
10456,Bohrschraube,1400
10457,Schraubendreher,1401
10458,Bit-Schraubendreher,1401
10459,Zündkerzenschlüssel,1402
10460,Rohrschlüssel,1402
10461,Ratsche,1402
10462,Gabel- und Ringschlüssel,1402
10463,Winkelschlüssel,1402
10464,Steckschlüssel,1402
10465,Radmutternschlüssel,1402
10466,Umschaltknarre,1402
10467,Spikeschlüssel,1402
10468,Gabelschlüssel,1402
10469,Ratschenringschlüssel,1402
10470,Torxschlüssel,1402
10471,Zweilochschlüssel,1402
10472,Innenlagerwerkzeug,1402
10473,Ringschlüssel,1402
10474,Stiftschlüssel,1402
10475,Tretlagerschlüssel,1402
10476,Kreuzschlüssel,1402
10477,Maulschlüssel,1402
10478,Drehmomentschlüssel,1402
10479,Innensechskantschlüssel,1402
10480,Druckluft-Ratschenschrauber,1403
10481,Elektro-Schraubendreher,1403
10482,Akku-Schlagschrauber,1403
10483,Winkelschlagschrauber,1403
10484,Akku-Knickschrauber,1403
10485,Trockenbauschrauber,1403
10486,Elektro-Schrauber,1403
10487,Akku-Ratschenschrauber,1403
10488,Akku-Winkelschlagschrauber,1403
10489,Akku-Impulsschrauber,1403
10490,Quadroschrauber,1403
10491,Impulsschrauber,1403
10492,Schlagschrauber,1403
10493,Drehschlagschrauber,1403
10494,Druckluft-Schlagschrauber,1403
10495,Akku-Schraubendreher,1403
10496,Akku-Trockenbauschrauber,1403
10497,Akku-Schrauber,1403
10498,Akku-Schnellbauschrauber,1403
10499,Magazinschrauber,1403
10500,Akku-Quadroschrauber,1403
10501,Akku-Magazinschrauber,1403
10502,Elektro-Ratschenschrauber,1403
10503,Schnellbauschrauber,1403
10504,Akku-Drehschlagschrauber,1403
10505,Stabschrauber,1403
10506,Akku-Stabschrauber,1403
10507,Gelenkschraubstock,1404
10508,Koordinatentisch,1404
10509,Schraubstock,1404
10510,Winkelschraubstock,1404
10511,Maschinenschraubstock,1404
10512,Kellnerblock,1405
10513,Stenoblock,1405
10514,Notenblock,1405
10515,Minigolf-Punkteblock,1405
10516,Notizblock,1405
10517,Collegeblock,1405
10518,Haftnotizblock,1405
10519,Schreibgeräteetui,1406
10520,Federtasche,1406
10521,Federmäppchen,1406
10522,Schreibmaschine,1407
10523,Schreibtischunterlage,1408
10524,Geräteschrank,1409
10525,Standvitrine,1409
10526,Lochplattenschrank,1409
10527,Weinschrank,1409
10528,Werkzeugschrank,1409
10529,Küchenbuffet,1409
10530,Schubkasten-Unterbau,1409
10531,Schuhschrank,1409
10532,Schranksystem,1409
10533,Schminkschrank,1409
10534,Eckhängeschrank,1409
10535,Schrankmodule,1409
10536,Aquariumunterschrank,1409
10537,Rolloschrank,1409
10538,Rollladenschrank,1409
10539,Waschbeckenschrank,1409
10540,Vitrine,1409
10541,Computerschrank,1409
10542,Eckunterschrank,1409
10543,TV-Schrank,1409
10544,Stauraumvitrine,1409
10545,Auszugsunterschrank,1409
10546,Container,1409
10547,Kaminumbauschrank,1409
10548,Waschmaschinenunterschrank,1409
10549,Umbauschrank,1409
10550,Hängeschuhschrank,1409
10551,Klapphängeschrank,1409
10552,Waschmaschinenumbauschrank,1409
10553,Mikrowellenumbauschrank,1409
10554,Hängevitrine,1409
10555,Unterschrank,1409
10556,Drehtürenschrank,1409
10557,Stauraumschrank,1409
10558,Eckvitrine,1409
10559,Bauernschrank,1409
10560,Buffet,1409
10561,Spülenunterschrank,1409
10562,Stoffschrank,1409
10563,Barschrank,1409
10564,Vorratsschrank,1409
10565,Kochfeldumbauschrank,1409
10566,Ofenumbauschrank,1409
10567,Dreh-/Schwebetürenschrank,1409
10568,Hängeregisterschrank,1409
10569,Passepartout,1409
10570,Faltlifthängeschrank,1409
10571,Fächerschrank,1409
10572,Herdumbauschrank,1409
10573,Anbauschrank,1409
10574,Backofenumbauschrank,1409
10575,Spiegelschrank,1409
10576,Seitenschrank,1409
10577,Badezimmerspiegelschrank,1409
10578,Hängeschrank,1409
10579,Spülenschrank,1409
10580,Schiebetürenschrank,1409
10581,Waschbeckenunterschrank,1409
10582,Mehrzweckschrank,1409
10583,Kühlumbauschrank,1409
10584,Schmuckschrank,1409
10585,Hochschrank,1409
10586,Garderobenschrank,1409
10587,Schwebetürenschrank,1409
10588,Kühlmodul,1409
10589,Nachtschrank,1409
10590,Kompaktgarderobe,1409
10591,Apothekerschrank,1409
10592,Jalousieschrank,1409
10593,Spind,1409
10594,Wäscheschrank,1409
10595,Kurzhängeschrank,1409
10596,Aufsatzschrank,1409
10597,Aktenschrank,1409
10598,Midischrank,1409
10599,Medizinschrank,1409
10600,Falttürenschrank,1409
10601,Angelschrank,1409
10602,Eckkleiderschrank,1409
10603,Glasvitrine,1409
10604,Vorhang-Schrank,1409
10605,Eckschrank,1409
10606,Backofen/Kühlumbauschrank,1409
10607,Glashängeschrank,1409
10608,Beistellschrank,1409
10609,Kleiderschrank,1409
10610,Kinderkleiderschrank,1409
10611,Campingschrank,1409
10612,Outdoor-Küchenmodul,1409
10613,Schubkarre,1410
10614,Schubkarrenmulde,1411
10615,Schubkarren-Rohrrahmen,1411
10616,Schublade,1412
10617,Hemdenauszug,1412
10618,Hosenauszug,1412
10619,Innenschublade,1412
10620,Schubkasten,1412
10621,Auszugsboden,1412
10622,Bettschubkasten,1412
10623,Zubehörschublade,1412
10624,Auszug,1412
10625,Spülenauszug,1412
10626,Hängeschublade,1412
10627,Schubkasteneinsatz,1412
10628,Schubladenbox,1413
10629,Hängeregistereinsatz,1414
10630,Schubladenmatte,1414
10631,Besteckeinsatz,1414
10632,Besteckkasten,1414
10633,Schubladeneinsatz,1414
10634,Werkzeugeinsatz,1414
10635,Hochfrontpumps,1415
10636,Trekkingsandale,1415
10637,Mary-Jane-Schuhe,1415
10638,Peeptoepumps,1415
10639,Neoprenschuh,1415
10640,Daunenschuh,1415
10641,Plateaustiefel,1415
10642,Gamaschenschuh,1415
10643,Plateausandale,1415
10644,Fußballschuh,1415
10645,Overkneestiefel,1415
10646,Snowboardboots,1415
10647,Kuschel-Ballerinas,1415
10648,Barfußschuh,1415
10649,Fahrradschuh,1415
10650,Hausstiefel,1415
10651,Plateausneaker,1415
10652,Stiefelette,1415
10653,Dianette,1415
10654,Sicherheitsstiefel,1415
10655,Riemchensandalette,1415
10656,Skischuh,1415
10657,Walkingschuh,1415
10658,Sneaker Ballerinas,1415
10659,Kletterschuh,1415
10660,Tennisschuh,1415
10661,Krabbelschuh,1415
10662,Reißverschlussstiefel,1415
10663,Loafer,1415
10664,T-Strap-Sandale,1415
10665,Badezehentrenner,1415
10666,Hausboots,1415
10667,Schnürstiefelette,1415
10668,Keilsneaker,1415
10669,Watschuh,1415
10670,Hallenschuh,1415
10671,Babystiefel,1415
10672,Hallenhockeyschuh,1415
10673,Schlupfstiefel,1415
10674,Badeschuh,1415
10675,High-Heel-Pantolette,1415
10676,Zehentrenner,1415
10677,Sabot,1415
10678,Slip-On Sneaker,1415
10679,Arbeitsschuh,1415
10680,Winterstiefel,1415
10681,Trainingsschuh,1415
10682,Gymnastik-Kappen,1415
10683,T-Strap-Sandalette,1415
10684,Flamencoschuh,1415
10685,Haferlschuh,1415
10686,High-Heel-Pumps,1415
10687,Ballettschuh,1415
10688,Plateausandaletten,1415
10689,Sandale,1415
10690,Chelseaboots,1415
10691,Hikingschuh,1415
10692,Schnittschutzstiefel,1415
10693,Gummistiefelette,1415
10694,Mules,1415
10695,Slingsandalette,1415
10696,Wintersportschuh,1415
10697,Reitstiefelette,1415
10698,Schaftsandalette,1415
10699,Westernstiefel,1415
10700,High-Heel-Sandalette,1415
10701,Handballschuh,1415
10702,Schnürschuh,1415
10703,Keilpantolette,1415
10704,Badepantolette,1415
10705,Wagenschuh,1415
10706,Motorradstiefel,1415
10707,Ankleboots,1415
10708,Indoorschuh,1415
10709,Squashschuh,1415
10710,Keilstiefelette,1415
10711,Hüttenschuhe,1415
10712,Wärmeschuh,1415
10713,Sneakerboots,1415
10714,Schnürstiefel,1415
10715,Badmintonschuh,1415
10716,Klettschuh,1415
10717,Keilsandalette,1415
10718,Snowboots,1415
10719,T-Strap-Zehentrenner,1415
10720,Outdoorwinterstiefel,1415
10721,Klettboot,1415
10722,Outdoorschuh,1415
10723,Wakeboardboots,1415
10724,Budapester,1415
10725,Spangenpumps,1415
10726,Spike Schuh,1415
10727,Langlaufschuhe,1415
10728,Weitschaftstiefel,1415
10729,Slipper,1415
10730,Keilstiefel,1415
10731,Hausballerinas,1415
10732,Boxschuh,1415
10733,Schaftsandale,1415
10734,Westernstiefelette,1415
10735,Ballerina,1415
10736,Schnürboots,1415
10737,Feldhockeyschuh,1415
10738,Wasserschuh,1415
10739,Sneaker,1415
10740,Schnürpumps,1415
10741,Laufschuh,1415
10742,Tanzschuh,1415
10743,Sandalette,1415
10744,Reitstiefel,1415
10745,Aquaschuh,1415
10746,T-Strap-High Heels,1415
10747,Trekkingschuh,1415
10748,Plateaupumps,1415
10749,Bootsschuh,1415
10750,Golfschuh,1415
10751,Pantoffel,1415
10752,Basketballschuh,1415
10753,Cowboy Stiefelette,1415
10754,Cowboystiefel,1415
10755,Strandschuh,1415
10756,Schlupfboots,1415
10757,Pumps,1415
10758,Römersandale,1415
10759,Gymnastikschuh,1415
10760,Badesandale,1415
10761,Lauflernschuh,1415
10762,Slingpumps,1415
10763,Slingsandale,1415
10764,T-Strap-Ballerina,1415
10765,Plüsch Hausschuhe,1415
10766,Stiefel,1415
10767,Cowboy Boots,1415
10768,Klettstiefel,1415
10769,Riemchenballerina,1415
10770,High-Heel-Stiefel,1415
10771,Mokassin,1415
10772,Bowlingschuh,1415
10773,Clog,1415
10774,Spezialschuh,1415
10775,Bettschuh,1415
10776,Wanderschuh,1415
10777,Sommerboots,1415
10778,Schlappen,1415
10779,Keilpumps,1415
10780,Hausschuh,1415
10781,Riemchensandale,1415
10782,Outdoorsandale,1415
10783,Berufsschuh,1415
10784,Plateaustiefelette,1415
10785,Wedgesneaker,1415
10786,Espadrille,1415
10787,Alpinschuh,1415
10788,Segelschuh,1415
10789,Winterboots,1415
10790,Skateschuh,1415
10791,Pantolette,1415
10792,Sicherheitsschuh,1415
10793,Gummistiefel,1415
10794,Winterstiefelette,1415
10795,Watstiefel,1415
10796,High-Heel-Stiefelette,1415
10797,T-Strap Pumps,1415
10798,Fitnessschuh,1415
10799,Wanderstiefel,1415
10800,Bikerboots,1415
10801,Trailrunningschuh,1415
10802,Grindschuh,1415
10803,Padelschuh,1415
10804,Kegelschuh,1415
10805,Schuhputzmaschine,1416
10806,Schuhschoner,1417
10807,Schuhstapler,1418
10808,Schuhständer,1418
10809,Schuhanstecker,1419
10810,Schraubspanner,1419
10811,Schuhabtropfschale,1419
10812,Schuhdehner,1419
10813,Schaftformer,1419
10814,Schuhlöffel,1419
10815,Gehfaltenknochen,1419
10816,Schuhspanner,1419
10817,Schneeschuhe,1419
10818,Galoschen,1419
10819,Schuhformer,1419
10820,Spikes,1419
10821,Rasenlüfter-Schuhe,1419
10822,Stiefelknecht,1419
10823,Schuhüberzieher,1420
10824,Fahrrad-Überschuh,1420
10825,Schulheft,1421
10826,Vokabelheft,1421
10827,Einnäh-Schulterpolster,1422
10828,Klebe-Schulterpolster,1422
10829,Klett-Schulterpolster,1422
10830,Schulterpolster,1422
10831,Kettenschutz,1423
10832,Schutzblech,1423
10833,Speichenschutzblech,1423
10834,Bewässerungsventilbox,1424
10835,Kabelbox,1424
10836,Verteilerbox,1424
10837,Saunasteuergerät-Schutzkasten,1424
10838,Schutzfolie,1425
10839,Lackschutzfolie,1425
10840,Sichtschutzfolie,1425
10841,Ladekantenschutzfolie,1425
10842,Kühlgamaschen,1426
10843,Transportgamaschen,1426
10844,Stallgamaschen,1426
10845,Hufschuhe,1426
10846,Hartschalengamaschen,1426
10847,Dressurgamaschen,1426
10848,Hufglocken,1426
10849,Schutzgamaschen,1426
10850,Streichkappen,1426
10851,Fesselkopfgamaschen,1426
10852,Gamaschen,1426
10853,Ofenschutzgitter,1427
10854,Herdschutzgitter,1427
10855,Türschutzgitter,1427
10856,Fensterschutzgitter,1427
10857,Funkenschutzgitter,1427
10858,Hundegitter,1427
10859,Treppenschutzgitter,1427
10860,Verlängerung für Schutzgitter,1427
10861,Verlängerung für Türschutzgitter,1427
10862,Lüftungsgitter,1427
10863,Universalschutzgitter,1427
10864,Bettschutzgitter,1427
10865,Schutznetz,1428
10866,Anhängernetz,1428
10867,Pfeilfangmatte,1428
10868,Pfeilfangnetz,1428
10869,Trampolin-Randabdeckung,1429
10870,Prallschutzpolster,1429
10871,Rasterschaumstoff,1429
10872,Dart-Wandschutz,1429
10873,Trainingsbank-Schutzpolster,1429
10874,Dachträger-Schutzpolster,1429
10875,Hunde-Wandschutz,1429
10876,Nackenpolster,1429
10877,Schutzpolster,1429
10878,Schaumstoffeinlage,1429
10879,Garagen-Wandschutz,1429
10880,Trampolinschutzrand,1429
10881,Kantenschutzpolster,1429
10882,Schutzvisier,1430
10883,Helmvisier,1430
10884,Schwammhalter,1431
10885,Schweißband,1432
10886,Elektroschweißgerät,1433
10887,Plasmaschneidegerät,1433
10888,Autogenschweißgerät,1433
10889,Fülldrahtschweißgerät,1433
10890,Schutzgasschweißgerät,1433
10891,Inverterschweißgerät,1433
10892,Schwibbogen-Fensterbank,1434
10893,Schwibbogen,1434
10894,LED Schwibbogen,1434
10895,LED Lichterbogen,1434
10896,Lichterbogen,1434
10897,Schwibbogen Kerzenaufstecker,1434
10898,Achtformpool,1435
10899,Ovalpool,1435
10900,Quick-Up Pool,1435
10901,Rundpool,1435
10902,Rechteckpool,1435
10903,Schwimmbecken,1435
10904,Pool,1435
10905,Framepool,1435
10906,Achteckpool,1435
10907,Sechseckpool,1435
10908,Auftriebskörper,1436
10909,Schwimmbrett,1436
10910,Schwimmflügel,1436
10911,Schwimmring,1436
10912,Schwimmsitz,1436
10913,Schwimmhilfe,1436
10914,Schwimmreifen,1436
10915,Schwimmgürtel,1436
10916,Rettungsweste,1437
10917,Schwimmweste,1437
10918,Schwammtuch,1438
10919,Reinigungsschwamm,1438
10920,Vliesschwamm,1438
10921,Schwamm,1438
10922,Scheuerschwamm,1438
10923,Geschirrschwamm,1438
10924,Hautpflegeschwamm,1438
10925,Stahlschwamm,1438
10926,Pumpenschacht,1439
10927,Lichtschachtaufsatz,1439
10928,Erdschachtverlängerung,1439
10929,Erdschacht,1439
10930,Lüftungsschacht,1439
10931,Lichtschacht,1439
10932,Spülkasten-Einwurfschacht,1439
10933,Pumpenschachtverlängerung,1439
10934,Sickerschacht,1439
10935,Marderabwehr-Stäbchen,1440
10936,Biotonnenpulver,1440
10937,Wespenspray,1440
10938,Marderspray,1440
10939,Vergrämungsmittel,1440
10940,Pflanzen-Pilzfrei,1440
10941,Insektenspray,1440
10942,Zeckenschutzmittel,1440
10943,Milbenspray,1440
10944,CS-Gas Spray,1440
10945,Tierabwehrspray,1440
10946,Verbiss- und Knabberschutz,1440
10947,Schädlingsschutznetz,1441
10948,Fliegenstirnbänder,1441
10949,Fliegenmasken,1441
10950,Kinderwagen-Insektenschutz,1441
10951,Fliegenhaube,1441
10952,Fliegenohren,1441
10953,Moskitonetz,1441
10954,Fliegendecken,1441
10955,Wirbelschäkel,1442
10956,Schäkel gedreht,1442
10957,Schlüsselschäkel,1442
10958,Schnappschäkel,1442
10959,Schäkel,1442
10960,Sägekettenschärfgerät,1443
10961,Schärfstation,1443
10962,Bohrerschärfgerät,1443
10963,Sägeblattschärfgerät,1443
10964,Schneeschieber-Schürfleiste,1444
10965,Schneepflug-Schürfleiste,1444
10966,Schweißerschürze,1445
10967,Speiseschürze,1445
10968,Malschürze,1445
10969,Umhängeschürze,1445
10970,Kochschürze,1445
10971,Dirndlschürze,1445
10972,Grillschürze,1445
10973,Kittelschürze,1445
10974,Brotschale,1446
10975,Müslischale,1446
10976,Dipschale,1446
10977,Obstschale,1446
10978,Müslischüssel,1446
10979,Snackschale,1446
10980,Schüssel,1446
10981,Küchenmaschinenschüssel,1446
10982,Servierschüssel,1446
10983,Kinderschüssel,1446
10984,Esslernschale,1446
10985,Tapas-Schale,1446
10986,Dessertschale,1446
10987,Schale,1446
10988,Einwegschale,1446
10989,Kinderschale,1446
10990,Salatschüssel,1446
10991,Panierschale,1446
10992,Eisschale,1446
10993,Suppenschale,1446
10994,Gebäckschale,1446
10995,Sauciere,1446
10996,Suppenschüssel,1446
10997,Rührschüssel,1446
10998,Servierschale,1446
10999,Thermoschüssel,1446
11000,Surfsegel,1447
11001,Bootsegel,1447
11002,Windsurf Mastfuß,1448
11003,Vorfachschnur,1449
11004,Angelschnur,1449
11005,Fliegenschnur,1449
11006,Trimmerfaden,1449
11007,Seifenblasenspielzeug,1450
11008,Seifenblasenmaschine,1450
11009,Seifenblasenstab,1450
11010,Seifenblasenpistole,1450
11011,Seifenblasenschnüre,1450
11012,Seifenschale,1451
11013,Seifenhalter,1451
11014,Seifenkorb,1451
11015,Seifenablage,1451
11016,Battle Rope,1452
11017,Rollladengurt,1452
11018,Reepschnur,1452
11019,Abschleppseil,1452
11020,Pflanzschnur,1452
11021,Schlossverlängerung,1452
11022,Abspannleine,1452
11023,Schlittenseil,1452
11024,Seil,1452
11025,Fotoseil,1452
11026,Drahtseil,1452
11027,Hebeband,1452
11028,Sicherungskabel,1452
11029,Trizepsseil,1452
11030,Kletterseil,1452
11031,Rundschlinge,1452
11032,Bandschlinge,1452
11033,Fallschutz-Schlinge,1452
11034,Seilführung,1453
11035,Rutenring,1453
11036,Rollladen-Gurtführung,1453
11037,Jalousie-Seilführung,1453
11038,Spannschraube,1454
11039,Spannschloss,1454
11040,Drahtspanner,1454
11041,Wandsekretär,1455
11042,PC-Schrank,1455
11043,Sekretär,1455
11044,Selbstbräunungstücher,1456
11045,Selbstbräunungsmilch,1456
11046,Selbstbräunungsöl,1456
11047,Selbstbräunungsgel,1456
11048,Selbstbräunungskonzentrat,1456
11049,Selbstbräunungs-Gesichtswasser,1456
11050,Selbstbräunungstuch,1456
11051,Selbstbräunungsschaum,1456
11052,Selbstbräunungslotion,1456
11053,Selbstbräunungsmousse,1456
11054,Selbstbräunungsserum,1456
11055,Selbstbräunungscreme,1456
11056,Selbstbräunungsspray,1456
11057,Smartphone-Stabilisator,1457
11058,Selfie-Stick,1457
11059,Klappsichel,1458
11060,Rundsichel,1458
11061,Klappsense,1458
11062,Sichel,1458
11063,Sense,1458
11064,Sensensichel,1458
11065,2-in-1-Hauttypen- und Hautkontaktsensor,1459
11066,Tennissensor,1459
11067,Bewegungsmelder,1459
11068,Feuchtigkeitssensor,1459
11069,Schwimmschalter,1459
11070,Trockenlaufsicherung,1459
11071,Dämmerungsschalter,1459
11072,Sensor,1459
11073,Reifendrucksensor,1459
11074,Sturzhelmsensor,1459
11075,Lichtsensor,1459
11076,Infrarotsensor,1459
11077,Raumluft-Qualitätssensor,1459
11078,Wassersensor,1459
11079,Schwungsensor,1459
11080,Fingerabdrucksensor,1459
11081,Magnetfeldsensor,1459
11082,Geschwindigkeitssensor,1459
11083,Abstands-und Totwinkelwarner,1459
11084,Tortenglocke,1460
11085,Butterglocke,1460
11086,Käseglocke,1460
11087,Schutzhaube,1460
11088,Servierteller,1461
11089,Gebäckteller,1461
11090,Buffet-Vitrine,1461
11091,Toastständer,1461
11092,Servier-Set,1461
11093,Einweg-Etagere,1461
11094,Servierplatte,1461
11095,Tortenständer,1461
11096,Tortenplatte,1461
11097,Kuchenplatte,1461
11098,Etagere,1461
11099,Stoffserviette,1462
11100,Papierserviette,1462
11101,Serviettenhalter,1463
11102,Serviettenring,1464
11103,Multimediasessel,1465
11104,Chesterfield-Sessel,1465
11105,TV-Sessel,1465
11106,Ohrensessel,1465
11107,Kugelsessel,1465
11108,Gartensessel,1465
11109,Relaxsessel,1465
11110,Loungesessel,1465
11111,Gartenlounge-Endteil,1465
11112,Schaukelsessel,1465
11113,XXL-Sessel,1465
11114,Massagesessel,1465
11115,Gartenlounge-Mittelteil,1465
11116,Gartenlounge-Sessel,1465
11117,Sessel,1465
11118,Loveseat,1465
11119,Esszimmersessel,1465
11120,Hängesessel,1465
11121,Cocktailsessel,1465
11122,Drehsessel,1465
11123,Gartenlounge-Eckteil,1465
11124,Kindersessel,1465
11125,Sesselschoner,1466
11126,Armlehnenschoner,1466
11127,Sofaschoner,1466
11128,drehbare Lünette,1467
11129,Ring-Lünette,1467
11130,Schleif-Lünette,1467
11131,feststehende Lünette,1467
11132,C-Form-Lünette,1467
11133,Protein Shaker,1468
11134,Cocktail Shaker,1468
11135,Dressing Shaker,1468
11136,Slush Maker,1468
11137,Teig Shaker,1468
11138,Henleyshirt,1469
11139,Strandshirt,1469
11140,Motocross-Shirt,1469
11141,Businessshirt,1469
11142,Rash Guard,1469
11143,Netzshirt,1469
11144,Stillshirt,1469
11145,Wickelshirt,1469
11146,Yogashirt,1469
11147,Oversize-Shirt,1469
11148,Muscleshirt,1469
11149,Wendeshirt,1469
11150,T-Shirt,1469
11151,Umstandsshirt,1469
11152,Print-Shirt,1469
11153,Kurzarmshirt,1469
11154,Laufshirt,1469
11155,Warnschutz-Shirt,1469
11156,Muskelshirt,1469
11157,Tennisshirt,1469
11158,Bigshirt,1469
11159,Funktionsshirt,1469
11160,2-in-1-Langarmshirt,1469
11161,Plisseeshirt,1469
11162,Tunikashirt,1469
11163,Zipfelshirt,1469
11164,Fledermausshirt,1469
11165,Vokuhila-Shirt,1469
11166,Wasserfallshirt,1469
11167,Pyjamaoberteil,1469
11168,Langarm-Poloshirt,1469
11169,Ballonshirt,1469
11170,Kompressionsshirt,1469
11171,Langarmshirt,1469
11172,Yoga & Relax Shirt,1469
11173,Carmenshirt,1469
11174,Rollkragenshirt,1469
11175,V-Shirt,1469
11176,Kapuzenshirt,1469
11177,Rugbyshirt,1469
11178,Shirtjacke,1469
11179,American-Shirt,1469
11180,Rundhalsshirt,1469
11181,Schößchenshirt,1469
11182,3/4-Arm-Shirt,1469
11183,Paillettenshirt,1469
11184,Seamless Shirt,1469
11185,Neopren Shirt,1469
11186,Spitzenshirt,1469
11187,Poloshirt,1469
11188,Neckholdershirt,1469
11189,Blusenshirt,1469
11190,Trainingsleibchen,1469
11191,Trachtenshirt,1469
11192,2-in-1-Shirt,1469
11193,Longsleeve,1469
11194,Fleeceshirt,1469
11195,Longshirt,1469
11196,Babydollshirt,1469
11197,Layershirt,1469
11198,Trainingsshirt,1469
11199,Stehkragenshirt,1469
11200,Brustbügel,1470
11201,Sicherheitsbügel,1470
11202,Wasser-Druckschalter,1471
11203,Wasser-Druckminderer,1471
11204,Sicherheitsgruppe,1471
11205,Waffenschloss,1472
11206,Lenkradkralle,1472
11207,Helmschloss,1472
11208,Möbelschloss,1472
11209,Bügelschloss,1472
11210,Kettenschloss,1472
11211,Absperrpfosten,1472
11212,Faltschloss,1472
11213,Lenkradschloss,1472
11214,Aufrollkabelschloss,1472
11215,Lenkrad-/Pedalsperre,1472
11216,Panzergliederschloss,1472
11217,Anhängerschloss,1472
11218,Zahlenkettenschloss,1472
11219,Gelenkschloss,1472
11220,Bremsscheibenschloss,1472
11221,Handhebelschloss,1472
11222,Zahlenbügelschloss,1472
11223,Spiralschloss,1472
11224,Kastensicherung,1472
11225,Rahmenschloss,1472
11226,Falt-Disc-Schloss,1472
11227,Radkralle,1472
11228,Fensterschloss,1472
11229,Zahlenkabelschloss,1472
11230,Rollladensicherung,1472
11231,Multifunktionsschloss,1472
11232,Wegfahrsperre,1472
11233,Türzusatzschloss,1472
11234,Skunkschloss,1472
11235,Hexagonalschloss,1472
11236,Steckschloss,1472
11237,Panzerkettenschloss,1472
11238,Panzerkabelschloss,1472
11239,Kabelschloss,1472
11240,Akkuschloss,1472
11241,Seilschloss,1472
11242,Rahmenschlosskette,1472
11243,Alarmschloss,1472
11244,Sicherungsgerät,1473
11245,Ampelschirm-Windsicherung,1474
11246,Koffergurt,1474
11247,Sicherungsgurt,1474
11248,Gepäckgurt,1474
11249,Klettergurt,1474
11250,Sattelgurte,1474
11251,Stecksicherungshalter,1475
11252,Sicherungshalter,1475
11253,Zylindersicherungshalter,1475
11254,Kfz-Sicherungshalter,1475
11255,Flachstecksicherungshalter,1475
11256,Kaminofen-Sichtscheibe,1476
11257,Backofen-Sichtscheibe,1476
11258,Sichtschutzbedienstab,1477
11259,Klemmträger,1478
11260,Kettenbeschwerer,1478
11261,Klemmhalter für Sichtschutz,1478
11262,Deckenträger für Sichtschutz,1478
11263,Saugnapfträger,1478
11264,Zubehör-Set,1478
11265,Klemmbefestigung,1478
11266,Kettenzugumrüstset,1478
11267,Klemmfix,1478
11268,Profilverbinder für Flächenvorhangschiene,1478
11269,Klebeschiene,1478
11270,Klebeträger,1478
11271,U-Laufschiene,1478
11272,Sichtschutzbefestigung,1478
11273,Schienenverbinder für Vorhangschienen,1478
11274,Seitenführungsschienen,1478
11275,Klebe-/Klemmset,1478
11276,Deckenträger Adapter,1478
11277,Lamellenschiene,1478
11278,Haftmagnetschnäpper,1478
11279,Universal,1478
11280,Flächenvorhangschiene,1478
11281,Magnethalter für Sichtschutz,1478
11282,Sichtschutzbefestigungen Zubehör-Set,1478
11283,Stangenverbinder,1478
11284,Sichtschutzzüge Montagezubehör-Set,1479
11285,Sichtschutzzüge Montagezubehör,1479
11286,Seitenprofil,1479
11287,Design-Set,1479
11288,Sichtschutzzug,1479
11289,Sichtschutzzüge Ersatzteil-Set,1479
11290,Sichtschutzzüge Ersatzhalter,1479
11291,Verspannung,1479
11292,Kipp-Regler,1479
11293,U-Schienen Endkappe,1479
11294,Sichtschutzzüge Ersatzteil-Zubehör-Set,1479
11295,Bedienstab,1479
11296,Konsole,1480
11297,Sideboard,1480
11298,Highboard,1480
11299,Nachtkonsole,1480
11300,Media-Board,1480
11301,TV-Board,1480
11302,Lowboard,1480
11303,Eckkommode,1480
11304,Mediawand,1480
11305,Badkommode,1480
11306,Tresenkommode,1480
11307,Schuhkipper,1480
11308,Vertiko,1480
11309,Hochkommode,1480
11310,Kombikommode,1480
11311,Nachtkommode,1480
11312,Anrichte,1480
11313,Schwebeboard,1480
11314,Kommode,1480
11315,TV-Brücke,1480
11316,Schuhkommode,1480
11317,Schubkastenkommode,1480
11318,TV-Bank,1480
11319,TV-Rack,1480
11320,Audio-Board,1480
11321,Vogelpfeife,1481
11322,Signalpfeife,1481
11323,Hundepfeife,1481
11324,Hornpfeife,1481
11325,Handpfeife,1481
11326,Trillerpfeife,1481
11327,Siphon,1482
11328,Gartenbank,1483
11329,Baumbank,1483
11330,Bank,1483
11331,Sitztruhe,1483
11332,Klavierbank,1483
11333,Ruhebank,1483
11334,Gartenlounge-Bank,1483
11335,Schuhbank,1483
11336,Essbank,1483
11337,Truhenbank,1483
11338,Keyboardbank,1483
11339,Eckbank,1483
11340,Sitzbank,1483
11341,Rundbank,1483
11342,Saunabank,1483
11343,Bettbank,1483
11344,Polsterbank,1483
11345,Hängebank,1483
11346,Eckbankgruppe,1484
11347,Gartenbar-Set,1484
11348,Balkonset,1484
11349,Bargruppe,1484
11350,Sitzgruppe,1484
11351,Garten-Kindersitzgruppe,1484
11352,Bierzeltgarnitur,1484
11353,Loungeset,1484
11354,Garten-Essgruppe,1484
11355,Kindersitzgruppe,1484
11356,Essgruppe,1484
11357,Polstergarnitur,1484
11358,Gartenlounge-Set,1484
11359,Sitzschale,1485
11360,Sitzsack,1486
11361,Skateboard,1487
11362,Shortboard,1487
11363,Miniskateboard,1487
11364,Minilongboard,1487
11365,Snakeboard,1487
11366,Longboard,1487
11367,Waveboard,1487
11368,Racecarver,1488
11369,Telemark-Ski,1488
11370,Riesenslalom-Ski,1488
11371,Rennski,1488
11372,Wasserski,1488
11373,Freeride,1488
11374,Allroundcarver,1488
11375,Funcarver,1488
11376,Slalomcarver,1488
11377,Easycarver,1488
11378,Langlaufski,1488
11379,Allmountaincarver,1488
11380,FIS-Rennski,1488
11381,Crosscarver,1488
11382,Free-Ski,1488
11383,Tourenski,1488
11384,Ski,1488
11385,Markierungsstange,1489
11386,Slalomstange,1489
11387,Smarter Kontaktsensor,1490
11388,Smarte Vierfach-Steckdosenleiste,1490
11389,Smarte Lampe,1490
11390,Tür Controller,1490
11391,Reichweitenerweiterung,1490
11392,Smart-Home Starter-Set,1490
11393,Smarte Dreifach-Steckdosenleiste,1490
11394,Smart-Home-Station,1490
11395,Smarte Fünffach-Steckdosenleiste,1490
11396,Unterputzschalter,1490
11397,Smarte Zweifach-Steckdosenleiste,1490
11398,Home-Server,1490
11399,Wandtaster,1490
11400,Smarter Lichtschalter,1490
11401,Solar Panel,1490
11402,Smarter LED-Lichtstreifen,1490
11403,Smart-Home-Zubehör,1490
11404,Smart-Home-Steuerelement,1490
11405,Smart-Kitchen-Dock,1490
11406,Watch,1491
11407,Smartwatch,1491
11408,Fitnessuhr,1491
11409,Fitnessband,1491
11410,Snowboard,1492
11411,Snowskate,1492
11412,Sockelerhöhung,1493
11413,Gartensockel,1493
11414,Sockelleisten-Zwischenstücke,1494
11415,Sockelleisten-Endkappe,1494
11416,Sockelleiste,1494
11417,Sockelleisten-Endstücke,1494
11418,Sockelleisten-Aussenecke,1494
11419,Sockelleisten-Innenecke,1494
11420,Langsocken,1495
11421,Strümpfe,1495
11422,Stützkniestrümpfe,1495
11423,Netzstrümpfe,1495
11424,Halterlose Strümpfe,1495
11425,Feinsöckchen,1495
11426,Feinsocken,1495
11427,Businesssocken,1495
11428,Reitsocken,1495
11429,Zehlinge,1495
11430,Stulpensocken,1495
11431,Gesundheitssocken,1495
11432,Laufsocken,1495
11433,Netzkniestrümpfe,1495
11434,Feinkniestrümpfe,1495
11435,Haussocken,1495
11436,Squashsocken,1495
11437,Thermosocken,1495
11438,Neoprensocken,1495
11439,Strapsstrümpfe,1495
11440,Fußballstutzen,1495
11441,Diabetikersocken,1495
11442,Feinfüßlinge,1495
11443,Skisocken,1495
11444,Netzsocken,1495
11445,Zehensocken,1495
11446,Overknees,1495
11447,Trockentauchsocken,1495
11448,Fußball Stutzenstrümpfe,1495
11449,Wandersocken,1495
11450,Thermostrümpfe,1495
11451,Norwegersocken,1495
11452,Tennissocken,1495
11453,ABS-Socken,1495
11454,Umschlagsocken,1495
11455,Kompressionsstrümpfe,1495
11456,Schoppersocken,1495
11457,Zehnlinge,1495
11458,Hockeystutzen,1495
11459,Trachtensocken,1495
11460,Komfortsocken,1495
11461,Halterlose Feinstrümpfe,1495
11462,Reitstrümpfe,1495
11463,Feinstrümpfe,1495
11464,Hockey Stutzenstrümpfe,1495
11465,Arbeitssocken,1495
11466,Socken,1495
11467,Sneakersocken,1495
11468,Freizeitsocken,1495
11469,Sportsocken,1495
11470,Kurzsocken,1495
11471,Funktionssocken,1495
11472,Kniestrümpfe,1495
11473,Kuschelsocken,1495
11474,Basicsocken,1495
11475,Füßlinge,1495
11476,Skistrümpfe,1495
11477,Stiefelsocken,1495
11478,Loungebett,1496
11479,2-Sitzer,1496
11480,"3,5-Sitzer",1496
11481,Big-Sofa,1496
11482,Polsterecke,1496
11483,"2,5-Sitzer",1496
11484,Garten-Palettensofa,1496
11485,Sonneninsel,1496
11486,Chesterfield-Sofa,1496
11487,Schlafsofa,1496
11488,Küchensofa,1496
11489,Recamiere,1496
11490,Relaxliege,1496
11491,3-Sitzer,1496
11492,Ottomane,1496
11493,4-Sitzer,1496
11494,"1,5-Sitzer",1496
11495,Chaiselongue,1496
11496,Wohnlandschaft,1496
11497,Ecksofa,1496
11498,Loungesofa,1496
11499,Sofa,1496
11500,Kindersofa,1496
11501,Gartensofa,1496
11502,Pool-Solarkollektor,1497
11503,Solaranlage,1497
11504,Pool-Solarabsorber,1497
11505,Solarmodul,1497
11506,Balkonkraftwerk,1497
11507,Retrosonnenbrille,1498
11508,Sonnenbrille,1498
11509,Pilotenbrille,1498
11510,Wayfarer,1498
11511,Monoscheibensonnenbrille,1498
11512,LED-Brille,1498
11513,Solarabsorber,1499
11514,Sonnenschutzcreme,1500
11515,Sonnenschutzstift,1500
11516,Sonnenschutzgel,1500
11517,Sonnenschutzöl,1500
11518,Sonnenschutzschaum,1500
11519,Sonnenschutzlotion,1500
11520,Sonnenschutzmilch,1500
11521,Sonnenschutzspray,1500
11522,Sonnenschutzfluid,1500
11523,Sonnenschutzpflege,1500
11524,Seilspannsonnensegel,1501
11525,Sonnensegeladapter,1501
11526,Hollywoodschaukelersatzdach,1501
11527,Sonnensegel,1501
11528,Sonnenuhr,1502
11529,Soundkarte,1503
11530,USB-Soundkarte,1503
11531,Sous-Vide Garer,1504
11532,Sous-Vide Stick,1504
11533,Abbrennspachtel,1505
11534,Fliesenspachtel,1505
11535,Entrosterspachtel,1505
11536,Multifunktionsspachtel,1505
11537,Tapetenspachtel,1505
11538,Kleberspachtel,1505
11539,Rohrspachtel,1505
11540,Zahnspachtel,1505
11541,Fugenspachtel,1505
11542,Universalspachtel,1505
11543,Breitspachtel,1505
11544,Stoßspachtel,1505
11545,Türenspachtel,1505
11546,Malerspachtel,1505
11547,Stukkateurspachtel,1505
11548,Flexspachtel,1505
11549,Fassadenspachtel,1505
11550,Flächenspachtel,1505
11551,Japanspachtel,1505
11552,Werkbank-Spannbacken,1506
11553,Krallenbacken,1506
11554,Segmentbacken,1506
11555,Schraubstockbacken,1506
11556,Keilstangenfutter,1507
11557,Zweibacken-Futter,1507
11558,Spannfutter,1507
11559,Vierbacken-Futter,1507
11560,Dreibacken-Futter,1507
11561,Spannzange,1507
11562,Sechsbacken-Futter,1507
11563,Zurrgurt,1508
11564,Spanngurt,1508
11565,Multimeter,1509
11566,Batterietester,1509
11567,Spannungsprüfer,1509
11568,Shuntregler,1510
11569,Solarladeregler,1510
11570,Lichtmaschinenregler,1510
11571,Hybridladeregler,1510
11572,Spardose,1511
11573,Spaten,1512
11574,Speichenschutznetz,1513
11575,Kleinspeicher,1514
11576,Übertischspeicher,1514
11577,Untertischspeicher,1514
11578,Standspeicher,1514
11579,Wandspeicher,1514
11580,Speicherkarte,1515
11581,externer Speicher,1515
11582,Speicherladestation,1516
11583,Speisering,1517
11584,Tortenring,1517
11585,Backrahmen,1517
11586,Grillteller,1518
11587,Einwegteller,1518
11588,Salatteller,1518
11589,Steakteller,1518
11590,Mikrowellenteller,1518
11591,Vorspeisenteller,1518
11592,Pappteller,1518
11593,Fischteller,1518
11594,Plastikteller,1518
11595,Barbecueteller,1518
11596,Brotteller,1518
11597,Sushiteller,1518
11598,Fondueteller,1518
11599,Speiseteller,1518
11600,Dessertteller,1518
11601,Teller,1518
11602,Suppenteller,1518
11603,Pastateller,1518
11604,Frühstücksteller,1518
11605,Pizzateller,1518
11606,Kuchenteller,1518
11607,Untertasse,1518
11608,Kunststoffteller,1518
11609,Ganzkörperspiegel,1519
11610,Babyspiegel,1519
11611,Spiegelpaneel,1519
11612,Spiegelwandblaker,1519
11613,Spiegelfliesen,1519
11614,LED-Lichtspiegel,1519
11615,Garderobenspiegel,1519
11616,Standspiegel,1519
11617,Rasierspiegel,1519
11618,Rahmenspiegel-rund,1519
11619,Wandspiegel,1519
11620,Kosmetikspiegel,1519
11621,Schminkspiegel,1519
11622,Spiegel,1519
11623,Vergrößerungsspiegel,1519
11624,Spiegelaufsatz,1519
11625,Badspiegel,1519
11626,Dekospiegel,1519
11627,Taschenspiegel,1519
11628,Barockspiegel,1519
11629,Arcade-Spielautomat,1520
11630,Basketballautomat,1520
11631,Boxautomat,1520
11632,Flipper,1520
11633,Greifautomat,1520
11634,Kickbox-Automat,1520
11635,Münzschieber,1520
11636,Videospielautomat,1520
11637,Magnetspielbausteine,1521
11638,Konstruktions-Spielset,1521
11639,Metallbaukasten,1521
11640,Steinbaukasten,1521
11641,Holzbaukasten,1521
11642,Konstruktionsspielsteine,1521
11643,Spielbausteine,1521
11644,Spielbauklötze,1521
11645,Spielbogen,1522
11646,Baby Gym,1522
11647,Kinderwagen-Spielbogen,1522
11648,Spiel,1523
11649,Spielesammlung,1523
11650,PlayStation 5-Controller,1524
11651,Controller,1524
11652,Simulations-Controller,1524
11653,Zubehör Wii U,1524
11654,Wii-Controller,1524
11655,PlayStation-Controller,1524
11656,Pro Controller,1524
11657,Gaming-Pedale,1524
11658,Xbox One-Controller,1524
11659,Arcade-Joystick,1524
11660,Lightgun,1524
11661,PlayStation 4-Controller,1524
11662,Dance-Pad,1524
11663,Controller-Modul,1524
11664,PC-Lenkrad,1524
11665,Motion-Camera,1524
11666,Switch-Controller,1524
11667,Tanzmatte,1524
11668,Schubhebel,1524
11669,Xbox-Controller,1524
11670,Zubehör PlayStation 4,1524
11671,PC-Controller,1524
11672,Gamepad,1524
11673,DualSense Wireless-Controller,1524
11674,Trackball,1524
11675,Lenkrad,1524
11676,Zubehör Nintendo,1524
11677,Nintendo-Controller,1524
11678,Smartphone-Controller,1524
11679,RC-Fernsteuerung,1524
11680,Racing-Kugel,1524
11681,Joystick,1524
11682,Drohnen-Controller,1524
11683,Gaming-Controller,1524
11684,Gaming-Lenkrad,1524
11685,Wireless-Controller,1524
11686,Zubehör PlayStation 4 Pro,1524
11687,Motion-Controller,1524
11688,Zubehor für Xbox Contoller,1524
11689,Konsolen-Set,1525
11690,Streaming Box,1525
11691,Spielekonsole,1525
11692,Retro Konsole,1525
11693,Spielesoftware,1526
11694,Kinderfahrzeug-Anhänger,1527
11695,Spielfahrzeug-Anhänger,1527
11696,Kinderfahrzeug-Schaufel,1527
11697,Kinderfahrzeug-Schneepflug,1527
11698,Kinderfahrzeug-Kehrmaschine,1527
11699,Kinderelektrofahrzeug-Anhänger,1527
11700,Kinderfahrzeug-Holzgreifer,1527
11701,Spielzeug-Steuerrad,1528
11702,Spielzeug-Lenkrad,1528
11703,Spielfahrzeug-Lenkrad,1528
11704,Panna-Fußballarena,1529
11705,Tennislinie,1529
11706,Panna-Fußballfeld,1529
11707,Spielfigur,1530
11708,Actionfigur,1530
11709,Modelleisenbahn-Figur,1530
11710,Hängefigur,1530
11711,Merchandise-Figur,1530
11712,Erotik-Actionfigur,1530
11713,Spielwelt,1531
11714,Spielgeld,1532
11715,Spielgeschirr,1533
11716,Spiel-Kochgeschirr,1533
11717,Spielbesteck,1533
11718,Spielhaus,1534
11719,Spielkasse,1535
11720,Spielküche,1536
11721,Outdoor-Spielküche,1536
11722,Spiel-Smartphone,1537
11723,Spieltelefon,1537
11724,Spieltisch,1538
11725,Air-Hockeytisch,1538
11726,Billardtisch,1538
11727,Spieltunnel,1539
11728,Bettturm,1539
11729,Betttunnel,1539
11730,Verbindungsbrücke,1540
11731,Spielturm-Erweiterung,1540
11732,Spielturmverkleidung,1540
11733,Aussichtsplattform,1540
11734,Schaukelanbau,1540
11735,Spielturm,1541
11736,Spieluhr,1542
11737,Kinder-Handspaten,1543
11738,Kinder-Spaten,1543
11739,Kinder-Schaufel,1543
11740,Kinder-Stichsäge,1543
11741,Kinder-Montageauto,1543
11742,Kinder-Hacke,1543
11743,Spielwerkzeugtasche,1543
11744,Kinder-Schutzausrüstung,1543
11745,Kinder-Bohrmaschine,1543
11746,Hammerbank,1543
11747,Kinder-Wasserwaage,1543
11748,Kinder-Kettensäge,1543
11749,Kinder-Hammer,1543
11750,Kinder-Kreissäge,1543
11751,Kinder-Heckenschere,1543
11752,Spiel-Werkzeugstation,1543
11753,Kinder-Handschaufel,1543
11754,Kinder-Rasenmäher,1543
11755,Kinder-Säge,1543
11756,Kinder-Schlagbohrmaschine,1543
11757,Kinder-Montagetraktor,1543
11758,Kinder-Werkzeug-Set,1543
11759,Kinder-Akkuschrauber,1543
11760,Kinder-Rechen,1543
11761,Spielwerkzeugkoffer,1543
11762,Spielwerkzeug,1543
11763,Kinder-Gartenset,1543
11764,Kinder-Werkzeugstation,1543
11765,Spielzelt,1544
11766,Bettzelt,1544
11767,Spielzeug-Gartenset,1545
11768,Minigolf-Set,1545
11769,Spielturm-Spielzeugset,1545
11770,Roundnet-Spiel,1545
11771,Kinder-Wasserkocher,1546
11772,Kinder-Herd,1546
11773,Kinder-Kühlschrank,1546
11774,Kinder-Besen,1546
11775,Kinder-Mikrowelle,1546
11776,Kinder-Haushaltsset,1546
11777,Kinder-Bügeleisen,1546
11778,Kinder-Waschmaschine,1546
11779,Kinder-Handmixer,1546
11780,Kinder-Nähmaschine,1546
11781,Kinder-Wäscheständer,1546
11782,Kinder-Waffeleisen,1546
11783,Kinder-Stabmixer,1546
11784,Kinder-Küchenwaage,1546
11785,Kinder-Besenwagen,1546
11786,Kinder-Grill,1546
11787,Kinder-Küchenset,1546
11788,Kinder-Toaster,1546
11789,Kinder-Standmixer,1546
11790,Kinder-Kaffeemaschine,1546
11791,Kinder-Bügelbrett,1546
11792,Kinder-Putzwagen,1546
11793,Kinder-Staubsauger,1546
11794,Kinder-Rührgerät,1546
11795,Kinder-Geschirrspüler,1546
11796,Kinder-Microwelle,1546
11797,Spielzeug-Musikinstrument,1547
11798,Spiel-Schlagzeug,1547
11799,Spiel-Gitarre,1547
11800,Spielzeugeisenbahn-Verkehrszeichen,1548
11801,Gleis-Ergänzungs-Set,1548
11802,Spielzeugeisenbahn-Erweiterung,1548
11803,Spielzeugeisenbahn-Gebäude,1548
11804,Spielzeugeisenbahn-Brücke,1548
11805,Spielzeugeisenbahn-Tunnel,1548
11806,Schienenerweiterungs-Set,1548
11807,Spielzeugeisenbahn-Lokomotive,1548
11808,Weiche,1548
11809,Spielzeugeisenbahn-Kreuzung,1548
11810,Spielzeugeisenbahn-Schiene,1548
11811,Spielzeugeisenbahn-Signal,1548
11812,Spielfahrzeug-Erweiterung,1549
11813,Spielzeug-Straßenbahn,1550
11814,Spielzeug-Unterwasserfahrzeug,1550
11815,Spielzeug-Winterdienst,1550
11816,Spielzeug-Flugzeug,1550
11817,Spielzeug-Kutsche,1550
11818,Spielzeug-Baumaschine,1550
11819,Spielzeug-Krankenwagen,1550
11820,Spielzeug-Mähdrescher,1550
11821,Spielzeug-Kran,1550
11822,Spielzeug-Schiff,1550
11823,Spielzeug-Servierwagen,1550
11824,Spielzeug-Quad,1550
11825,Spielzeug-Motorrad,1550
11826,Spielzeug-Müllwagen,1550
11827,Spielzeug-Walze,1550
11828,Spielzeug-Rennwagen,1550
11829,Spielzeug-Gabelstapler,1550
11830,Spielzeug-Forstmaschine,1550
11831,Spielzeug-Landmaschine,1550
11832,Spielzeug-Betonmischer,1550
11833,Spielzeug-Flugrakete,1550
11834,Spielzeug-Häcksler,1550
11835,Spielzeug-Lokomotive,1550
11836,Spielzeug-Aufsitzbagger,1550
11837,Spielzeug-Boot,1550
11838,Spielzeug-Hubschrauber,1550
11839,Spielzeug-Polizei,1550
11840,Spielzeug-Zug,1550
11841,Spielzeug-Segelflieger,1550
11842,Spielzeug-Monstertruck,1550
11843,Spielzeug-Abschlepper,1550
11844,Spielzeug-Jetski,1550
11845,Spielzeug-LKW,1550
11846,Spielzeug-Feuerwehr,1550
11847,Spielzeug-Radlader,1550
11848,Spielzeug-Bagger,1550
11849,Spielzeug-Transporter,1550
11850,Spielzeug-Bus,1550
11851,Spielzeug-Kipper,1550
11852,Spielzeug-Auto,1550
11853,Spielzeug-Eisenbahn,1550
11854,Spielzeug-Traktor,1550
11855,Fingerskateboard,1550
11856,Spielzeug-Fahrrad,1550
11857,Wasserpistole,1551
11858,Laserpistole,1551
11859,Blaster,1551
11860,Kinderbogenset,1551
11861,Lichtschwert,1551
11862,Spiel-Armbrust,1551
11863,Spielzeugmunition,1552
11864,Drehspieß,1553
11865,Partyspieße,1553
11866,Schaschlikspieße,1553
11867,Maiskolbenhalter,1553
11868,Lagerfeuer-Grillspieß,1553
11869,Drehkorb,1553
11870,Grillspieß,1553
11871,Käsehalter,1553
11872,Rohrklappsplint,1554
11873,Klappsplint,1554
11874,Fokkernadel,1554
11875,Standardsplint,1554
11876,Ringsplint,1554
11877,Federsplint,1554
11878,Abscherbolzen,1554
11879,Steckbolzen,1554
11880,Splitter,1555
11881,HDMI-Splitter,1555
11882,Sonnenradsporen,1556
11883,Hammerkopfsporen,1556
11884,Walzensporen,1556
11885,Riffelsporen,1556
11886,Knopfsporen,1556
11887,Radsporen,1556
11888,Beinspreizer,1557
11889,Golfnetz,1558
11890,Wurfhammer-Schutznetz,1558
11891,Badmintonnetz,1558
11892,Diskus-Schutznetz,1558
11893,Tischtennisnetz,1558
11894,Pickleballnetz,1558
11895,Tennisnetz,1558
11896,Tauchflaschennetz,1558
11897,Multifunktionsnetz,1558
11898,Trampolinnetz,1558
11899,Basketballnetz,1558
11900,Volleyballnetz,1558
11901,Tornetz,1558
11902,Wasserballtor,1559
11903,Fußballtor,1559
11904,Handballtor,1559
11905,Hockeytor,1559
11906,Pop-Up Target,1559
11907,Schwitzanzug,1560
11908,Freizeitanzug,1560
11909,Skianzug,1560
11910,Neoprenanzug,1560
11911,Jogginganzug,1560
11912,Turnanzug,1560
11913,Snowboardanzug,1560
11914,Sweatanzug,1560
11915,Taekwondoanzug,1560
11916,Sprintanzug,1560
11917,Trainingsanzug,1560
11918,Judoanzug,1560
11919,Regenanzug,1560
11920,Präsentationsanzug,1560
11921,Sportanzug,1560
11922,Karateanzug,1560
11923,Tourenbindung,1561
11924,Skibindung,1561
11925,Kiteboardbindung,1561
11926,Snowboardbindung,1561
11927,Wakeboardbindung,1561
11928,Langlaufbindung,1561
11929,Tauchermaske,1562
11930,Squashbrille,1562
11931,Snowboardbrille,1562
11932,Motorradbrille,1562
11933,Skibrille,1562
11934,Kitebrille,1562
11935,Sportbrille,1562
11936,Taucherbrille,1562
11937,Fahrradbrille,1562
11938,Schwimmbrille,1562
11939,Hybridbogen,1563
11940,Recurvebogen,1563
11941,Langbogen,1563
11942,Rattanbogen,1563
11943,Compoundbogen,1563
11944,LARP-Bogen,1563
11945,Football-Tackle-Dummy,1564
11946,Hit-Tackle-Buddy,1564
11947,Freistoßdummy,1564
11948,Trainingsdummy,1564
11949,Freistoßmauer,1564
11950,Hochsprungmatte,1565
11951,Turnmatte,1565
11952,Kugelstoßmatte,1565
11953,Trainingsmatte,1565
11954,Fitnessmatte,1565
11955,Dartmatte,1565
11956,Sportmatte,1565
11957,Stabhochsprungmatte,1565
11958,Akupressurmatte,1565
11959,Weichbodenmatte,1565
11960,Anlaufbahn,1565
11961,Bodenmatte,1565
11962,Puttingmatte,1565
11963,Gymnastikmatte,1565
11964,Kampfsportmatte,1565
11965,Niedersprungmatte,1565
11966,Bodenturnmatte,1565
11967,Golf-Abschlagmatte,1565
11968,Pilatesmatte,1565
11969,Sprintbahn,1565
11970,Judomatte,1565
11971,Fußmassagematte,1565
11972,Yogamatte,1565
11973,Angel-Abhakmatte,1565
11974,Spielmatte,1565
11975,Alpinstöcke,1566
11976,Faltstöcke,1566
11977,Trekking-Stöcke,1566
11978,Trailrunning-Stöcke,1566
11979,Skistöcke,1566
11980,Wanderstöcke,1566
11981,Teleskopstöcke,1566
11982,Langlaufstöcke,1566
11983,Nordic-Walking-Stöcke,1566
11984,Wanderstock,1566
11985,Sprachcomputer,1567
11986,Megafon,1568
11987,Spaltring,1569
11988,Sprengring,1569
11989,Springseil,1570
11990,Spritzbeutel,1571
11991,Absaugspritze,1572
11992,Marinierspritze,1572
11993,Einwegspritze,1572
11994,Feindosierspritze,1572
11995,Küchenrückwand,1573
11996,Spritzschutz,1573
11997,WC-Rückwand,1573
11998,Duschrückwand,1573
11999,Badrückwand,1573
12000,Spritztüllen,1574
12001,Kartuschentülle,1574
12002,Spritztülle,1574
12003,Whirlpoolmatte,1575
12004,Bauschaumpistole,1576
12005,Farbsprühpistole,1576
12006,Ausblaspistole,1576
12007,Blaspistole,1576
12008,Sprühlanze,1576
12009,Farbsprühaufsatz,1576
12010,Airbrushpistole,1576
12011,Sandstrahlpistole,1576
12012,Lackierpistole,1576
12013,Sprühwischer,1577
12014,Fadenspule,1578
12015,Rollladen-Gurtscheibe,1578
12016,Rasentrimmer-Ersatzspule,1578
12017,Nähmaschinen-Spule,1578
12018,Spulenkapsel,1578
12019,Fadenkopf,1578
12020,Angelschnurwickler,1579
12021,Spülkasten,1580
12022,Vorwandelement WC,1580
12023,Unterputz-Spülkasten,1580
12024,Spülrohrverbinder,1581
12025,Winkel-Spülrohrverbinder,1581
12026,Gummi-Spülrohrverbinder,1581
12027,Spülrohrverlängerung,1581
12028,Atelierstaffelei,1582
12029,Studiostaffelei,1582
12030,Kofferstaffelei,1582
12031,Tischstaffelei,1582
12032,Feldstaffelei,1582
12033,Präsentationsstaffelei,1582
12034,Leinwandstaffelei,1582
12035,Kinderstaffelei,1582
12036,Standstaffelei,1582
12037,Staffelei,1582
12038,Mini Staffelei,1582
12039,Akademiestaffelei,1582
12040,Aquarellstaffelei,1582
12041,Druckfeder,1583
12042,Trampolinsprungfeder,1583
12043,Boxsackfeder,1583
12044,Zugfeder,1583
12045,Fadenanzugsfeder,1583
12046,Federsattelstütze-Ersatzfeder,1583
12047,Schnellwechsel-Stahlhalter,1584
12048,Drehstahlhalter,1584
12049,Rückzugstahlhalter,1584
12050,Bohrstahlhalter,1584
12051,Mehrfach-Stahlhalter,1584
12052,Standfuß,1585
12053,Wechselfuß,1585
12054,Leiterntraverse,1585
12055,Heizkörper-Standfuß,1585
12056,Ersatzschirmbespannung,1586
12057,Standschirmbespannung,1586
12058,Ampelschirmbespannung,1586
12059,Schirmbespannung,1586
12060,Marktschirm,1587
12061,Ampelschirm,1587
12062,Rechteckschirm,1587
12063,Balkonschirm,1587
12064,Sonnenschirm,1587
12065,Standuhr,1588
12066,Stapelspielzeug,1589
12067,Kabelgebundenes Telefon,1590
12068,DECT-Telefon,1590
12069,Konferenztelefon,1590
12070,Festnetztelefon,1590
12071,Seniorentelefon,1590
12072,Schnurloses Mobilteil,1590
12073,Großtastentelefon,1590
12074,Schnurloses DECT-Telefon,1590
12075,Freisprechclip,1590
12076,Tischstativ,1591
12077,Dreibeinstativ,1591
12078,Schwebestativ,1591
12079,Ministativ,1591
12080,Stativbeine,1591
12081,Lampenstativ,1591
12082,Galgenstativ,1591
12083,Camcorderstativ,1591
12084,Einbeinstativ,1591
12085,Handstativ,1591
12086,Säulenstativ,1591
12087,Kamerastativ,1591
12088,Stativhalterung,1591
12089,Klemmstativ,1591
12090,Motor-Stativkopf,1592
12091,Kardankopf,1592
12092,Fluid-Video-Neiger,1592
12093,Getriebeneiger,1592
12094,3-Wege-Neiger,1592
12095,Pistolengriff,1592
12096,Kugelkopf,1592
12097,Videoneiger,1592
12098,2-Wege-Neiger,1592
12099,Panoramakopf,1592
12100,Stativschelle,1593
12101,Staubsaugerbeutel,1594
12102,Bürstenrolle,1595
12103,Tierhaarpolsterdüse,1595
12104,Wischdüse,1595
12105,Bürste,1595
12106,Matratzendüse,1595
12107,Hartbodendüse,1595
12108,Rollendüse,1595
12109,lange Fugendüse,1595
12110,Saugroboter Zubehör-Set,1595
12111,Teppichdüse,1595
12112,Extra-hart Bürste,1595
12113,2-in-1 Kombibürste,1595
12114,Delta-Aufsatz,1595
12115,3-in-1 Kombibürste,1595
12116,Saugpinsel,1595
12117,Elektrosaugbürste,1595
12118,Turbobürste,1595
12119,Softdüse,1595
12120,Turbodüse,1595
12121,Polsterdüse,1595
12122,Staubsaugerdüsen-Set,1595
12123,Universalbodendüse,1595
12124,Kombibodendüse,1595
12125,Ritzendüse,1595
12126,Kombidüse,1595
12127,XXL-Polsterdüse,1595
12128,Tierhaardüse,1595
12129,Bürstenwalze,1595
12130,Parkettdüse,1595
12131,Bürsteneinheit,1595
12132,Autosaugdüse,1595
12133,Saugdüse,1595
12134,Mini-Turbobürste,1595
12135,2-in-1 Kombidüse,1595
12136,Fugendüse,1595
12137,Mini-Turbodüse,1595
12138,Mini-Turbinendüse,1595
12139,Staubpinsel,1595
12140,UV-Milbendüse,1595
12141,Siphondüse,1595
12142,Haarschneider für Bürstenrollen,1595
12143,Bodendüse,1595
12144,Möbeldüse,1595
12145,Möbelpinsel,1595
12146,Staubwedel-Aufsatz,1595
12147,Nasssaugdüse,1595
12148,Möbelbürste,1595
12149,Wischtuchwalze,1595
12150,Staubsauger-Verlängerungsrohr,1596
12151,Teleskoprohr,1596
12152,Staubsaugerrohr,1596
12153,Staubwedel,1597
12154,Staubwischer,1597
12155,Staubbesen,1597
12156,Staueinsatz,1598
12157,Stechhilfe,1599
12158,Steckdose,1600
12159,Unterputz-Steckdose,1600
12160,Gartensteckdose,1600
12161,Antennensteckdose,1600
12162,Aufputz-Einspeise-Steckdose,1600
12163,Aufputz-Steckdose,1600
12164,Abdeckrahmen,1601
12165,Steckdosenblende,1601
12166,Kabeltrommel,1602
12167,Steckdosenverteiler,1602
12168,Steckdosenleiste,1602
12169,Einbau-Tischsteckdose,1602
12170,Einbau-Tischsteckdosenleiste,1602
12171,Mehrfachsteckdose,1602
12172,Steckdosen-Thermostat,1603
12173,WLAN-Steckdosenleiste,1603
12174,Steckdosen-Hygrostat,1603
12175,Funksteckdose,1603
12176,WLAN-Steckdose,1603
12177,Steckdosenschalter,1603
12178,Personenschutzstecker,1603
12179,Anlaufautomatik,1603
12180,Steckenpferd,1604
12181,Cinch-Stecker,1605
12182,Klinkenstecker,1605
12183,DIN-Stecker,1605
12184,Schuko-Stecker,1605
12185,Netzwerkstecker,1605
12186,USB-Konfektionsstecker,1605
12187,Lautsprecherstecker,1605
12188,F-Stecker,1605
12189,Euroflachstecker,1605
12190,CEE-Stecker,1605
12191,CEE-Kupplung,1605
12192,Schuko-Kupplung,1605
12193,Stecknuss,1606
12194,Stecknüsse,1606
12195,Zündkerzennuss,1606
12196,Steckspielzeug,1607
12197,Stehsammler,1608
12198,Reittier,1609
12199,Reitpferd,1609
12200,Stehpferd,1609
12201,Holzpferd,1609
12202,Stehtier,1609
12203,Steigbügel,1610
12204,Steigeisen,1611
12205,Teichkies,1612
12206,Salzkristalle,1612
12207,Lavasteine,1612
12208,Kieselsteine,1612
12209,Stein,1612
12210,Gabionensteine,1612
12211,Dekokies,1612
12212,Zierkies,1612
12213,Saunasteine,1612
12214,Deko-Granulate,1612
12215,Steintrenner,1613
12216,Schutzwand,1614
12217,Paravent,1614
12218,Stellwand,1614
12219,Golfballstempel,1615
12220,Stempel,1615
12221,Grillbrandeisen,1615
12222,Paginierstempel,1615
12223,Stepper,1616
12224,Power-Stepper,1616
12225,Stepboard,1616
12226,Mini-Stepper,1616
12227,Dampfsterilisator,1617
12228,Rasierer-Reinigungsstation,1617
12229,Mikrowellen-Dampfsterilisator,1617
12230,Wassersterilisiergerät,1617
12231,UV-Sterilisator,1617
12232,UV-Zahnbürstenhalter,1617
12233,Sternfräse,1618
12234,Stickmaschine,1619
12235,Teleskopstiel,1620
12236,Griffverlängerung,1620
12237,Besenstiel,1620
12238,Stiel,1620
12239,Lenkstange,1620
12240,Copic Marker,1621
12241,Bleistift,1621
12242,Fineliner,1621
12243,Filzstift,1621
12244,Marker,1621
12245,Tintenkiller,1621
12246,Druckkugelschreiber,1621
12247,Textilmarker,1621
12248,Drehkugelschreiber,1621
12249,Leermarker,1621
12250,Füllhalter,1621
12251,Füllfederhalter,1621
12252,Kopierstift,1621
12253,Pinselstift,1621
12254,Zeichenfeder,1621
12255,Zeichenkohle,1621
12256,Druckbleistift,1621
12257,Whiteboard Marker,1621
12258,Fettstift,1621
12259,Saitenstift,1621
12260,Füller,1621
12261,Permanentmarker,1621
12262,Tintenroller,1621
12263,Faserstift,1621
12264,Lackmarker,1621
12265,Künstlerstift,1621
12266,Gelroller,1621
12267,Aquarellstifte,1621
12268,Fallminenstift,1621
12269,Buntstift,1621
12270,Reifenstift,1621
12271,Kreidemarker,1621
12272,Wachsmalstift,1621
12273,Polychromos,1621
12274,Kohlestift,1621
12275,Malkreide,1621
12276,Gelschreiber,1621
12277,Kalligraphie-Stift,1621
12278,Tintenfeinschreiber,1621
12279,Retuschierstift,1621
12280,Golfballmarkierstift,1621
12281,Malstift,1621
12282,Kugelschreiber,1621
12283,Folienstift,1621
12284,Geldscheinprüfstift,1621
12285,Kugelschreibermine,1622
12286,Ersatzmine,1622
12287,Stiftmine,1622
12288,Stimmgerät,1623
12289,Stoff,1624
12290,Stolle,1625
12291,Golf-Spike,1625
12292,Strahlregler,1626
12293,Haustierstrandkorb,1627
12294,Sitzlaube,1627
12295,Strandkorb,1627
12296,Apple TV,1628
12297,Streaming-Stick,1628
12298,Streaming Boxen,1628
12299,Streaming-Box,1628
12300,Streuaufsatz,1629
12301,Streuwagen,1629
12302,Strickcape,1630
12303,2-in-1-Strickjacke,1630
12304,Wickelstrickjacke,1630
12305,Cardigan,1630
12306,Rhombenstrickjacke,1630
12307,Trachtenstrickjacke,1630
12308,Umstandsstrickjacke,1630
12309,Ajourstrickjacke,1630
12310,Bolero,1630
12311,Rautenstrickjacke,1630
12312,Longstrickjacke,1630
12313,Umstandscardigan,1630
12314,Kapuzenstrickjacke,1630
12315,Jacquardstrickjacke,1630
12316,Strickjacke,1630
12317,Strickmaschinenerweiterung,1631
12318,Strickmaschine,1631
12319,Strickmaschinen-Doppelbett,1631
12320,Stromerzeuger,1632
12321,Stromgenerator,1632
12322,Schienensystem-Schienen,1633
12323,Stromschienensystem,1633
12324,Schienensystem-Controller,1633
12325,Schienensystem-Einspeiser,1633
12326,Schienensystem-Verbinder,1633
12327,Drehstromzähler,1634
12328,Wechselstromzähler,1634
12329,Strommessgerät,1634
12330,Stromverbrauchszähler,1634
12331,Energiekostenmessgerät,1634
12332,Strumpfhalter,1635
12333,Strumpfband,1635
12334,Strapsgürtel,1635
12335,Bodystocking-Ouvert,1636
12336,Feinstrumpfleggings,1636
12337,Overknee-Strumpfhose,1636
12338,Umstandsstrumpfhose,1636
12339,Strickstrumpfhose,1636
12340,Feinstrumpfhose,1636
12341,Stützstrumpfhose,1636
12342,Netzstrumpfhose,1636
12343,Strickstrumpfleggings,1636
12344,Strumpfhose,1636
12345,Ouvert Strumpfhose,1636
12346,Highwaist Strumpfhose,1636
12347,Thermostrumpfhose,1636
12348,Bodystocking,1636
12349,Feinstrumpf-Kurzhose,1636
12350,Shaping-Strumpfhose,1636
12351,Stubenwagen,1637
12352,Beinstulpen,1638
12353,Beinlinge,1638
12354,Armlinge,1638
12355,Stütz-Stulpen,1638
12356,Armstulpen,1638
12357,Loaferl,1638
12358,Gelenkwärmer,1638
12359,Schienbeinschonerhalter,1639
12360,Stöpsel,1640
12361,Überlaufclip,1640
12362,Badewannenstöpsel,1640
12363,Waschbeckenstöpsel,1640
12364,Kannenstövchen,1641
12365,Stövchen,1641
12366,Kaffeestövchen,1641
12367,Teestövchen,1641
12368,Speisenwärmer,1641
12369,Stößel,1642
12370,Faltstuhl,1643
12371,Gaming Chair,1643
12372,Gartenstuhl,1643
12373,Kufenstuhl,1643
12374,Chefsessel,1643
12375,Hochstuhl,1643
12376,Stapelstuhl,1643
12377,Stehhilfe,1643
12378,4-Fußstuhl,1643
12379,Regiestuhl,1643
12380,Polsterstuhl,1643
12381,Holzstuhl,1643
12382,Schalenstuhl,1643
12383,Schreibtischstuhl,1643
12384,Stuhl,1643
12385,Kinderklappstuhl,1643
12386,Klappstuhl,1643
12387,Schaukelstuhl,1643
12388,Bistrostuhl,1643
12389,Drehstuhl,1643
12390,Besucherstuhl,1643
12391,Reisehochstuhl,1643
12392,Angelstuhl,1643
12393,Gaming-Stuhl,1643
12394,Esszimmerstuhl,1643
12395,Freischwinger,1643
12396,Rattanstuhl,1643
12397,Armlehnstuhl,1643
12398,Bürostuhl,1643
12399,Kombihochstuhl,1643
12400,Hochlehner,1643
12401,Küchenstuhl,1643
12402,Campingstuhl,1643
12403,Kinderstuhl,1643
12404,Stützelement,1644
12405,Carport-Stützelement,1644
12406,Gewächshaus-Stützelement,1644
12407,Stützfuß,1644
12408,Windsurf Gabelbaum,1645
12409,Kapuzensweatjacke,1646
12410,Yoga-Sweatjacke,1646
12411,Sweatjacke,1646
12412,Umstandssweatjacke,1646
12413,Funktions-Kapuzensweatjacke,1646
12414,Sweatponcho,1647
12415,Umstandssweatshirt,1647
12416,Fleecepullover,1647
12417,Weihnachtssweatshirt,1647
12418,Sweatshirt,1647
12419,Longsweatshirt,1647
12420,Hoodie,1647
12421,Sweater,1647
12422,Kapuzensweatshirt,1647
12423,Säbelsägeblatt,1648
12424,Kreissägeblatt,1648
12425,Stichsägeblatt,1648
12426,Sägeblatt,1648
12427,Tauchsägeblatt,1648
12428,Segmentsägeblatt,1648
12429,Diamantsegmentsägeblatt,1648
12430,Bandsägeblatt,1648
12431,Kappsägeblatt,1648
12432,Ersatzkette,1649
12433,Formatkreissäge,1650
12434,Kapp-Zugsäge,1650
12435,Tisch-Kappsäge,1650
12436,Akku-Kapp-Gehrungssäge,1650
12437,Akku-Tischkreissäge,1650
12438,Steinschneidemaschine,1650
12439,Tischkettensäge,1650
12440,Fliesenschneidemaschine,1650
12441,Mini-Handkreissäge,1650
12442,Baukreissäge,1650
12443,Akku-Reciprosäge,1650
12444,Radial-Fliesenschneidemaschine,1650
12445,Tischkreissäge,1650
12446,Reciprosäge,1650
12447,Handkreissäge,1650
12448,Zug- und Kappsäge,1650
12449,Kappsäge,1650
12450,Holzbandsäge,1650
12451,Akku-Stichsäge,1650
12452,"Zug-, Kapp- und Gehrungssäge",1650
12453,Paneelsäge,1650
12454,Tauchsäge,1650
12455,Gehrungssäge,1650
12456,Metallbandsäge,1650
12457,Säbelsäge,1650
12458,Akku-Pendelhubstichsäge,1650
12459,Stichsäge,1650
12460,Doppelblattsäge,1650
12461,Multi-Handkreissäge,1650
12462,Akku-Bandsäge,1650
12463,Akku-Säbelsäge,1650
12464,Dekupiersäge,1650
12465,Multifunktionssäge,1650
12466,Trennsäge,1650
12467,Wippkreissäge,1650
12468,Akku-Säge,1650
12469,Bandsäge,1650
12470,Steinschneider,1650
12471,Kompakt-Handkreissäge,1650
12472,Akku-Tauchsäge,1650
12473,Universalsäge,1650
12474,Akku-Handkreissäge,1650
12475,Akku-Trockenbausäge,1650
12476,Akku-Multisäge,1650
12477,Pendelhubstichsäge,1650
12478,Metalltrennschneider,1650
12479,Kapp- und Gehrungssäge,1650
12480,Akku-Zug-Kapp-Gehrungssäge,1650
12481,Betonsäge,1650
12482,Rasensamen,1651
12483,Kräutersamen,1651
12484,Blumensamen,1651
12485,Gemüsesamen,1651
12486,Pilzanzucht-Set,1651
12487,TV-Simulator,1652
12488,Tablet,1653
12489,E-Book,1653
12490,Grafiktablett,1653
12491,Laptop Tablett,1654
12492,Hochstuhltablett,1654
12493,Tablett,1654
12494,Akku-Stauchkopfnagler,1655
12495,Druckluft-Tacker,1655
12496,Heftgerät,1655
12497,Elektro-Tacker,1655
12498,Handtacker,1655
12499,Handheftpistole,1655
12500,Akku-Tacker,1655
12501,Hammertacker,1655
12502,Enthefter,1655
12503,Taktiktafel,1656
12504,Zaubertafel,1656
12505,Tafel,1656
12506,Magnettafel,1656
12507,Wandtafel,1656
12508,Standtafel,1656
12509,Memoboard,1656
12510,Pinnwand,1656
12511,T-Kartentafel,1656
12512,Info-Schaukasten,1656
12513,Tagesdecke,1657
12514,Bettüberwurf,1657
12515,Tankdeckel,1658
12516,Pole Dance Stange,1659
12517,Ballettstange,1659
12518,Satintapete,1660
12519,Korktapete,1660
12520,3D-Tapete,1660
12521,Schaumtapete,1660
12522,Strukturtapete,1660
12523,Naturwerkstofftapete,1660
12524,Isoliertapete,1660
12525,Türtapete,1660
12526,Prägetapete,1660
12527,Textiltapete,1660
12528,Küchentapete,1660
12529,Papiertapete,1660
12530,Kindertapete,1660
12531,Vinyltapete,1660
12532,Mustertapete,1660
12533,Bordüre,1660
12534,Vliestapete,1660
12535,Fototapete,1660
12536,Kulturbeutel,1661
12537,Gymbag,1661
12538,Tourbag,1661
12539,CD-Player Tasche,1661
12540,Rücksitzorganizer,1661
12541,Bauchtasche,1661
12542,Leckerlibeutel,1661
12543,Strandtasche,1661
12544,Basttasche,1661
12545,Aktenmappe,1661
12546,Werkzeugtasche,1661
12547,Pencilbag,1661
12548,Mast Bag,1661
12549,Scootertasche,1661
12550,VR-Brillen-Tasche,1661
12551,Schultertasche,1661
12552,Staubsaugerzubehörtasche,1661
12553,Balance Scooter Tasche,1661
12554,Handy-Lenkertasche,1661
12555,Tennistasche,1661
12556,Box-Clutch,1661
12557,Auto-Rückenlehnentasche,1661
12558,Wendetasche,1661
12559,Beintasche,1661
12560,Standbag,1661
12561,Skate Bag,1661
12562,DVD-Player-Tasche,1661
12563,Kameratasche,1661
12564,Smartphonetasche,1661
12565,Fototasche,1661
12566,Kitesurf-Boardbag,1661
12567,Laptoptasche,1661
12568,Speertasche,1661
12569,Gürteltasche,1661
12570,Satchel,1661
12571,Turnbeutel,1661
12572,Flugumhänger,1661
12573,Handy-Rahmentasche,1661
12574,Piano-Transporttasche,1661
12575,Runde Tasche,1661
12576,XL-Strandtasche,1661
12577,Messertasche,1661
12578,Drybag,1661
12579,Squashtasche,1661
12580,Bowlingtasche,1661
12581,Weekender,1661
12582,Angelrutentasche,1661
12583,Balltasche,1661
12584,Trachtentasche,1661
12585,Festplattentasche,1661
12586,Freizeittasche,1661
12587,Handgelenktasche,1661
12588,Businesstasche,1661
12589,Golfballtasche,1661
12590,Angelrollentasche,1661
12591,Liquidtasche,1661
12592,Reisetasche,1661
12593,Abendtasche,1661
12594,Paddle Bag,1661
12595,Kofferorganizer,1661
12596,Beautycase,1661
12597,Fahrradtasche,1661
12598,Handytasche,1661
12599,Vorfachtasche,1661
12600,Reifentasche,1661
12601,Gitarrentasche,1661
12602,Gepäckträgertasche,1661
12603,Handtasche,1661
12604,Studiotasche,1661
12605,Kinderwagen-Transporttasche,1661
12606,Kindergartentasche,1661
12607,Betttasche,1661
12608,Korbtasche,1661
12609,Messenger Bag,1661
12610,Tragetasche,1661
12611,Satteltasche,1661
12612,Fransentasche,1661
12613,Sattelstützentasche,1661
12614,Hobo,1661
12615,Chalkbag,1661
12616,Sporttasche,1661
12617,Rahmentasche,1661
12618,Cartbag,1661
12619,Wickeltasche,1661
12620,Lenkertasche,1661
12621,Arzttasche,1661
12622,Shopper,1661
12623,Köchertasche,1661
12624,Umhängetasche,1661
12625,Beuteltasche,1661
12626,Notebook-Rucksack,1661
12627,Windeltasche,1661
12628,Lautsprechertasche,1661
12629,Spielekonsolen-Tasche,1661
12630,Dokumententasche,1661
12631,Mini Bag,1661
12632,Aktentasche,1661
12633,Windsurf Boardbag,1661
12634,Smartphonemappe,1661
12635,Kosmetikkoffer,1661
12636,Laufradtasche,1661
12637,Nähmaschinentasche,1661
12638,Tablettasche,1661
12639,Drohnen-Tasche,1661
12640,Yogatasche,1661
12641,Tabletmappe,1661
12642,Hockeytasche,1661
12643,Gymsack,1661
12644,Nähmaschinen-Trolley,1661
12645,E-Reader-Tasche,1661
12646,Taschenorganizer,1661
12647,Clutch,1661
12648,Kinderwagen-Tasche,1661
12649,Board Bag,1661
12650,Navigationstasche,1661
12651,Golfreisetasche,1661
12652,Windsurf Mastbag,1661
12653,Aufbewahrungstasche,1661
12654,Fahrradkorb,1661
12655,Henkeltasche,1661
12656,Kosmetiktasche,1661
12657,Camcorder-Tasche,1661
12658,Pickleballtasche,1661
12659,Zelttasche,1661
12660,Picknicktasche,1661
12661,Skitasche,1661
12662,Controllertasche,1661
12663,Urnentasche,1661
12664,Badmintontasche,1661
12665,Rollstuhltasche,1661
12666,Padeltasche,1661
12667,Angel-Wiegesack,1661
12668,Gepäckanhänger,1662
12669,Taschenanhänger,1662
12670,Schulterriemen,1662
12671,Taschenrechner,1663
12672,Krankenpflegeuhr,1664
12673,Taschenuhr,1664
12674,Kettenuhr,1664
12675,Tastatur mit Touchpad,1665
12676,Wireless-Tastatur,1665
12677,USB-Tastatur,1665
12678,Slimline-Tastatur,1665
12679,PC-Tastatur,1665
12680,iPad-Tastatur,1665
12681,Apple-Tastatur,1665
12682,Ultra-Slim-Bluetooth-Tastatur,1665
12683,flexible Tastatur,1665
12684,Ultra-Slim-Tastatur,1665
12685,Gaming-Tastatur,1665
12686,ergonomische Tastatur,1665
12687,Tablet-Tastatur,1665
12688,Tastatur,1665
12689,Tastatur-Tastenkappen,1666
12690,Orgel,1667
12691,Masterkeyboard,1667
12692,Knopf-Akkordeon,1667
12693,Oriental-Keyboard,1667
12694,Home-Keyboard,1667
12695,Flügel Klavier,1667
12696,Stagepiano,1667
12697,Digitalflügel,1667
12698,Klavier,1667
12699,Synthesizer,1667
12700,Digitalpiano,1667
12701,Entertainer-Keyboard,1667
12702,Stage-Piano,1667
12703,Tauchset,1668
12704,Tauchsieder,1669
12705,Teeautomat,1670
12706,Wasser-/Teekocher,1670
12707,Teebereiter,1670
12708,Teekocher,1670
12709,Teichfigur,1671
12710,Dekosteine,1671
12711,Brunnenumrandung,1671
12712,Seerose,1671
12713,Fertigteich,1672
12714,Teigportionierer,1673
12715,Nudelholz,1674
12716,Pastaroller,1674
12717,Teigroller,1674
12718,Teilapparat,1675
12719,Fixierspray,1676
12720,Contouring-Puder,1676
12721,Highlighter-Palette,1676
12722,Concealer,1676
12723,Body-Bronzer,1676
12724,Highlighter,1676
12725,Rouge-Palette,1676
12726,Concealer-Palette,1676
12727,Contouring-Stick,1676
12728,Primer,1676
12729,Make-up Stick,1676
12730,Make-up,1676
12731,Make-up Set,1676
12732,Puder,1676
12733,Rouge,1676
12734,Foundation,1676
12735,Bronzing-Palette,1676
12736,Bronzer-Puder,1676
12737,Contouring-Palette,1676
12738,Bronzer,1676
12739,VarioClip,1677
12740,Teleskop-Teilauszug,1677
12741,Teleskopauszug,1677
12742,Entnahmegriff,1677
12743,Teleskop-Vollauszug,1677
12744,Linsenteleskop,1678
12745,Achromatischer Refraktor,1678
12746,Teleskop,1678
12747,Katadioptrisches Spiegelteleskop,1678
12748,Maksutov,1678
12749,Spiegelteleskop nach Newton,1678
12750,Schmidt-Cassegrain,1678
12751,Apochromatischer Refraktor,1678
12752,Maksutov-Cassegrain,1678
12753,Maksutov-Newton,1678
12754,Aquarienthermometer,1679
12755,Infrarot-Thermometer,1679
12756,Bodenthermometer,1679
12757,Badethermometer,1679
12758,Schnuller-Fieberthermometer,1679
12759,Fruchtbarkeitstracker,1679
12760,Backofenthermometer,1679
12761,Kochthermometer,1679
12762,Gartenthermometer,1679
12763,Fensterthermometer,1679
12764,Weinthermometer,1679
12765,Stirn-Fieberthermometer,1679
12766,Kühlschrankthermometer,1679
12767,Thermodetektor,1679
12768,Raumthermometer,1679
12769,Infrarot-Fieberthermometer,1679
12770,Schwimmthermometer,1679
12771,Fieberthermometer,1679
12772,Grillthermometer,1679
12773,Bratenthermometer,1679
12774,Ohr-Fieberthermometer,1679
12775,Wärmebildkamera,1679
12776,Seidenteppich,1680
12777,Veloursteppich,1680
12778,Teppich,1680
12779,Vinyl-Läufer,1680
12780,Langflor-Teppich,1680
12781,Kunstrasen,1680
12782,Nadelvliesteppich,1680
12783,Hochflor-Läufer,1680
12784,Orientteppich,1680
12785,Hochflor-Teppich,1680
12786,Flokati-Teppich,1680
12787,Teppichfliese,1680
12788,Schlingenteppich,1680
12789,Frisé-Teppich,1680
12790,Wandteppich,1680
12791,Wollteppich,1680
12792,Designteppich,1680
12793,Stufenmatte,1680
12794,Outdoorteppich,1680
12795,Teppichboden,1680
12796,Sisalteppich,1680
12797,Kinderteppich,1680
12798,Fellteppich,1680
12799,Zeltteppiche,1680
12800,Teppich-Musterstück,1680
12801,Rasenteppich,1680
12802,Fußmatte,1680
12803,Baumteppich,1680
12804,Läufer,1680
12805,Vinylteppich,1680
12806,Sofaläufer,1680
12807,Lederteppich,1680
12808,Küchenläufer,1680
12809,Antirutsch Teppichunterlage,1681
12810,Teppichunterlage,1681
12811,Terrassendielen,1682
12812,Anbaudach,1683
12813,Wintergarten,1683
12814,Terrassendach,1683
12815,Aquarium-Wassertest,1684
12816,Bodentest,1684
12817,Trinkwassertest,1684
12818,Pool-Wassertest,1684
12819,Teich-Wassertest,1684
12820,Drogen-Schnelltest,1684
12821,Influenza-Schnelltest,1684
12822,Alkohol-Schnelltest,1684
12823,Allergietest,1684
12824,Blutzucker-Teststreifen,1684
12825,Cholesterin-Teststreifen,1684
12826,Darmparasiten-Test,1684
12827,Nährstoffmangeltest,1684
12828,Schwangerschaftstest,1684
12829,Nikotin-Schnelltest,1684
12830,Unverträglichkeitstest,1684
12831,Vinometer,1684
12832,Fertilitätsset,1684
12833,Ovulationstest,1684
12834,pH-Test,1684
12835,Ersatzschutzkappen,1685
12836,Handwärmer,1686
12837,Fußwärmer,1686
12838,Kühlpad,1686
12839,Körperwärmer,1686
12840,Wärmepad,1686
12841,Zehenwärmer,1686
12842,Kühlpflaster,1686
12843,Kühlkappe,1686
12844,Kalt-Warm-Kompresse,1686
12845,Wärmeleitpad,1686
12846,Tiefenstopp,1687
12847,Tiefenanschlag,1687
12848,Tier-Autoschondecke,1688
12849,Tier-Kofferraumschutzdecke,1688
12850,Tier-Kofferraumdecke,1688
12851,Tier-Schondecke,1688
12852,Tier-Autodecke,1688
12853,Ladekantenschutz-Matte,1688
12854,Tier-Autobett,1688
12855,Tier-Halstuch,1689
12856,Hundefliege,1689
12857,Tier-Halsband,1689
12858,Hundekrawatte,1689
12859,Leuchthalsband,1689
12860,Zeckenhalsband,1689
12861,Katzen-Halsband,1689
12862,Pferdestirnriemen,1689
12863,Flohhalsband,1689
12864,Hunde-Halsband,1689
12865,Schutzkragen,1689
12866,Hundehalsband-Anhänger,1689
12867,Hornissennestattrappe,1690
12868,Wespennestattrappe,1690
12869,Fliegenvertreiber-Glas,1690
12870,Vogelabwehr-Windspiel,1690
12871,Vogelabwehr-Windmühle,1690
12872,Vogelattrappe,1690
12873,Tierabwehr-Attrappe,1690
12874,Kupfernetz,1691
12875,Marder-Abwehrgürtel,1691
12876,Kupferband,1691
12877,Marder-Schutzgitter,1691
12878,Schneckenkante,1691
12879,Teichschutzgitter,1691
12880,Dornengitter,1691
12881,Schneckenzaun,1691
12882,Maulwurfgitter,1691
12883,Fugengitter,1691
12884,Firstkrone,1691
12885,Taubenspikes,1691
12886,Katzen-Abwehrgürtel,1691
12887,Mäusegitter,1691
12888,Hundemantel,1692
12889,Tierpullover,1692
12890,Kühlweste,1692
12891,Hundekostüm,1692
12892,OP-Body,1692
12893,Tieroverall,1692
12894,Hundeshirt,1692
12895,Hundehemd,1692
12896,Tierwarnweste,1692
12897,Hundewarnweste,1692
12898,Hundewindel,1692
12899,Tiermantel,1692
12900,Hundeweste,1692
12901,Hundekleid,1692
12902,Hunderegenmantel,1692
12903,Tierjacke,1692
12904,Hundepullover,1692
12905,Hundebademantel,1692
12906,Tierkleid,1692
12907,Hundeoverall,1692
12908,Hundejacke,1692
12909,Tierbett,1693
12910,Hundematte,1693
12911,Tierdecke,1693
12912,Hundekorb,1693
12913,Tiersofa,1693
12914,Hunde-Autositz,1693
12915,Tierkorb,1693
12916,Katzenliege,1693
12917,Tierkissen,1693
12918,Kratzbaum-Liegemulde,1693
12919,Katzen-Wandregal,1693
12920,Katzen-Hängematte,1693
12921,Hundebett,1693
12922,Fliegenklatsche,1694
12923,Klebefalle,1694
12924,Insektenfalle,1694
12925,Insektenvernichter,1694
12926,Lebendfalle,1694
12927,Fliegenwedler,1695
12928,Ultraschall-Milbencontroller,1695
12929,Ultraschall-Tierabwehr,1695
12930,Vibrations-Tierabwehr,1695
12931,Vogel-Schreck,1695
12932,Wildwarner,1695
12933,Wasserstrahl-Tiervertreiber,1695
12934,Insektenabwehrgerät,1695
12935,Elektrischer Schneckenzaun,1695
12936,Gebissloser Zaum,1696
12937,Halfter,1696
12938,Gespreit,1696
12939,Powergeschirr,1696
12940,Knotenhalfter,1696
12941,Reithalfter,1696
12942,Fellhalfter,1696
12943,Hunde-Sicherheitsgeschirr,1696
12944,Standardhalfter,1696
12945,Lederhalfter,1696
12946,Unterleghalfter,1696
12947,Erziehungsgeschirr,1696
12948,Leuchtgeschirr,1696
12949,Hunde-Leuchtgeschirr,1696
12950,Geschirr,1696
12951,Norwegergeschirr,1696
12952,Autohundegeschirr,1696
12953,Hunde-Geschirr,1696
12954,Trensenzaum,1696
12955,Stirnriemen,1696
12956,Y-Geschirr,1696
12957,Hunde-Erziehungsgeschirr,1696
12958,Hunde-Powergeschirr,1696
12959,Sicherheitsgeschirr,1696
12960,Kandarenzaum,1696
12961,Katzen-Geschirr,1696
12962,Hühnerstall,1697
12963,Hundezwinger,1697
12964,Igelhaus,1697
12965,Vogelhaus,1697
12966,Eichhörnchenkobel,1697
12967,Nagerhaus,1697
12968,Tierhaus,1697
12969,Tierhöhle,1697
12970,Katzenzelt,1697
12971,Indoorhütte,1697
12972,Nistkasten,1697
12973,Kleintierstall,1697
12974,Schlafhöhle,1697
12975,Hundehütte,1697
12976,Katzenhaus,1697
12977,Legenest,1697
12978,Katzenklappe,1698
12979,Haustierklappe,1698
12980,Hundeklappe,1698
12981,Hühnerklappe,1698
12982,Freigehege,1699
12983,Kleintierkäfig,1699
12984,Vogelkäfig,1699
12985,Voliere,1699
12986,Tierlaufteller,1700
12987,Tierlaufrad,1700
12988,Tierfallen-Köder,1701
12989,Fischlockstoff,1701
12990,Lockstoff,1701
12991,Hundematratze,1702
12992,Tiermatratze,1702
12993,Vogelfutter,1703
12994,Fischfutter,1703
12995,Reptilienfutter,1703
12996,Nagerfutter,1703
12997,Hundefutter,1703
12998,Katzenfutter,1703
12999,Pferdefutter,1703
13000,Hühnerfutter,1703
13001,Eichhörnchenfutter,1703
13002,Igelfutter,1703
13003,Ergänzungsfuttermittel,1703
13004,Bienenfutter,1703
13005,Wasserspielzeug,1704
13006,Tier-Wippe,1704
13007,Tier-Clicker,1704
13008,Plüschmaus,1704
13009,Tier-Intelligenzspielzeug,1704
13010,Tier-Glöckchen,1704
13011,Tierkuscheltier,1704
13012,Agility-Slalom,1704
13013,Agility-Wippe,1704
13014,Raschelkissen,1704
13015,Snackball,1704
13016,Tierquietschie,1704
13017,Tier-Rasselball,1704
13018,Plüschmäuse,1704
13019,Tier-Spiegel,1704
13020,Agility-Tunnel,1704
13021,Dummy,1704
13022,Agility-Hürde,1704
13023,Tierrascheldecke,1704
13024,Agility-Reifen,1704
13025,Spielknochen,1704
13026,Tiertaue,1704
13027,Tiertau,1704
13028,Outdoor-Spielzeug,1704
13029,Tierball,1704
13030,Katzen-Spielschiene,1704
13031,Katzen-Federwedel,1704
13032,Unterstreu,1705
13033,Badesand,1705
13034,Überstreu,1705
13035,Hygienestreu,1705
13036,Einstreu,1705
13037,Nistmaterial,1705
13038,Katzenstreu,1705
13039,Kleintierstreu,1705
13040,Natur-Stroh,1705
13041,Stroh-Mehl,1705
13042,Flachs-Einstreu,1705
13043,Holzpellet-Einstreu,1705
13044,Hobelspäne,1705
13045,Korkgranulat-Einstreu,1705
13046,Strohpellet-Einstreu,1705
13047,Strohpellets,1705
13048,Waldboden-Einstreu,1705
13049,Weichholz-Einstreu,1705
13050,Katzenecktoilette,1706
13051,Katzentoilette,1706
13052,Hundetoilette,1706
13053,Tierflugbox,1707
13054,Tiertransporttasche,1707
13055,Tierfahrradkorb,1707
13056,Hunde-Transportbox,1707
13057,Tiertransportbox,1707
13058,Tierreisebox,1707
13059,Tierreisekorb,1707
13060,Kleintiertunnel,1708
13061,Tiertunnel,1708
13062,Tintenglas,1709
13063,Tintenpatrone,1709
13064,Stempelkissen,1709
13065,Stempelfarbe,1709
13066,Tischbein,1710
13067,Tischschonbezug,1711
13068,Tischband,1711
13069,Tischläufer,1711
13070,Gartentischdecke,1711
13071,Mitteldecke,1711
13072,Tischdecke,1711
13073,Kulissentisch,1712
13074,Gartentisch,1712
13075,Empfangstheke,1712
13076,Wandregaltisch,1712
13077,Zeichentisch,1712
13078,Eckschreibtisch,1712
13079,Schminktisch,1712
13080,Pflanztisch,1712
13081,Satztisch,1712
13082,Regal-Schreibtisch,1712
13083,Laptoptisch,1712
13084,Stehtisch,1712
13085,Konferenztisch,1712
13086,Tresentisch,1712
13087,Ablagetisch,1712
13088,Baumkantentisch,1712
13089,Druckertisch,1712
13090,Campingtisch,1712
13091,Schreibtisch,1712
13092,Blumentisch,1712
13093,Esstisch,1712
13094,Säulen-Esstisch,1712
13095,Kinderschreibtisch,1712
13096,Couchtisch,1712
13097,Küchentisch,1712
13098,Nachttisch,1712
13099,Kulissen-Esstisch,1712
13100,Doppelschreibtisch,1712
13101,Wohnzimmertisch,1712
13102,Arbeitstisch,1712
13103,Tischelement,1712
13104,Opiumtisch,1712
13105,Beistelltisch,1712
13106,Computertisch,1712
13107,Klapptisch,1712
13108,Wangentisch,1712
13109,Tischgestell,1712
13110,Tabletttisch,1712
13111,Bartisch,1712
13112,Konsolentisch,1712
13113,Gamingtisch,1712
13114,Bistrotisch,1712
13115,Kindertisch,1712
13116,Telefontisch,1712
13117,Grillablagetisch,1712
13118,Stehpult,1712
13119,Tapeziertisch,1712
13120,Glastisch,1712
13121,Balkonhängetisch,1712
13122,Schweißtisch,1712
13123,Beamertisch,1712
13124,Solartisch,1712
13125,Schreibtischplatte,1713
13126,Waschtischplatte,1713
13127,Esstischplatte,1713
13128,Tischplatte,1713
13129,Arbeitsplatte,1713
13130,Tischsitz,1714
13131,Mini-Tischtennisplatte,1715
13132,Tischtennisplatte,1715
13133,Tischtennisschläger,1716
13134,Tischtuchklammer,1717
13135,Jahresuhr,1718
13136,Tischuhr,1718
13137,Sanduhr,1718
13138,Funktischuhr,1718
13139,Pendeltischuhr,1718
13140,Brötchenröster,1719
13141,Tunnel-Toaster,1719
13142,2-in-1-Toaster,1719
13143,Toaster,1719
13144,Baby-Toilettensitz,1720
13145,Toilettensitzerhöhung,1720
13146,Soft-Toilettensitzerhöhung,1720
13147,Toilettenpapierhalter,1721
13148,Toiletten-Ersatzrollenhalter,1721
13149,Toiletten-Rollstuhl,1722
13150,Toiletten-Stuhl,1722
13151,Dusch-Toilettenrollstuhl,1722
13152,Ersatznadel für Tonabnehmer,1723
13153,Tonabnehmer,1723
13154,Tonerkartusche,1724
13155,Fax Thermotransfer-Rolle,1724
13156,Tonerbehälter,1724
13157,Tonerpatrone,1724
13158,Dämpfeinsatz,1725
13159,Dampfgareinsatz,1725
13160,Frittiereinsatz,1725
13161,Passiermühleneinsatz,1725
13162,Topfhandschuhe,1726
13163,Grillhandschuhe,1726
13164,Topflappen,1726
13165,Micro-Taschenfederkern-Topper,1727
13166,Topper,1727
13167,Funktionstop,1728
13168,Shapingtop,1728
13169,Lauftop,1728
13170,Dirndltop,1728
13171,Tanktop,1728
13172,2-in-1-Tanktop,1728
13173,Tubetop,1728
13174,Ringertop,1728
13175,Bandeautop,1728
13176,Trachtentop,1728
13177,Ripptanktop,1728
13178,Sporttop,1728
13179,Longtop,1728
13180,Trägertop,1728
13181,One-Shoulder-Top,1728
13182,Stricktop,1728
13183,Stilltop,1728
13184,Spaghettitop,1728
13185,Wendetop,1728
13186,Smoktop,1728
13187,Crop-Top,1728
13188,Yogatop,1728
13189,Rüschentop,1728
13190,Kapuzentop,1728
13191,Shirttop,1728
13192,Neckholdertop,1728
13193,Trainingstop,1728
13194,2-in-1-Top,1728
13195,Umstandstop,1728
13196,Mesh-Top,1728
13197,Strandtop,1728
13198,Babydolltop,1728
13199,Spitzentop,1728
13200,Pliseetop,1728
13201,Schößchen-Top,1728
13202,Gartentor,1729
13203,Zaundoppeltür,1729
13204,Garagentor,1729
13205,Zauneinzeltür,1729
13206,Tortenwerkzeug,1730
13207,Tortenstecker,1730
13208,Tortenmodellierer,1730
13209,Fischgalgen,1731
13210,Sporenriemen,1731
13211,Trageband,1731
13212,Gitarrengurt,1731
13213,Brillenband,1731
13214,Brillenkette,1731
13215,Tragegurt,1731
13216,Trageschlaufe,1731
13217,Hüftgurt,1731
13218,Physiobänder,1732
13219,Trainingsband,1732
13220,Schlingentrainer,1732
13221,Schwungtrainingsband,1732
13222,Kraftbänder,1732
13223,Gymnastikbänder,1732
13224,Expander,1732
13225,Trainingsbänder,1732
13226,Shadow Boxer,1732
13227,Gymnastikband,1732
13228,Flossband,1732
13229,Slackline,1732
13230,Yogagurt,1732
13231,Stretchband,1732
13232,Schrägbank,1733
13233,Rückentrainer,1733
13234,Sit-Up Bank,1733
13235,Ganzkörpertrainer,1733
13236,Hantelbank,1733
13237,Trainingsbank,1733
13238,Turnbank,1733
13239,Pilates-Reformer,1733
13240,Ausrichtungshilfe,1734
13241,Trainingshilfe,1734
13242,Reaktionslichter,1734
13243,Boxmaschine,1734
13244,Kindertrampolin,1735
13245,Bodentrampolin,1735
13246,Turntrampolin,1735
13247,Gartentrampolin,1735
13248,Fitnesstrampolin,1735
13249,Transferpresse,1736
13250,Dachbox,1737
13251,Topcase,1737
13252,Transportbehälter,1737
13253,Dachkorb,1737
13254,Heckbox,1737
13255,Gewebesack,1738
13256,Big Bag,1738
13257,Sandsack,1738
13258,Schüttgut-Sack,1738
13259,Raschelsack,1738
13260,Regaltransportwagen,1739
13261,Tischwagen,1739
13262,Wurfhammer-Wagen,1739
13263,Handwagen,1739
13264,Putzwagen,1739
13265,Stoßkugelwagen,1739
13266,Transportroller,1739
13267,Golftrolley,1739
13268,Diskuswagen,1739
13269,Pflanzenroller,1739
13270,SUP-Transportwagen,1739
13271,Transportkarren,1739
13272,Ballwagen,1739
13273,Reifenwagen,1739
13274,Transportwagen,1739
13275,Trapezhaken,1740
13276,Trennscheibe,1741
13277,Trennscheiben,1741
13278,Schruppscheibe,1741
13279,Diamanttrennscheibe,1741
13280,Bodentreppe,1742
13281,Pooltreppe,1742
13282,Mittelholmtreppe,1742
13283,Spindeltreppe,1742
13284,Betttreppe,1742
13285,Außentreppe,1742
13286,Raumspartreppe,1742
13287,Systemtreppe,1742
13288,Gitterroststufe,1743
13289,Treppenstufe,1743
13290,Trimaxstufe,1743
13291,Tresor,1744
13292,Einwurftresor,1744
13293,Möbeltresor,1744
13294,Schlüsseltresor,1744
13295,Wertschutzschrank,1744
13296,Wertschutztresor,1744
13297,Feuerschutztresor,1744
13298,Geschäftstresor,1744
13299,Waffenschrank,1744
13300,Autotresor,1744
13301,Wandtresor,1744
13302,Buchtresor,1744
13303,Kindertresor,1744
13304,Gleichgewichtstrainer,1745
13305,Trettraktor,1746
13306,Tretfahrzeug,1746
13307,Tret-Gabelstapler,1746
13308,Go-Kart,1746
13309,Öltrichter,1747
13310,Trichter,1747
13311,Triggerstab,1748
13312,Eishockeytrikot,1749
13313,Schiedsrichtertrikot,1749
13314,Radtrikot,1749
13315,Turntrikot,1749
13316,Basketballtrikot,1749
13317,Handballtrikot,1749
13318,Volleyballtrikot,1749
13319,Feldhockeytrikot,1749
13320,Torwarttrikot,1749
13321,Fußballtrikot,1749
13322,Baseballtrikot,1749
13323,Rugbytrikot,1749
13324,Footballtrikot,1749
13325,Trinkweste,1750
13326,Trinkgürtel,1750
13327,Trinkblase,1750
13328,Trinkgurt,1750
13329,Trinkbeutel,1750
13330,Trinksystem,1750
13331,Flachmann,1751
13332,Feldflasche,1751
13333,Trinkflasche,1751
13334,Isolierflasche,1751
13335,Thermoflasche,1751
13336,Babyflasche,1751
13337,Schnabelbecher,1752
13338,Grogglas,1752
13339,Teeschale,1752
13340,Sektglas,1752
13341,Cocktailglas,1752
13342,Sherryglas,1752
13343,Bierglas,1752
13344,Schnapsglas,1752
13345,Likörbecher,1752
13346,Bierkrug,1752
13347,Trinkschale,1752
13348,Cognacglas,1752
13349,Champagnerglas,1752
13350,Cappuccinotasse,1752
13351,Portweinglas,1752
13352,Latte-Macchiato-Tasse,1752
13353,Weißweinglas,1752
13354,Einweggläser,1752
13355,Tumbler-Glas,1752
13356,Martiniglas,1752
13357,Latte-Macchiato-Glas,1752
13358,Grappaglas,1752
13359,Einwegbecher,1752
13360,Teeglas,1752
13361,Aperitifglas,1752
13362,Einwegtassen,1752
13363,Likörglas,1752
13364,Digestifglas,1752
13365,Espressoglas,1752
13366,Kinderbecher,1752
13367,Thermotasse,1752
13368,Thermoglas,1752
13369,Coffee-to-go-Becher,1752
13370,Becher,1752
13371,Gläser-Set,1752
13372,Tasse,1752
13373,Weinglas,1752
13374,Longdrinkglas,1752
13375,Whiskyglas,1752
13376,Espressotasse,1752
13377,Glas,1752
13378,Thermobecher,1752
13379,Rotweinglas,1752
13380,Trinklernbecher,1752
13381,LED-Trinkglas,1752
13382,Wärmepumpentrockner,1753
13383,Ablufttrockner,1753
13384,Kondenstrockner,1753
13385,Betttruhe,1754
13386,Schuhtruhe,1754
13387,Truhentisch,1754
13388,Truhe,1754
13389,Twin-Tuner,1755
13390,Triple-Tuner,1755
13391,Dual-Tuner,1755
13392,Tuner,1755
13393,HD-Dual-Tuner,1755
13394,HD-Triple-Tuner,1755
13395,HD-Twin-Tuner,1755
13396,Seidentunika,1756
13397,Meshtunika,1756
13398,Longtunika,1756
13399,Tunika,1756
13400,Umstandstunika,1756
13401,Chiffontunika,1756
13402,Stricktunika,1756
13403,Toilettentrainer,1757
13404,Töpfchen,1757
13405,Bratentopf,1758
13406,Sauteuse,1758
13407,Simmertopf,1758
13408,Spaghettitopf,1758
13409,Dampfgartopf,1758
13410,Feuertopf,1758
13411,Spargeltopf,1758
13412,Serviertopf,1758
13413,Kochtopf,1758
13414,Fleischtopf,1758
13415,Milchtopf,1758
13416,Einkochtopf,1758
13417,Wasserkessel,1758
13418,Topf-Set,1758
13419,Bräter,1758
13420,Gemüsetopf,1758
13421,Fonduetopf,1758
13422,Suppentopf,1758
13423,Frittiertopf,1758
13424,Schmortopf,1758
13425,Grilltopf,1758
13426,Kasserolle,1758
13427,Römertopf,1758
13428,Schnellkochtopf,1758
13429,Gärtopf,1758
13430,Türseitenteil,1759
13431,Schubkastendämpfer,1760
13432,Türdämpfer,1760
13433,Einzugsdämpfer,1760
13434,Schwebetürselbsteinzug,1760
13435,Türfeststeller,1760
13436,Schallschutztür,1761
13437,Glasschiebetür,1761
13438,Falttür,1761
13439,Schiebetür,1761
13440,Revisionstür,1761
13441,Nebeneingangstür,1761
13442,Ofentür,1761
13443,Doppelflügeltür,1761
13444,Haustür,1761
13445,Wohnungseingangstür,1761
13446,Kamintür,1761
13447,Gewächshaustür,1761
13448,Kellertür,1761
13449,Doppelschiebetür,1761
13450,Revisionsklappe,1761
13451,Gartenhaustür,1761
13452,Rauchschutztür,1761
13453,Zimmertür,1761
13454,Brandschutztür,1761
13455,Saunatür,1761
13456,Glastür,1761
13457,Türgriff,1762
13458,Schutz-Wechselgarnitur,1762
13459,Drückergarnitur,1762
13460,Türgriffpaar,1762
13461,Schutz-Drückergarnitur,1762
13462,Stoßgriff,1762
13463,Türknauf,1762
13464,Schiebetürmuschel,1762
13465,Türklingel-Set,1763
13466,Garagentorantrieb,1764
13467,Drehtorantrieb,1764
13468,Türschließer,1764
13469,Torschließer,1764
13470,Schiebetorantrieb,1764
13471,Türschlossantrieb,1765
13472,Aufschraubschloss,1766
13473,Einsteckschloss,1766
13474,Schiebetürschloss,1766
13475,Kastenschloss,1766
13476,Rohrrahmenschloss,1766
13477,Türspion,1767
13478,Wandtürstopper,1768
13479,Türstopper,1768
13480,Bodentürstopper,1768
13481,Türöffner,1769
13482,Micro SD-Karte,1770
13483,USB-Flash-Laufwerk,1770
13484,USB-Stick,1770
13485,Micro-USB-Stick,1770
13486,Mini-USB-Stick,1770
13487,USV-Anlage,1771
13488,UVC-Leuchtmittel,1772
13489,Beamerlampe,1772
13490,UVC-Desinfektionsgerät,1773
13491,UVC-Klärer,1773
13492,Smartwatch-Armband,1774
13493,Wechselarmband,1774
13494,Uhrenarmband,1774
13495,Uhrenarmband-Verlängerung,1774
13496,Uhrenbeweger,1775
13497,Ultraschallreiniger,1776
13498,Zimmerbrunnen-Nebler,1777
13499,Teich-Nebler,1777
13500,Terrarien-Nebler,1777
13501,Umbauseiten,1778
13502,Kettenflaschenzug,1779
13503,Seilzug,1779
13504,Kettenzug,1779
13505,Umlenkrolle,1779
13506,Rollladen-Abdruckrolle,1779
13507,Umbauset,1780
13508,Abluft-Set,1780
13509,Umluftmodul,1780
13510,Umzugslaterne,1781
13511,Unkrautbekämpfungsmittel,1782
13512,Unkrautbrenner,1783
13513,Unkrautstecher,1784
13514,Kantenschneider,1784
13515,Kantenstecher,1784
13516,Unterbau,1785
13517,Unterbaublech,1785
13518,Unterbaublech-Set,1785
13519,Untergestell,1786
13520,Sägeuntergestell,1786
13521,Wannen-Montagerahmen,1786
13522,Vogelhausständer,1786
13523,Wannenständer,1786
13524,Grill Standfuß,1786
13525,Waschmaschinenuntergestell,1786
13526,Fußverlängerung,1786
13527,Besaitungsmaschinen-Standfuß,1786
13528,Standplattform,1786
13529,Shapinghemd,1787
13530,Unterhemd,1787
13531,Unterziehshirt,1787
13532,Achseltop,1787
13533,Achselhemd,1787
13534,Thermounterhemd,1787
13535,Funktionsunterhemd,1787
13536,Boxer,1788
13537,Langer Boxer,1788
13538,Shapingslip,1788
13539,G-String,1788
13540,Panty-Ouvert,1788
13541,Retro Boxer,1788
13542,String,1788
13543,Hosenunterrock,1788
13544,Hipster,1788
13545,Miederhose,1788
13546,Shapingstring,1788
13547,Inkontinenzboxer,1788
13548,Taillenshaper,1788
13549,Formpants,1788
13550,Pagenslip,1788
13551,Funktionsboxer,1788
13552,Umstandspanty,1788
13553,Brasilslip,1788
13554,Einweg-Slip,1788
13555,Funktionsunterhose,1788
13556,Stringrock,1788
13557,Stringpanty,1788
13558,String-Ouvert,1788
13559,Miederslip,1788
13560,Taillenslip,1788
13561,Slip-Ouvert,1788
13562,High-Waist-Panty,1788
13563,Umstandsslip,1788
13564,High-Waist-String,1788
13565,Minislip,1788
13566,High-Waist-Stringpanty,1788
13567,Shapinghose,1788
13568,Panty,1788
13569,Schwangerschaftsslip,1788
13570,Po-Push-up-Slip,1788
13571,Jazz-Pants Slips,1788
13572,Hüftpanty,1788
13573,Bikinislip,1788
13574,Slip,1788
13575,Schlüpfer,1788
13576,Midislip,1788
13577,Funktionsslip,1788
13578,Tangaslip,1788
13579,Formslip,1788
13580,Stringtanga,1788
13581,Bändchenstring,1788
13582,Rioslip,1788
13583,High-Waist-Hipster,1788
13584,Thermounterhose,1788
13585,High-Waist-Slip,1788
13586,Maxislip,1788
13587,Tanga,1788
13588,Weiter Boxer,1788
13589,Lange Unterhose,1788
13590,Formstring,1788
13591,Tai-Slip,1788
13592,Formhose,1788
13593,Ministring,1788
13594,Tanga-Ouvert,1788
13595,Inkontinenzslip,1788
13596,Shapingpants,1788
13597,Trunk,1788
13598,Hüftslip,1788
13599,Webboxer,1788
13600,Retro Pants,1788
13601,Boxershorts,1788
13602,Pagenschlüpfer,1788
13603,Stringpanty-Ouvert,1788
13604,T-String,1788
13605,Periodenslip,1788
13606,High-Waist-Slip-Ouvert,1788
13607,Jazz-Pants-Slip,1788
13608,Zahnscheibe,1789
13609,Spannscheibe,1789
13610,Passscheibe,1789
13611,Fitschenring,1789
13612,Vierkantscheibe,1789
13613,Senkscheibe,1789
13614,Karosseriescheibe,1789
13615,Unterlegscheibe,1789
13616,Fächerscheibe,1789
13617,Sicherungsscheibe,1789
13618,Federring,1789
13619,Holzbauscheibe,1789
13620,Kugelscheibe,1789
13621,Dichtring,1789
13622,Rosette,1789
13623,Unterlegplatte,1789
13624,Sicherungsring,1789
13625,Kotflügelscheibe,1789
13626,Tellerfeder,1789
13627,Pfannenschoner,1790
13628,Pfannenuntersetzer,1790
13629,Glasuntersetzer,1790
13630,Bierdeckel,1790
13631,Tassenuntersetzer,1790
13632,Topfuntersetzer,1790
13633,Bügeleisenunterlage,1790
13634,Getränkeuntersetzer,1790
13635,Mühlenuntersetzer,1790
13636,Flaschenuntersetzer,1790
13637,Kannenuntersetzer,1790
13638,Becheruntersetzer,1790
13639,Blumentopfuntersetzer,1790
13640,Dekomatte,1790
13641,Platzteller,1790
13642,LED-Untersetzer,1790
13643,Mikrowellen-Drehkreuz,1790
13644,Mikrowellen-Drehring,1790
13645,Unterstand,1791
13646,Unterwassergehäuse,1792
13647,Urinal,1793
13648,Augmented-Reality-Brillenglas,1794
13649,Virtual-Reality-Headset,1794
13650,Linsen,1794
13651,Virtual-Reality-Brille,1794
13652,Virtual-Reality-Helm,1794
13653,Augmented-Reality-Brille,1794
13654,Einbau-Vakuumierschublade,1795
13655,Hand-Vakuumierer,1795
13656,Vakuumierer,1795
13657,Kugelvase,1796
13658,Bodenvase,1796
13659,Dekovase,1796
13660,Tischvase,1796
13661,Shisha-Ersatzglas,1796
13662,Tischventilator,1797
13663,Turboventilator,1797
13664,Akku-Standventilator,1797
13665,Deckenventilator,1797
13666,Kaminventilator,1797
13667,Turmventilator,1797
13668,Handventilator,1797
13669,Mini USB-Ventilator,1797
13670,Standventilator,1797
13671,Windmaschine,1797
13672,Radialventilator,1797
13673,Wandventilator,1797
13674,Bodenventilator,1797
13675,Umhängeventilator,1797
13676,Ventilatorkombigerät,1797
13677,Tischturmventilator,1797
13678,Heizkörperventilator,1797
13679,Akku-Ventilator,1797
13680,Badlüfter,1797
13681,Kinderwagen-Verdeck,1798
13682,Poolverdeck,1798
13683,PE-Verdünner,1799
13684,Terpentinersatz,1799
13685,Nitro-Universalverdünner,1799
13686,Salmiakgeist,1799
13687,Nitro-Verdünner,1799
13688,Poly-Verdünner,1799
13689,Polyurethan-Verdünnung,1799
13690,Spezialbenzin,1799
13691,Universal-Verdünner,1799
13692,Waschbenzin,1799
13693,Salzsäure,1799
13694,Burgfräulein-Kostüm,1800
13695,Prinzessin-Kostüm,1800
13696,Hexen-Kostüm,1800
13697,Mönch-Kostüm,1800
13698,Clown-Kostüm,1800
13699,Kostüm-Flügel,1800
13700,Ritter-Kostüm,1800
13701,Monster-Kostüm,1800
13702,Cowboy-Kostüm,1800
13703,Polizei-Kostüm,1800
13704,Piraten-Kostüm,1800
13705,Umhang,1800
13706,Zombie-Kostüm,1800
13707,Maskottchen-Kostüm,1800
13708,Lebensmittel-Kostüm,1800
13709,Kostüm,1800
13710,Feen-Kostüm,1800
13711,Arzt-Kostüm,1800
13712,Teufel-Kostüm,1800
13713,Wikinger-Kostüm,1800
13714,Vampir-Kostüm,1800
13715,Nonnen-Kostüm,1800
13716,Zauberer-Kostüm,1800
13717,Engel-Kostüm,1800
13718,Morphsuit,1800
13719,König-Kostüm,1800
13720,Partyanzug,1800
13721,Hippie-Kostüm,1800
13722,Trachten-Kostüm,1800
13723,Hawaii-Kostüm,1800
13724,Verkleidungsmaske,1801
13725,Bienenwachstücher,1802
13726,Bienenwachstuch,1802
13727,Fensterzusatzschloss,1803
13728,Türbandseitensicherung,1803
13729,Tür-Sicherungsstange,1803
13730,Bodenschieber,1803
13731,Türriegel,1803
13732,Verschluss-Überfalle,1803
13733,Türkette,1803
13734,Panzerriegel,1803
13735,Sicherheits-Stallriegel,1803
13736,Bolzenriegel,1803
13737,Rolladensicherung,1803
13738,Gitterrostsicherung,1803
13739,Kastenriegelschloss,1803
13740,Aussperrschutz,1803
13741,Schlagladenüberwurf,1803
13742,Versandtasche,1804
13743,Rouladenklammer,1805
13744,Verschlussklammer,1805
13745,Musterbeutelklammern,1805
13746,Leistungsverstärker,1806
13747,Verstärker,1806
13748,Zwischenverstärker,1806
13749,Kopfhörerverstärker,1806
13750,Mischverstärker,1806
13751,Modulationsverstärker,1806
13752,Aufsprechverstärker,1806
13753,Steuerverstärker,1806
13754,Schneidverstärker,1806
13755,Vorverstärker,1806
13756,Entzerrer,1806
13757,Audioverstärker,1806
13758,Vollverstärker,1806
13759,Endverstärker,1806
13760,Verzerrer,1806
13761,NV-Verteiler,1807
13762,SAT-Verteiler,1807
13763,Stromverteiler,1807
13764,Verteiler,1807
13765,USB-Verteiler,1807
13766,Zigarettenanzünder-Verteiler,1807
13767,SAT-Multischalter,1807
13768,Lampen-Verteiler,1807
13769,Y-Verteiler,1807
13770,AC-Verteilerblock,1807
13771,Heizkreisverteiler,1807
13772,Benzin-Vertikutierer / Lüfter,1808
13773,Elektro-Vertikutierer / Lüfter,1808
13774,Rasenlüfter,1808
13775,Vertikutierer,1808
13776,Benzin-Rasenlüfter,1808
13777,Elektro-Rasenlüfter,1808
13778,Akku-Vertikutierer / Lüfter,1808
13779,Akku-Rasenlüfter,1808
13780,Akku-Vertikutierer,1808
13781,Elektro-Vertikutierer,1808
13782,Benzin-Vertikutierer,1808
13783,Vibrationsplatte,1809
13784,Videokassette,1810
13785,Visitenkarten,1811
13786,Terrarium,1812
13787,Aquarium,1812
13788,Fischturm,1812
13789,Aquarien-Set,1812
13790,Reptilieninkubator,1812
13791,Paludarium,1812
13792,Aquarium-Beleuchtungssteuerung,1813
13793,Aquarium-Heizungssteuerung,1813
13794,Aquarium-Pumpensteuerung,1813
13795,Terrarium-Beleuchtungssteuerung,1813
13796,Terrarium-Klimasteuerung,1813
13797,Vivarien-Beleuchtungssteuerung,1813
13798,Vivarien-Heizungssteuerung,1813
13799,Paludarienrückwand,1814
13800,Terrarienrückwand,1814
13801,Aquarienrückwand,1814
13802,Vivarienrückwand,1814
13803,Wintervlies,1815
13804,Gartenvlies,1815
13805,Malervlies,1815
13806,Rovinggewebe,1815
13807,Winterschutzvlies,1815
13808,Reparaturvlies,1815
13809,Bodenschutzvlies,1815
13810,Kokosmatte,1815
13811,Unkrautvlies,1815
13812,Glasfasergewebe,1815
13813,Kokosscheibe,1815
13814,Rundbogenvordach,1816
13815,Balken-Vordach,1816
13816,Rechteckvordach,1816
13817,Bogenvordach,1816
13818,Vordach-Seitenteil,1816
13819,Vordach,1816
13820,Pultvordach,1816
13821,Smart-Home-Vorhängeschloss,1817
13822,Vorhängeschloss,1817
13823,Diskussschloss,1817
13824,TSA-Vorhängeschloss,1817
13825,Vorsatztür,1818
13826,Umrüstsatz,1818
13827,Kühlschrankfront,1818
13828,Funkenschutztür,1818
13829,WC-Komplettset,1819
13830,Urinaldeckel,1820
13831,Kinder-WC-Sitz,1820
13832,WC-Sitz,1820
13833,Dusch-WC-Sitz,1820
13834,Tiefspül-WC,1821
13835,Flachspül-WC,1821
13836,Kinder-WC,1821
13837,Dusch-WC,1821
13838,WLAN-Stick,1822
13839,WLAN-Adapter,1822
13840,WLAN-Dongle,1822
13841,WLAN-Modul,1822
13842,Warmwachs-Haarentferner,1823
13843,Wachskamm,1824
13844,Gugelhupf-Maker,1825
13845,3-in-1-Kombi-Waffeleisen,1825
13846,Omelette-Maker,1825
13847,Multibäcker,1825
13848,Churro-Maker,1825
13849,Waffeleisen,1825
13850,Muffin-Maker,1825
13851,Pancake-Maker,1825
13852,Donut-Maker,1825
13853,2-in-1-Kombi-Waffeleisen,1825
13854,Cakepop-Maker,1825
13855,Cupcake-Maker,1825
13856,Zaubernussbäcker,1825
13857,Walzenhülse,1826
13858,Zierleiste,1827
13859,Deckenleiste,1827
13860,Abschlussleiste,1827
13861,Kantenleiste,1827
13862,Fensterleiste,1827
13863,Stuckleiste,1827
13864,Wanddekoobjekt,1828
13865,Decken-Rosette,1828
13866,Doppelwandfutter,1829
13867,Kamindurchführung,1829
13868,Wandfutter,1829
13869,Spannungswandler,1830
13870,Wechselrichter,1830
13871,Wandler,1830
13872,Audio-Wandler,1830
13873,Wandtattoo,1831
13874,Wandsticker,1831
13875,Wandspruch,1831
13876,3D-Wandtattoo,1831
13877,Funk-Pendelwanduhr,1832
13878,Badezimmeruhr,1832
13879,Regulator,1832
13880,Pendelwanduhr,1832
13881,Sauna-Sanduhr,1832
13882,Uhr,1832
13883,Funkwanduhr,1832
13884,Wanduhr,1832
13885,Wanneneinlage,1833
13886,Antirutsch-Aufkleber,1833
13887,Duscheinlage,1833
13888,Seitenschürze,1834
13889,Wannenträger,1834
13890,Eckschürze,1834
13891,Frontschürze,1834
13892,Warndreieck,1835
13893,Einbauwaschmaschine,1836
13894,Waschmaschine Toplader,1836
13895,TwinWash Waschmaschine,1836
13896,Waschmaschine,1836
13897,Mini-Waschmaschine,1836
13898,Waschmaschinen-Trockner-Set,1837
13899,Waschtischaufsatz,1838
13900,Tropfschutzblech,1838
13901,Einbauwaschbecken,1839
13902,Waschbecken,1839
13903,Waschschüssel,1839
13904,Waschtisch,1839
13905,Aufsatzwaschbecken,1839
13906,Doppelwaschtisch,1839
13907,Doppelwaschbecken,1839
13908,Waschtrockner,1840
13909,TwinWash Waschtrockner,1840
13910,Waschtrockner Toplader,1840
13911,Einbauwaschtrockner,1840
13912,Schweißabzieher,1841
13913,Wasserabzieher,1841
13914,Fenstersauger-Abziehlippen,1841
13915,Duschabzieher,1841
13916,Wasserspieltisch,1842
13917,Wasserbahn,1842
13918,Wasserbar,1843
13919,Untertisch-Trinkwassersystem,1843
13920,Elektrischer Wasserhahn,1843
13921,Wasserdestilliergerät,1843
13922,Osmoseanlage,1843
13923,Wasserbett,1844
13924,Samowar,1845
13925,Wasserkocher,1845
13926,Heißwasserspender,1845
13927,Reise-Wasserkocher,1845
13928,Warmwasserzähler,1846
13929,Kaltwasserzähler,1846
13930,Algenbekämpfung,1847
13931,Algenschutz,1847
13932,Teichpflege,1847
13933,Chlortabletten,1847
13934,Aquariumpflege,1847
13935,Chlorgranulat,1847
13936,Poolpflege,1847
13937,Filterstarter,1847
13938,Wasserrutsche,1848
13939,Fontänenaufsatz,1849
13940,Poolwasserfall,1849
13941,Poolsprüher,1849
13942,Wasserspeier,1849
13943,Wasserspiel,1850
13944,Gartenbrunnen,1850
13945,Wasserfall,1850
13946,Zimmerbrunnen,1850
13947,Badespielzeug,1851
13948,Spiel-Wassersprenkler,1851
13949,Kinderspielboot,1851
13950,Badeplüschtier,1851
13951,Kite Trapez,1852
13952,Windsurf Trapez,1852
13953,Kiteboard,1853
13954,Wakesurfboard,1853
13955,Kneeboard,1853
13956,Bodyboard,1853
13957,Windsurfboard,1853
13958,Wellenreiter,1853
13959,Wakeboard,1853
13960,Inflatable SUP-Board,1853
13961,SUP-Board,1853
13962,Wassersprudler,1854
13963,Trinkwasser-Analysegerät,1855
13964,Photometer,1855
13965,Pooltester,1855
13966,pH-Messgerät,1855
13967,Elektro-Pooltester,1855
13968,Leitwertmessgerät,1855
13969,Schlauchwasserwaage,1856
13970,Torpedowasserwaage,1856
13971,Wasserwaage,1856
13972,Pfostenwasserwaage,1856
13973,Laserwasserwaage,1856
13974,Radiowecker,1857
13975,Kinderwecker,1857
13976,Küchentimer,1857
13977,Funkwecker,1857
13978,Wecker,1857
13979,Funk-Reisewecker,1857
13980,Quarzwecker,1857
13981,Reisewecker,1857
13982,Kurzzeitmesser,1857
13983,Schellenwecker,1857
13984,Schlafphasenwecker,1857
13985,Funk-Radiowecker,1857
13986,Projektionswecker,1857
13987,Glockenwecker,1857
13988,Tageslichtwecker,1857
13989,Weidezaungerät,1858
13990,Weihnachtsbaumkugel,1859
13991,Weihnachtskugelständer,1859
13992,Lametta,1860
13993,Weihnachtsbaumschleife,1860
13994,Christbaumschmuck,1860
13995,Weihnachtsbaumklammer,1860
13996,Christbaumspitze,1860
13997,Weihnachtsbaumdecke,1860
13998,Girlanden,1860
13999,Christbaumständer,1861
14000,Echter Weihnachtsbaum,1862
14001,Künstlicher Weihnachtsbaum,1862
14002,Weihnachtsdorf,1863
14003,Weihnachtshaus,1863
14004,Weihnachtsszene,1863
14005,Weihnachtsstadt,1863
14006,Winterlandschaft,1863
14007,Krippe,1864
14008,Weihnachtspyramide,1865
14009,Einbauweintemperierschrank,1866
14010,Einbauweinkühlschrank,1866
14011,Unterbauweintemperierschrank,1866
14012,Weintemperierschrank,1866
14013,Outdoorkühlschrank,1866
14014,Getränke- und Dosenkühler,1866
14015,Weinkühlschrank,1866
14016,Werkstatt-Set,1867
14017,Hobelbank,1867
14018,Werkbank,1867
14019,Werkstattkran,1868
14020,Gegengewichtskran,1868
14021,Ziehpresse,1869
14022,Werkstattpresse,1869
14023,Handpresse,1869
14024,Spindelpresse,1869
14025,Werkstattwagen,1870
14026,Werkzeugwagen,1870
14027,Lochwand-Ausstattung,1871
14028,Magnet-Werkzeugleiste,1871
14029,Werkzeughalter,1871
14030,Bohrerleiste,1871
14031,Klemmhalter,1871
14032,Elektrowerkzeug-Set,1872
14033,Druckluftgeräte-Set,1872
14034,Bördelwerkzeug,1873
14035,Fahrradwerkzeugset,1873
14036,Malerset,1873
14037,Renovierungsset,1873
14038,Werkzeugset,1873
14039,Druckluftwerkzeug,1873
14040,Jagdweste,1874
14041,Strickweste,1874
14042,Sweatweste,1874
14043,Anzugweste,1874
14044,Funktionsweste,1874
14045,Smokingweste,1874
14046,Kurzweste,1874
14047,Motorradweste,1874
14048,Reitweste,1874
14049,Frackweste,1874
14050,Lederimitatweste,1874
14051,Plüschweste,1874
14052,Anglerweste,1874
14053,Jeansweste,1874
14054,Longweste,1874
14055,Fleeceweste,1874
14056,Lederweste,1874
14057,Golfweste,1874
14058,Jerseyweste,1874
14059,Daunenweste,1874
14060,Fellweste,1874
14061,Shirtweste,1874
14062,Steppweste,1874
14063,Wendeweste,1874
14064,Arbeitsweste,1874
14065,Trachtenweste,1874
14066,Karoweste,1874
14067,Umstandsweste,1874
14068,Warnweste,1874
14069,Softshellweste,1874
14070,Satinweste,1874
14071,Cordweste,1874
14072,Fransenweste,1874
14073,Fellimitatweste,1874
14074,Innenwetterstation,1875
14075,Funkwetterstation,1875
14076,Regenmesser,1875
14077,Satellitenwetterstation,1875
14078,Außenwetterstation,1875
14079,Wetterstation,1875
14080,Whirlpool,1876
14081,Wickelauflage,1877
14082,Bade- und Wickelkombination,1877
14083,Wickelauflagenbezug,1878
14084,Wickelaufsatz,1879
14085,Wickelplatte,1879
14086,Wickelbrett,1879
14087,Wickelkommode,1880
14088,Wickelregal,1881
14089,Wickeltisch,1881
14090,Bade- und Wickelregal,1881
14091,Wimpernzange,1882
14092,Stoffwindeln,1883
14093,Windeln,1883
14094,Seilwinde,1884
14095,Winde,1884
14096,Planenaufroller,1884
14097,Rauchabzugskurbel,1884
14098,Windgenerator,1885
14099,Fahrrad-Windschild,1886
14100,Grill-Windschutz,1886
14101,Motorradhelm-Visier,1886
14102,Auto-Windschutz,1886
14103,Windspiel,1887
14104,Windsack,1888
14105,Winkelmesser,1889
14106,Wippe,1890
14107,Federwippe,1890
14108,Angelwirbel,1891
14109,Wischbezughalterung,1892
14110,Scheibenwischblätter,1893
14111,Kinderdecke,1894
14112,Krabbeldecke,1894
14113,Wolldecke,1894
14114,Picknickdecke,1894
14115,Babydecke,1894
14116,Wohndecke,1894
14117,Einschlagdecke,1894
14118,Outdoordecke,1894
14119,Plaid,1894
14120,Foulard,1894
14121,Überwurf,1894
14122,Kniedecke,1894
14123,Babylammfell,1894
14124,Wundertüte,1895
14125,Diskusscheibe,1896
14126,Wurfscheibe,1896
14127,Schiedsrichter-Wählmarke,1897
14128,Wandlager,1898
14129,Fahrrad-Kugellager,1898
14130,Kugellager,1898
14131,Thermo-Gurt,1899
14132,Thermo-Manschette,1899
14133,Wärmekissen,1899
14134,Insektenstichheiler,1900
14135,Infrarot-Wärmestrahler,1900
14136,Infrarotlampe,1900
14137,Rotlicht-Panel,1900
14138,Wärmeleitpaste,1901
14139,Luftwärmepumpe,1902
14140,Pool-Wärmepumpe,1902
14141,Luft-Wasser-Wärmepumpe,1902
14142,Erdwärmepumpe,1902
14143,Grundwasserwärmepumpe,1902
14144,Warmwasser-Wärmepumpe,1902
14145,Wärmespeicherstein,1903
14146,Nacken-Wärmflasche,1904
14147,Wärmflasche,1904
14148,Wäschekugel,1905
14149,Trocknerball,1905
14150,Wäschewanne,1906
14151,Wäschebox,1906
14152,Ausziehwäschekorb,1906
14153,Wäschetasche,1906
14154,Flaschensammler,1906
14155,Wäschetruhe,1906
14156,Wäschesack,1906
14157,Wäschetonne,1906
14158,Wäschesortierer,1906
14159,Wäschekorb,1906
14160,Wäscheschleuder,1907
14161,Vortrockner,1907
14162,Heizungswäschetrockner,1908
14163,Wäscheständer,1908
14164,Heizkörper-Wäschetrockner,1908
14165,Turmwäscheständer,1908
14166,Deckenwäschetrockner,1908
14167,Wand-Wäscheleine,1908
14168,Heizungs- und Balkonwäschetrockner,1908
14169,Elektrischer Wäschetrockner,1908
14170,Balkonwäschetrockner,1908
14171,Flügelwäschetrockner,1908
14172,Wandwäschetrockner,1908
14173,Wäschespinne,1908
14174,Elektrischer Wäscheständer,1908
14175,Badewannen-Wäscheständer,1908
14176,Wäschesäckchen,1909
14177,Wäschesafe,1909
14178,Wäschenetz,1909
14179,Sockenklammer,1909
14180,Yogablock,1910
14181,Balance Pad,1910
14182,Zahnbleaching-Pulver,1911
14183,Zahnbleaching-Paste,1911
14184,Zahnbleaching-Schaum,1911
14185,Zahnbleaching-Gel,1911
14186,Zahnbleaching-Stift,1911
14187,Zahnbleaching-Schiene,1911
14188,White Stripes,1911
14189,Zahnbleaching-Kit,1911
14190,Interdentalbürsten,1912
14191,Lernzahnbürste,1912
14192,Tier-Fingerzahnbürste,1912
14193,Tierzahnbürste,1912
14194,Zahnbürste,1912
14195,Einbüschelbürste,1912
14196,Aufsteckbürste,1913
14197,Aufsteckbürsten,1913
14198,Zungenreinigeraufsatz,1913
14199,Mundduschen-Ersatzdüse,1913
14200,Zahnkranz,1914
14201,Tier-Zahnpflegeset,1915
14202,Zahnpasta,1915
14203,Tier-Zahncreme,1915
14204,Zahnputzbecher,1916
14205,Zahnbürstenhalter,1916
14206,Zahnriemen,1917
14207,Zahnseide,1918
14208,Zahnseide-Stick,1918
14209,Elektro-Installationszange,1919
14210,Rohrzange,1919
14211,Gripzange,1919
14212,Seitenschneider,1919
14213,Kraftzange,1919
14214,Klemmhülsenzange,1919
14215,Schraubzange,1919
14216,Kneifzange,1919
14217,Kettenschlosszange,1919
14218,Besaitungszange,1919
14219,Fischgreifer,1919
14220,Anglerzange,1919
14221,Lochzange,1919
14222,Sicherungsringzange,1919
14223,Blindnietzange,1919
14224,Abisolierzange,1919
14225,Angelhakenauslöser,1919
14226,Telefonzange,1919
14227,Spitzzange,1919
14228,Greifarm,1919
14229,Monierzange,1919
14230,Flachzange,1919
14231,Rundzange,1919
14232,Ösenzange,1919
14233,Siphonzange,1919
14234,Kabelzange,1919
14235,Aderendhülsenzange,1919
14236,Zangenset,1919
14237,Bowdenzugschneider,1919
14238,Flachrundzange,1919
14239,Montagezange,1919
14240,Kombizange,1919
14241,Wasserpumpenzange,1919
14242,Ohrklemmenzange,1919
14243,Zangenschlüssel,1919
14244,Schlauchklemmenzange,1919
14245,Revolverlochzange,1919
14246,Crimpzange,1919
14247,Greifzange,1919
14248,Eckrohrzange,1919
14249,Abmantelungszange,1919
14250,Pressmaschine,1919
14251,Presszange,1919
14252,Getränkespender,1920
14253,Bierzapfanlage,1920
14254,Bottoms-up-Zapfanlage,1920
14255,Zapfsäule,1920
14256,Zapfanlage,1920
14257,Zapfhahn,1921
14258,Zauberstab,1922
14259,Zauberkäfig,1922
14260,Zauberkasten,1922
14261,Dichtzaun,1923
14262,Hasendraht,1923
14263,Doppelstabmattenzaun,1923
14264,Zaun,1923
14265,Zaunaußenecke,1923
14266,Sechseckgeflecht,1923
14267,Sichtschutzstreifen,1923
14268,Bohlenzaun,1923
14269,Teichzaun,1923
14270,Steinsäule,1923
14271,Volierendraht,1923
14272,Zierzaun,1923
14273,Maschendrahtzaun,1923
14274,Sichtschutzzaunmatten,1923
14275,Holzzaun,1923
14276,Wildzaun,1923
14277,Gabionenzaun,1923
14278,Weidenzaun,1923
14279,Staketenzaun,1923
14280,Zaunverbinderset,1923
14281,Gartenzaun,1923
14282,Sichtschutzelement,1923
14283,Schweißgitter,1923
14284,Einstabmattenzaun,1923
14285,Geflechtzaun,1923
14286,Metallzaun,1923
14287,Hühnerzaun,1923
14288,Kunsthecken-Sichtschutz,1923
14289,Jägerzaun,1923
14290,Glaszaun,1923
14291,Lamellenzaun,1923
14292,Schmuckzaun,1923
14293,Lattenzaun,1923
14294,Zaunpfosten,1924
14295,Endpfosten,1924
14296,Eckpfosten,1924
14297,Zaunriegel,1924
14298,Hallux-Bandage,1925
14299,Fußpolster,1925
14300,Zehenkorrektor,1925
14301,Hammerzehen-Korrektor,1925
14302,Zehenspreizer,1925
14303,Finger-& Zehenschutz,1925
14304,Überbeinschutz,1925
14305,Zehenschutzpolster,1925
14306,Fussballenpolster,1925
14307,Zehenring Set,1926
14308,Zehenring,1926
14309,Transparentpapierblock,1927
14310,Zeichenkartonblock,1927
14311,Zeichenblock,1927
14312,Aquarellblock,1927
14313,Skizzenblock,1927
14314,Malblock,1927
14315,Zeitschaltuhr,1928
14316,Funk-Zeitschaltuhr,1928
14317,Tageszeitschaltuhr,1928
14318,Wochenzeitschaltuhr,1928
14319,Zeitungsständer,1929
14320,Schirmzelt,1930
14321,Strandmuschel,1930
14322,Biwakzelt,1930
14323,Gruppenzelt,1930
14324,Vorzelt,1930
14325,Prahmzelt,1930
14326,Innenzelt,1930
14327,Igluzelt,1930
14328,Bikerzelt,1930
14329,Firstzelt,1930
14330,Dachzelt,1930
14331,Gerätezelt,1930
14332,Poolüberdachung,1930
14333,Tarp-Zelt,1930
14334,Geodätzelt,1930
14335,Auto-Faltgarage,1930
14336,Buszelt,1930
14337,aufblasbares Zelt,1930
14338,Pyramidenzelt,1930
14339,Wurfzelt,1930
14340,Tipi-Zelt,1930
14341,Kuppelzelt,1930
14342,Angelzelt,1930
14343,Tunnelzelt,1930
14344,Lichtzelt,1930
14345,Einbogenzelt,1930
14346,Faltzelt,1930
14347,Hauszelt,1930
14348,Windschutz,1930
14349,Küchenzelt,1930
14350,Hängezelt,1930
14351,Markisenvorzelt,1930
14352,Saunazelt,1930
14353,LED-Zelthering,1931
14354,Zelthering,1931
14355,Schleusenstab,1932
14356,Zeltstange,1932
14357,Beton,1933
14358,Estrich,1933
14359,Trockenbeton,1933
14360,Ausgleichsmasse,1933
14361,Zement,1933
14362,Laborzentrifuge,1934
14363,Honigschleuder,1934
14364,Milchzentrifuge,1934
14365,Standmixer,1935
14366,Zerkleinerer,1935
14367,Akku-Smoothie-Maker,1935
14368,Smoothie-Maker,1935
14369,Spiralschneider,1935
14370,Gemüsehacker,1935
14371,Gemüseschneider,1935
14372,Fleischwolf,1935
14373,Zwiebelhacker,1935
14374,Akku-Zerkleinerer,1935
14375,Elektrischer Shaker,1935
14376,Dartscheibe,1936
14377,Zielscheibe,1936
14378,Kugelfang,1936
14379,Zielscheibenauflage,1936
14380,3D-Ziel,1936
14381,Zirkel,1937
14382,Spitzzirkel,1937
14383,Puderzuckerstreuer,1938
14384,Zuckerstreuer,1938
14385,Zuckerwattemaschine,1939
14386,Zugeisen,1940
14387,Motorrad-Hauptständer,1941
14388,Fahrrad-Doppelständer,1941
14389,Fahrrad-Mittelbauständer,1942
14390,Fahrrad-Hinterbauständer,1942
14391,Fahrrad-Seitenständer,1942
14392,Motorrad-Seitenständer,1942
14393,Pflanzer,1943
14394,Einhandzwinge,1944
14395,Zwinge,1944
14396,Klemmzwinge,1944
14397,Spannzwinge,1944
14398,Schraubzwinge,1944
14399,Eckenspanner,1944
14400,Zwischenbaurahmen,1945
14401,Fertilitätsmonitor,1946
14402,Zündkerze,1947
14403,Beil,1948
14404,Spaltbeil,1948
14405,Spalthammer,1948
14406,Spaltaxt,1948
14407,Axt,1948
14408,Universalaxt,1948
14409,Öse,1949
14410,Ösenband,1949
14411,Video-Türsprechanlage,1950
14412,Überwachungskamera,1950
14413,Überwachungskamera Attrappe,1950
14414,Indoor Kamera,1950
14415,Wildkamera,1950
14416,Smart Home Türklingel,1950
14417,Smart Home Kamera,1950
14418,Überwachungskamera Zubehör,1950
14419,Digitaler Türspion,1950
14420,Angelkamera,1950
14421,IP-Überwachungskamera,1950
