id,group_id,attribute_id
1,1,2
2,1,3
3,1,5
4,1,7
5,1,15
6,1,19
7,1,21
8,1,22
9,1,24
10,1,25
11,1,26
12,1,27
13,2,44
14,2,61
15,2,69
16,2,73
17,2,74
18,2,75
19,2,84
20,3,106
21,3,109
22,3,114
23,3,115
24,3,117
25,3,118
26,3,120
27,3,121
28,3,122
29,3,123
30,3,139
31,4,146
32,4,147
33,4,151
34,4,152
35,4,158
36,4,159
37,4,160
38,4,178
39,4,181
40,4,187
41,5,210
42,5,214
43,5,215
44,5,216
45,5,217
46,5,219
47,5,220
48,5,221
49,6,244
50,6,251
51,6,252
52,6,253
53,6,256
54,6,257
55,6,258
56,6,265
57,6,266
58,6,274
59,6,276
60,7,304
61,7,310
62,7,314
63,7,315
64,7,320
65,7,321
66,7,329
67,7,330
68,7,336
69,8,353
70,8,354
71,8,355
72,8,356
73,8,359
74,8,360
75,8,361
76,9,373
77,9,374
78,9,390
79,9,392
80,9,399
81,9,400
82,9,401
83,9,403
84,9,415
85,9,418
86,10,423
87,10,424
88,10,425
89,10,430
90,10,444
91,10,445
92,10,446
93,10,447
94,11,453
95,11,455
96,11,456
97,11,464
98,11,467
99,12,477
100,12,478
101,12,479
102,12,486
103,12,487
104,12,489
105,12,494
106,12,495
107,13,509
108,13,517
109,13,521
110,13,522
111,13,526
112,13,527
113,13,528
114,13,541
115,13,553
116,13,555
117,13,556
118,14,582
119,14,583
120,14,585
121,14,592
122,15,600
123,15,604
124,15,610
125,15,611
126,15,612
127,15,614
128,15,615
129,15,616
130,15,617
131,16,631
132,16,635
133,16,644
134,16,645
135,16,646
136,16,650
137,16,666
138,17,669
139,17,672
140,17,676
141,17,683
142,17,684
143,17,685
144,17,691
145,17,692
146,17,694
147,17,698
148,18,736
149,18,747
150,18,788
151,18,792
152,18,794
153,18,795
154,18,796
155,18,798
156,19,820
157,19,828
158,19,829
159,19,836
160,19,837
161,20,852
162,20,853
163,20,858
164,20,864
165,20,865
166,20,866
167,20,868
168,20,869
169,20,870
170,20,871
171,20,872
172,21,888
173,21,894
174,21,895
175,21,896
176,21,898
177,21,899
178,22,908
179,22,915
180,22,916
181,22,920
182,23,936
183,23,941
184,23,943
185,23,944
186,23,945
187,23,946
188,23,947
189,24,955
190,24,956
191,24,959
192,24,965
193,24,966
194,24,967
195,24,969
196,25,980
197,25,982
198,25,989
199,25,990
200,25,991
201,25,992
202,25,993
203,25,995
204,25,1005
205,25,1007
206,26,1025
207,26,1039
208,27,1048
209,27,1055
210,27,1056
211,27,1057
212,27,1059
213,27,1060
214,27,1120
215,27,1129
216,27,1130
217,27,1146
218,27,1180
219,27,1181
220,28,1191
221,28,1193
222,28,1201
223,28,1208
224,28,1228
225,28,1239
226,28,1241
227,28,1242
228,28,1243
229,28,1244
230,28,1247
231,29,1299
232,29,1306
233,29,1312
234,29,1313
235,29,1314
236,29,1337
237,29,1338
238,29,1367
239,29,1380
240,30,1394
241,30,1410
242,30,1418
243,30,1419
244,30,1420
245,30,1430
246,30,1431
247,30,1435
248,31,1449
249,31,1450
250,31,1452
251,31,1453
252,31,1454
253,31,1455
254,31,1462
255,32,1469
256,32,1470
257,32,1472
258,32,1481
259,32,1486
260,32,1487
261,32,1488
262,32,1496
263,32,1504
264,33,1530
265,33,1536
266,33,1541
267,33,1542
268,33,1543
269,33,1552
270,33,1562
271,33,1563
272,34,1588
273,34,1597
274,34,1598
275,34,1599
276,34,1601
277,34,1615
278,35,1624
279,35,1626
280,35,1632
281,35,1633
282,35,1635
283,35,1636
284,35,1637
285,36,1653
286,36,1659
287,36,1660
288,36,1661
289,36,1663
290,36,1664
291,36,1665
292,37,1685
293,37,1686
294,37,1693
295,37,1700
296,37,1701
297,38,1721
298,38,1722
299,38,1728
300,38,1729
301,38,1730
302,38,1733
303,38,1734
304,39,1749
305,39,1756
306,39,1757
307,39,1758
308,39,1759
309,40,1772
310,40,1773
311,40,1774
312,40,1775
313,40,1784
314,40,1785
315,40,1792
316,41,1795
317,41,1803
318,41,1804
319,41,1809
320,41,1813
321,41,1817
322,42,1821
323,42,1828
324,42,1834
325,42,1835
326,42,1836
327,42,1841
328,42,1842
329,42,1853
330,43,1868
331,43,1871
332,43,1880
333,43,1898
334,43,1908
335,43,1909
336,44,1922
337,44,1928
338,44,1942
339,44,1952
340,44,1953
341,45,1959
342,45,1960
343,45,1962
344,45,1963
345,45,1964
346,45,1966
347,45,1969
348,46,1981
349,46,1998
350,46,2004
351,46,2006
352,46,2007
353,46,2009
354,46,2010
355,46,2013
356,46,2015
357,47,2035
358,47,2042
359,47,2043
360,47,2046
361,47,2047
362,47,2048
363,47,2050
364,47,2053
365,47,2054
366,47,2055
367,47,2056
368,47,2057
369,47,2058
370,48,2081
371,48,2082
372,48,2083
373,48,2084
374,48,2086
375,48,2087
376,48,2089
377,48,2095
378,49,2113
379,49,2117
380,49,2118
381,49,2122
382,49,2123
383,49,2124
384,50,2141
385,50,2142
386,50,2144
387,50,2145
388,50,2146
389,50,2147
390,50,2161
391,50,2167
392,50,2171
393,51,2173
394,51,2178
395,51,2200
396,51,2204
397,51,2205
398,51,2206
399,51,2214
400,51,2215
401,51,2219
402,52,2234
403,52,2236
404,52,2242
405,52,2244
406,52,2251
407,52,2252
408,52,2253
409,52,2254
410,52,2256
411,53,2261
412,53,2265
413,53,2277
414,53,2280
415,53,2282
416,53,2283
417,53,2284
418,53,2286
419,53,2287
420,53,2289
421,54,2309
422,54,2313
423,54,2319
424,54,2325
425,54,2334
426,54,2335
427,54,2344
428,54,2346
429,54,2347
430,54,2348
431,54,2352
432,54,2353
433,54,2357
434,54,2358
435,55,2379
436,55,2380
437,55,2388
438,55,2389
439,55,2390
440,55,2391
441,55,2401
442,55,2402
443,55,2408
444,56,2420
445,56,2428
446,56,2429
447,56,2431
448,56,2432
449,56,2433
450,56,2442
451,57,2448
452,57,2452
453,57,2455
454,57,2563
455,57,2571
456,58,2576
457,58,2581
458,58,2582
459,58,2583
460,58,2584
461,58,2586
462,58,2588
463,58,2597
464,59,2607
465,59,2611
466,59,2619
467,59,2626
468,59,2629
469,59,2631
470,59,2632
471,59,2634
472,59,2635
473,59,2646
474,60,2662
475,60,2665
476,60,2681
477,60,2683
478,60,2684
479,60,2703
480,60,2704
481,60,2713
482,60,2714
483,60,2825
484,60,2826
485,60,2827
486,60,2828
487,60,2837
488,60,2838
489,60,2841
490,60,2843
491,60,2869
492,60,2872
493,61,2886
494,61,2889
495,61,2894
496,61,2895
497,61,2900
498,61,2901
499,61,2902
500,61,2903
501,61,2913
502,61,2914
503,62,2931
504,62,2933
505,62,2939
506,62,2940
507,62,2942
508,62,2943
509,62,2944
510,62,2954
511,63,2961
512,63,2964
513,63,2965
514,63,2966
515,63,2977
516,63,2982
517,63,2988
518,63,2989
519,63,2997
520,63,2998
521,63,2999
522,63,3000
523,63,3001
524,63,3005
525,63,3014
526,63,3017
527,63,3020
528,64,3040
529,64,3045
530,64,3052
531,64,3053
532,64,3054
533,64,3057
534,64,3058
535,65,3098
536,65,3107
537,65,3130
538,65,3131
539,65,3151
540,65,3154
541,66,3176
542,66,3178
543,66,3201
544,67,3204
545,67,3211
546,67,3212
547,67,3214
548,67,3222
549,67,3246
550,67,3274
551,67,3279
552,67,3282
553,67,3306
554,67,3307
555,68,3313
556,68,3314
557,68,3316
558,68,3317
559,68,3318
560,68,3319
561,68,3328
562,69,3336
563,69,3343
564,69,3348
565,69,3349
566,69,3353
567,69,3363
568,70,3369
569,70,3371
570,70,3377
571,70,3378
572,70,3380
573,70,3381
574,70,3382
575,71,3395
576,71,3399
577,71,3411
578,71,3412
579,71,3413
580,71,3414
581,71,3428
582,71,3435
583,71,3437
584,71,3443
585,71,3447
586,71,3448
587,71,3449
588,71,3450
589,71,3451
590,71,3452
591,71,3454
592,71,3486
593,71,3489
594,72,3518
595,72,3519
596,72,3520
597,72,3521
598,72,3528
599,72,3538
600,72,3546
601,72,3547
602,72,3548
603,72,3551
604,72,3554
605,72,3560
606,72,3579
607,73,3586
608,73,3589
609,73,3595
610,73,3596
611,73,3597
612,73,3598
613,73,3600
614,73,3601
615,74,3613
616,74,3621
617,74,3622
618,74,3623
619,74,3624
620,74,3625
621,74,3627
622,74,3628
623,74,3629
624,74,3630
625,75,3641
626,75,3642
627,75,3645
628,75,3646
629,75,3647
630,75,3657
631,76,3663
632,76,3664
633,76,3679
634,77,3692
635,77,3700
636,78,3721
637,78,3727
638,78,3728
639,78,3729
640,78,3730
641,78,3731
642,78,3733
643,78,3734
644,79,3747
645,79,3756
646,79,3757
647,79,3758
648,79,3759
649,79,3760
650,79,3764
651,79,3765
652,79,3773
653,80,3780
654,80,3782
655,80,3783
656,80,3784
657,80,3785
658,80,3787
659,80,3788
660,80,3789
661,80,3790
662,80,3798
663,81,3816
664,81,3818
665,81,3840
666,81,3851
667,81,3852
668,81,3857
669,81,3858
670,81,3860
671,81,3861
672,81,3862
673,81,3863
674,82,3883
675,82,3888
676,82,3889
677,82,3891
678,82,3892
679,82,3894
680,82,3895
681,83,3903
682,83,3906
683,83,3915
684,83,3916
685,83,3917
686,83,3922
687,83,3947
688,83,3948
689,84,3953
690,84,3961
691,84,3962
692,84,3964
693,84,3965
694,84,3966
695,84,3967
696,84,3968
697,85,3976
698,85,3977
699,85,3979
700,85,3980
701,85,3981
702,85,3982
703,85,3991
704,86,3996
705,86,3997
706,86,3998
707,86,3999
708,86,4018
709,87,4026
710,87,4033
711,87,4035
712,88,4045
713,88,4046
714,88,4048
715,88,4049
716,88,4050
717,88,4051
718,88,4058
719,89,4064
720,89,4067
721,89,4068
722,89,4080
723,90,4099
724,90,4103
725,90,4107
726,90,4108
727,91,4127
728,91,4132
729,91,4134
730,91,4135
731,91,4136
732,91,4137
733,91,4138
734,92,4146
735,92,4155
736,92,4157
737,92,4158
738,92,4159
739,92,4160
740,92,4161
741,92,4162
742,93,4174
743,93,4177
744,93,4178
745,93,4185
746,93,4188
747,93,4189
748,93,4191
749,93,4192
750,93,4193
751,93,4194
752,93,4198
753,93,4209
754,94,4230
755,94,4239
756,94,4240
757,94,4241
758,94,4243
759,94,4245
760,94,4247
761,94,4249
762,94,4256
763,95,4270
764,95,4272
765,95,4273
766,95,4284
767,95,4289
768,96,4310
769,96,4313
770,96,4314
771,96,4315
772,96,4316
773,96,4319
774,96,4335
775,96,4339
776,97,4357
777,97,4358
778,97,4359
779,97,4363
780,97,4364
781,97,4367
782,97,4377
783,97,4386
784,98,4408
785,98,4409
786,98,4414
787,98,4420
788,98,4421
789,98,4422
790,98,4424
791,98,4451
792,98,4452
793,98,4456
794,99,4459
795,99,4465
796,99,4466
797,99,4467
798,99,4469
799,99,4470
800,99,4472
801,99,4473
802,99,4484
803,100,4485
804,100,4486
805,100,4488
806,100,4489
807,100,4490
808,100,4491
809,100,4494
810,100,4501
811,100,4505
812,101,4530
813,101,4533
814,101,4535
815,101,4536
816,101,4558
817,102,4565
818,102,4568
819,102,4570
820,102,4571
821,102,4579
822,103,4600
823,103,4603
824,103,4612
825,103,4615
826,103,4642
827,103,4651
828,103,4670
829,103,4673
830,104,4677
831,104,4680
832,104,4681
833,104,4690
834,104,4691
835,105,4713
836,105,4716
837,105,4717
838,105,4718
839,105,4726
840,105,4727
841,106,4749
842,106,4752
843,106,4754
844,106,4755
845,106,4777
846,107,4784
847,107,4787
848,107,4795
849,107,4796
850,107,4805
851,108,4819
852,108,4823
853,108,4826
854,108,4831
855,108,4853
856,108,4877
857,108,4882
858,108,4886
859,109,4894
860,109,4905
861,109,4920
862,110,4928
863,110,4929
864,110,4930
865,110,4931
866,110,4936
867,110,4937
868,110,4940
869,110,4946
870,110,4947
871,110,4951
872,110,4954
873,110,4957
874,110,4972
875,110,4973
876,110,4974
877,110,4975
878,110,4997
879,110,4998
880,110,5027
881,111,5033
882,111,5034
883,111,5038
884,111,5039
885,111,5040
886,111,5041
887,111,5044
888,111,5045
889,111,5058
890,111,5061
891,111,5062
892,112,5089
893,112,5093
894,112,5110
895,112,5117
896,112,5118
897,112,5123
898,112,5124
899,112,5125
900,112,5126
901,112,5128
902,112,5138
903,113,5151
904,113,5162
905,113,5163
906,113,5164
907,113,5165
908,113,5169
909,113,5193
910,113,5197
911,114,5199
912,114,5201
913,114,5202
914,114,5203
915,114,5214
916,114,5224
917,114,5225
918,114,5254
919,115,5267
920,115,5273
921,115,5275
922,115,5279
923,115,5292
924,115,5296
925,115,5299
926,116,5316
927,116,5318
928,116,5319
929,116,5320
930,116,5322
931,116,5323
932,116,5324
933,116,5325
934,116,5336
935,116,5337
936,117,5354
937,117,5355
938,117,5356
939,117,5358
940,117,5360
941,117,5361
942,117,5367
943,118,5392
944,118,5394
945,118,5425
946,118,5426
947,118,5427
948,119,5459
949,119,5466
950,119,5467
951,119,5468
952,119,5469
953,120,5504
954,120,5508
955,120,5509
956,120,5529
957,120,5530
958,120,5535
959,120,5556
960,121,5565
961,121,5566
962,121,5569
963,121,5577
964,121,5578
965,121,5580
966,121,5581
967,121,5586
968,121,5591
969,122,5605
970,122,5611
971,122,5617
972,122,5629
973,122,5634
974,123,5666
975,123,5667
976,123,5676
977,123,5677
978,123,5680
979,124,5701
980,124,5703
981,124,5705
982,124,5706
983,124,5710
984,124,5714
985,124,5715
986,124,5716
987,124,5719
988,124,5721
989,124,5722
990,124,5723
991,124,5724
992,125,5782
993,125,5785
994,125,5787
995,125,5789
996,125,5792
997,125,5795
998,125,5796
999,125,5797
1000,125,5798
1001,125,5799
1002,125,5802
1003,125,5819
1004,126,5832
1005,126,5833
1006,126,5835
1007,126,5838
1008,126,5839
1009,126,5840
1010,126,5841
1011,126,5842
1012,126,5845
1013,126,5846
1014,126,5847
1015,127,5868
1016,127,5871
1017,127,5872
1018,127,5875
1019,127,5884
1020,127,5885
1021,128,5903
1022,128,5919
1023,128,5922
1024,128,5923
1025,128,5934
1026,128,5939
1027,128,5940
1028,129,5965
1029,129,5966
1030,129,5968
1031,129,5969
1032,129,5970
1033,129,5972
1034,129,5975
1035,129,5976
1036,129,5979
1037,129,5980
1038,129,5993
1039,129,6011
1040,129,6012
1041,130,6023
1042,130,6032
1043,130,6038
1044,130,6039
1045,130,6040
1046,130,6041
1047,130,6045
1048,130,6046
1049,130,6047
1050,131,6058
1051,131,6061
1052,131,6062
1053,131,6063
1054,131,6073
1055,131,6075
1056,131,6085
1057,131,6086
1058,132,6104
1059,132,6105
1060,132,6108
1061,132,6113
1062,132,6114
1063,132,6115
1064,132,6117
1065,132,6132
1066,132,6133
1067,133,6139
1068,133,6140
1069,133,6143
1070,133,6149
1071,133,6150
1072,133,6151
1073,133,6153
1074,134,6169
1075,134,6177
1076,135,6188
1077,135,6194
1078,135,6200
1079,135,6201
1080,135,6202
1081,135,6203
1082,135,6215
1083,135,6216
1084,135,6242
1085,135,6243
1086,136,6247
1087,136,6251
1088,136,6252
1089,136,6254
1090,136,6255
1091,136,6256
1092,136,6280
1093,136,6281
1094,137,6287
1095,137,6292
1096,137,6299
1097,137,6300
1098,137,6301
1099,137,6302
1100,137,6303
1101,137,6305
1102,137,6306
1103,137,6307
1104,137,6310
1105,138,6361
1106,138,6378
1107,138,6379
1108,138,6380
1109,138,6391
1110,138,6411
1111,138,6412
1112,139,6426
1113,139,6427
1114,139,6429
1115,139,6436
1116,139,6437
1117,139,6438
1118,139,6439
1119,139,6440
1120,139,6442
1121,139,6443
1122,140,6462
1123,140,6467
1124,140,6472
1125,140,6473
1126,140,6475
1127,140,6476
1128,140,6477
1129,140,6478
1130,140,6484
1131,141,6489
1132,141,6493
1133,141,6494
1134,141,6498
1135,141,6515
1136,142,6523
1137,142,6524
1138,142,6529
1139,142,6530
1140,142,6544
1141,142,6548
1142,143,6556
1143,143,6565
1144,143,6568
1145,143,6573
1146,143,6575
1147,143,6583
1148,144,6589
1149,144,6590
1150,144,6594
1151,144,6596
1152,144,6597
1153,144,6598
1154,145,6606
1155,145,6611
1156,145,6612
1157,145,6613
1158,145,6614
1159,145,6616
1160,145,6617
1161,145,6625
1162,146,6632
1163,146,6635
1164,146,6636
1165,146,6637
1166,146,6638
1167,146,6640
1168,146,6641
1169,146,6642
1170,146,6643
1171,146,6647
1172,147,6656
1173,147,6659
1174,147,6662
1175,147,6663
1176,147,6667
1177,147,6668
1178,147,6670
1179,147,6671
1180,147,6672
1181,147,6673
1182,147,6688
1183,148,6696
1184,148,6704
1185,148,6711
1186,148,6712
1187,148,6713
1188,148,6714
1189,148,6716
1190,149,6729
1191,149,6733
1192,149,6735
1193,149,6753
1194,149,6756
1195,149,6757
1196,149,6762
1197,149,6763
1198,150,6785
1199,150,6789
1200,150,6792
1201,150,6808
1202,150,6840
1203,150,6844
1204,151,6851
1205,151,6858
1206,151,6859
1207,151,6861
1208,151,6869
1209,151,6890
1210,151,6912
1211,151,6915
1212,152,6922
1213,152,6923
1214,152,6926
1215,152,6932
1216,152,6933
1217,152,6934
1218,152,6935
1219,152,6937
1220,152,6940
1221,153,6959
1222,153,6961
1223,153,6968
1224,153,6979
1225,153,6980
1226,153,6981
1227,153,6982
1228,153,6983
1229,154,7002
1230,154,7007
1231,154,7013
1232,154,7014
1233,154,7017
1234,154,7018
1235,154,7019
1236,155,7042
1237,155,7049
1238,155,7050
1239,155,7051
1240,156,7074
1241,156,7080
1242,156,7081
1243,156,7085
1244,156,7086
1245,156,7087
1246,156,7092
1247,157,7121
1248,157,7122
1249,157,7123
1250,157,7134
1251,157,7135
1252,158,7149
1253,158,7154
1254,158,7155
1255,158,7156
1256,158,7157
1257,158,7159
1258,158,7160
1259,159,7218
1260,159,7224
1261,159,7230
1262,159,7231
1263,159,7232
1264,159,7234
1265,159,7235
1266,159,7253
1267,160,7261
1268,160,7268
1269,160,7270
1270,160,7271
1271,160,7272
1272,160,7274
1273,160,7285
1274,160,7299
1275,160,7300
1276,161,7310
1277,161,7318
1278,161,7319
1279,161,7320
1280,161,7325
1281,161,7327
1282,162,7340
1283,162,7348
1284,162,7350
1285,162,7353
1286,162,7356
1287,162,7359
1288,162,7360
1289,162,7361
1290,162,7362
1291,162,7363
1292,162,7365
1293,162,7366
1294,162,7368
1295,162,7387
1296,162,7390
1297,162,7396
1298,163,7426
1299,163,7437
1300,163,7438
1301,163,7439
1302,164,7443
1303,164,7444
1304,164,7446
1305,164,7447
1306,164,7448
1307,164,7449
1308,164,7452
1309,165,7471
1310,165,7472
1311,165,7475
1312,165,7481
1313,165,7482
1314,165,7483
1315,165,7484
1316,165,7486
1317,165,7490
1318,166,7518
1319,166,7524
1320,167,7549
1321,167,7554
1322,167,7555
1323,167,7556
1324,167,7561
1325,167,7562
1326,167,7563
1327,167,7564
1328,167,7577
1329,167,7578
1330,168,7595
1331,168,7598
1332,168,7609
1333,168,7610
1334,168,7639
1335,169,7644
1336,169,7645
1337,169,7648
1338,169,7654
1339,169,7655
1340,169,7656
1341,169,7658
1342,170,7668
1343,170,7671
1344,170,7672
1345,170,7676
1346,170,7677
1347,170,7679
1348,170,7680
1349,170,7687
1350,170,7688
1351,170,7698
1352,171,7708
1353,171,7711
1354,171,7717
1355,171,7718
1356,171,7719
1357,171,7724
1358,171,7725
1359,172,7741
1360,172,7748
1361,172,7763
1362,172,7768
1363,172,7769
1364,172,7773
1365,172,7774
1366,172,7776
1367,172,7777
1368,172,7778
1369,173,7801
1370,173,7807
1371,173,7815
1372,173,7818
1373,173,7819
1374,173,7820
1375,173,7824
1376,173,7825
1377,173,7831
1378,173,7832
1379,173,7839
1380,173,7840
1381,174,7861
1382,174,7880
1383,174,7881
1384,174,7882
1385,174,7884
1386,174,7885
1387,174,7903
1388,175,7911
1389,175,7912
1390,175,7918
1391,175,7919
1392,175,7920
1393,175,7921
1394,175,7927
1395,175,7929
1396,175,7930
1397,175,7932
1398,175,7933
1399,175,7934
1400,175,7935
1401,175,7936
1402,175,7938
1403,175,7939
1404,176,7973
1405,176,7974
1406,176,7976
1407,176,7977
1408,176,7978
1409,176,7979
1410,176,7987
1411,177,7993
1412,177,7996
1413,177,7999
1414,177,8002
1415,177,8010
1416,177,8015
1417,177,8016
1418,177,8018
1419,177,8019
1420,177,8020
1421,177,8021
1422,178,8037
1423,178,8041
1424,178,8042
1425,178,8044
1426,178,8045
1427,178,8046
1428,178,8047
1429,178,8050
1430,178,8051
1431,178,8054
1432,179,8088
1433,179,8089
1434,179,8090
1435,179,8103
1436,179,8104
1437,180,8120
1438,180,8124
1439,180,8126
1440,180,8138
1441,180,8139
1442,180,8141
1443,180,8143
1444,180,8145
1445,180,8146
1446,180,8148
1447,180,8165
1448,180,8168
1449,180,8172
1450,180,8173
1451,180,8176
1452,180,8182
1453,181,8189
1454,181,8190
1455,181,8191
1456,181,8194
1457,181,8195
1458,181,8196
1459,181,8198
1460,181,8201
1461,181,8213
1462,182,8220
1463,182,8229
1464,182,8235
1465,182,8240
1466,182,8241
1467,182,8253
1468,182,8258
1469,182,8259
1470,182,8262
1471,183,8279
1472,183,8284
1473,183,8285
1474,183,8290
1475,183,8291
1476,183,8293
1477,183,8294
1478,183,8295
1479,183,8296
1480,183,8305
1481,184,8312
1482,184,8316
1483,184,8317
1484,184,8318
1485,184,8321
1486,184,8332
1487,184,8336
1488,184,8340
1489,184,8361
1490,185,8367
1491,185,8368
1492,185,8370
1493,185,8373
1494,185,8374
1495,185,8375
1496,185,8378
1497,186,8415
1498,186,8416
1499,186,8420
1500,186,8423
1501,186,8425
1502,186,8426
1503,186,8429
1504,186,8440
1505,186,8442
1506,187,8510
1507,187,8517
1508,187,8523
1509,187,8526
1510,187,8527
1511,187,8530
1512,187,8531
1513,187,8532
1514,187,8533
1515,187,8540
1516,187,8549
1517,187,8550
1518,187,8551
1519,187,8553
1520,187,8554
1521,187,8558
1522,187,8568
1523,187,8582
1524,187,8598
1525,187,8600
1526,187,8601
1527,187,8604
1528,187,8607
1529,187,8608
1530,187,8609
1531,187,8610
1532,187,8612
1533,187,8623
1534,187,8626
1535,187,8627
1536,187,8631
1537,188,8668
1538,188,8669
1539,188,8671
1540,188,8673
1541,188,8701
1542,189,8709
1543,189,8711
1544,189,8713
1545,189,8714
1546,189,8716
1547,189,8717
1548,189,8718
1549,189,8721
1550,190,8765
1551,190,8766
1552,190,8767
1553,190,8768
1554,190,8776
1555,190,8804
1556,191,8810
1557,191,8811
1558,191,8812
1559,191,8813
1560,191,8814
1561,191,8819
1562,191,8855
1563,191,8860
1564,191,8861
1565,191,8862
1566,191,8864
1567,191,8867
1568,192,8895
1569,192,8896
1570,192,8898
1571,192,8900
1572,192,8903
1573,192,8904
1574,192,8912
1575,192,8924
1576,192,8925
1577,192,8930
1578,192,8935
1579,192,8936
1580,192,8947
1581,192,8948
1582,192,8949
1583,192,8950
1584,193,9004
1585,193,9006
1586,193,9008
1587,193,9012
1588,193,9014
1589,193,9015
1590,193,9016
1591,193,9021
1592,194,9060
1593,194,9061
1594,194,9062
1595,194,9068
1596,194,9069
1597,194,9074
1598,194,9075
1599,194,9082
1600,194,9087
1601,194,9094
1602,195,9135
1603,195,9142
1604,195,9143
1605,195,9144
1606,195,9149
1607,195,9150
1608,195,9151
1609,195,9152
1610,196,9168
1611,196,9169
1612,196,9177
1613,196,9181
1614,196,9182
1615,196,9183
1616,196,9184
1617,196,9185
1618,196,9186
1619,197,9201
1620,197,9212
1621,197,9225
1622,197,9226
1623,197,9229
1624,197,9230
1625,197,9233
1626,197,9234
1627,197,9237
1628,197,9238
1629,197,9239
1630,198,9258
1631,198,9263
1632,198,9264
1633,198,9266
1634,198,9267
1635,198,9268
1636,198,9269
1637,198,9277
1638,198,9280
1639,198,9283
1640,198,9284
1641,199,9297
1642,199,9304
1643,199,9305
1644,199,9306
1645,199,9308
1646,199,9310
1647,200,9324
1648,200,9327
1649,200,9333
1650,200,9334
1651,200,9335
1652,200,9338
1653,200,9341
1654,200,9342
1655,200,9343
1656,201,9363
1657,201,9369
1658,201,9375
1659,202,9389
1660,202,9397
1661,202,9402
1662,202,9403
1663,202,9404
1664,202,9407
1665,202,9408
1666,202,9410
1667,203,9428
1668,203,9432
1669,203,9435
1670,203,9451
1671,203,9452
1672,203,9457
1673,203,9480
1674,203,9483
1675,204,9488
1676,204,9495
1677,204,9502
1678,204,9518
1679,204,9519
1680,204,9524
1681,204,9544
1682,205,9559
1683,205,9570
1684,205,9571
1685,205,9572
1686,205,9573
1687,205,9583
1688,205,9589
1689,205,9592
1690,205,9593
1691,205,9597
1692,205,9598
1693,205,9599
1694,205,9604
1695,205,9615
1696,205,9618
1697,205,9619
1698,205,9623
1699,206,9656
1700,206,9659
1701,206,9667
1702,206,9668
1703,206,9669
1704,206,9670
1705,206,9681
1706,206,9682
1707,206,9689
1708,206,9690
1709,206,9694
1710,206,9695
1711,206,9696
1712,206,9697
1713,206,9698
1714,206,9699
1715,206,9700
1716,206,9702
1717,206,9714
1718,206,9717
1719,206,9718
1720,206,9736
1721,207,9751
1722,207,9754
1723,207,9757
1724,207,9758
1725,207,9763
1726,207,9768
1727,207,9769
1728,207,9771
1729,207,9772
1730,207,9773
1731,207,9775
1732,207,9776
1733,208,9792
1734,208,9793
1735,208,9794
1736,208,9795
1737,208,9798
1738,208,9805
1739,208,9807
1740,209,9823
1741,209,9832
1742,209,9840
1743,209,9855
1744,209,9856
1745,210,9876
1746,210,9877
1747,210,9880
1748,210,9890
1749,210,9891
1750,210,9892
1751,211,9909
1752,211,9914
1753,211,9915
1754,211,9917
1755,211,9918
1756,211,9919
1757,211,9920
1758,211,9921
1759,211,9939
1760,212,9954
1761,212,9955
1762,212,9961
1763,212,9963
1764,212,9964
1765,212,9967
1766,212,9968
1767,212,9989
1768,212,9990
1769,213,9997
1770,213,9999
1771,213,10000
1772,213,10001
1773,213,10003
1774,213,10005
1775,213,10015
1776,214,10023
1777,214,10025
1778,214,10027
1779,214,10028
1780,214,10029
1781,214,10030
1782,214,10042
1783,215,10051
1784,215,10055
1785,215,10059
1786,215,10075
1787,215,10113
1788,215,10123
1789,216,10128
1790,216,10129
1791,216,10144
1792,216,10145
1793,216,10146
1794,216,10148
1795,216,10153
1796,216,10154
1797,216,10158
1798,216,10174
1799,217,10182
1800,217,10187
1801,217,10188
1802,217,10189
1803,217,10190
1804,217,10192
1805,217,10193
1806,217,10196
1807,217,10197
1808,218,10222
1809,218,10226
1810,218,10230
1811,218,10246
1812,218,10285
1813,218,10295
1814,219,10304
1815,219,10305
1816,219,10308
1817,219,10309
1818,219,10310
1819,219,10311
1820,219,10312
1821,219,10314
1822,219,10316
1823,219,10324
1824,220,10330
1825,220,10334
1826,220,10343
1827,220,10359
1828,220,10364
1829,220,10374
1830,220,10375
1831,220,10376
1832,220,10380
1833,221,10403
1834,221,10414
1835,221,10427
1836,221,10439
1837,221,10440
1838,221,10447
1839,221,10448
1840,221,10449
1841,221,10451
1842,221,10452
1843,222,10475
1844,222,10488
1845,222,10489
1846,222,10490
1847,222,10500
1848,222,10503
1849,223,10511
1850,223,10517
1851,223,10520
1852,223,10521
1853,223,10524
1854,223,10525
1855,223,10526
1856,223,10527
1857,224,10537
1858,224,10539
1859,224,10545
1860,224,10546
1861,224,10547
1862,224,10550
1863,224,10551
1864,224,10552
1865,224,10553
1866,225,10571
1867,225,10608
1868,225,10614
1869,225,10615
1870,225,10616
1871,225,10634
1872,225,10650
1873,226,10659
1874,226,10660
1875,226,10661
1876,226,10665
1877,227,10680
1878,227,10684
1879,227,10688
1880,227,10707
1881,227,10720
1882,227,10749
1883,227,10756
1884,227,10759
1885,228,10775
1886,228,10777
1887,228,10778
1888,228,10779
1889,228,10784
1890,228,10796
1891,229,10802
1892,229,10808
1893,229,10809
1894,229,10841
1895,230,10848
1896,230,10851
1897,230,10859
1898,230,10860
1899,230,10862
1900,230,10863
1901,230,10865
1902,231,10880
1903,231,10881
1904,231,10884
1905,231,10885
1906,231,10929
1907,231,10930
1908,231,10931
1909,231,10940
1910,231,10948
1911,231,10951
1912,232,10974
1913,232,10975
1914,232,10978
1915,232,10984
1916,232,10985
1917,232,10986
1918,232,10988
1919,232,11004
1920,232,11005
1921,233,11011
1922,233,11012
1923,233,11016
1924,233,11023
1925,233,11024
1926,233,11028
1927,233,11043
1928,234,11055
1929,234,11059
1930,234,11069
1931,234,11071
1932,234,11072
1933,234,11073
1934,235,11091
1935,235,11096
1936,235,11097
1937,235,11098
1938,235,11100
1939,235,11101
1940,235,11104
1941,236,11113
1942,236,11114
1943,236,11117
1944,236,11123
1945,236,11124
1946,236,11125
1947,236,11127
1948,237,11134
1949,237,11135
1950,237,11138
1951,237,11144
1952,237,11145
1953,237,11146
1954,237,11148
1955,238,11155
1956,238,11156
1957,238,11159
1958,238,11165
1959,238,11166
1960,238,11167
1961,238,11169
1962,239,11176
1963,239,11177
1964,239,11180
1965,239,11186
1966,239,11187
1967,239,11188
1968,239,11190
1969,240,11197
1970,240,11198
1971,240,11201
1972,240,11207
1973,240,11208
1974,240,11209
1975,240,11210
1976,241,11219
1977,241,11235
1978,241,11237
1979,242,11259
1980,242,11268
1981,242,11269
1982,242,11274
1983,242,11275
1984,243,11292
1985,243,11293
1986,243,11294
1987,243,11295
1988,243,11296
1989,243,11310
1990,243,11315
1991,243,11332
1992,243,11333
1993,243,11340
1994,244,11354
1995,244,11360
1996,244,11366
1997,244,11367
1998,244,11368
1999,245,11391
2000,245,11397
2001,245,11416
2002,245,11418
2003,245,11421
2004,245,11425
2005,245,11437
2006,245,11441
2007,246,11455
2008,246,11461
2009,246,11462
2010,246,11463
2011,246,11465
2012,246,11466
2013,246,11467
2014,247,11481
2015,247,11482
2016,247,11486
2017,247,11492
2018,247,11493
2019,247,11494
2020,247,11495
2021,248,11504
2022,248,11505
2023,248,11508
2024,248,11516
2025,248,11517
2026,248,11518
2027,248,11519
2028,249,11527
2029,249,11528
2030,249,11531
2031,249,11537
2032,249,11538
2033,249,11539
2034,249,11540
2035,250,11549
2036,250,11550
2037,250,11555
2038,250,11559
2039,250,11560
2040,250,11561
2041,250,11562
2042,250,11563
2043,250,11573
2044,251,11585
2045,251,11590
2046,251,11591
2047,251,11593
2048,251,11594
2049,251,11595
2050,251,11596
2051,252,11604
2052,252,11612
2053,252,11613
2054,252,11619
2055,252,11620
2056,252,11621
2057,252,11624
2058,252,11632
2059,252,11633
2060,252,11635
2061,252,11658
2062,252,11659
2063,252,11662
2064,253,11668
2065,253,11669
2066,253,11671
2067,253,11672
2068,253,11673
2069,253,11674
2070,253,11675
2071,253,11682
2072,254,11687
2073,254,11688
2074,254,11690
2075,254,11691
2076,254,11692
2077,254,11693
2078,254,11700
2079,254,11713
2080,254,11714
2081,255,11720
2082,255,11721
2083,255,11723
2084,255,11724
2085,255,11725
2086,255,11726
2087,255,11734
2088,256,11740
2089,256,11747
2090,256,11754
2091,256,11758
2092,257,11765
2093,257,11771
2094,257,11772
2095,257,11774
2096,257,11782
2097,257,11797
2098,257,11812
2099,257,11815
2100,257,11831
2101,257,11832
2102,258,11839
2103,258,11852
2104,258,11858
2105,258,11859
2106,258,11860
2107,258,11862
2108,258,11867
2109,259,11904
2110,259,11906
2111,259,11907
2112,259,11909
2113,259,11910
2114,259,11917
2115,259,11919
2116,260,11930
2117,260,11931
2118,260,11932
2119,260,11935
2120,260,11937
2121,260,11938
2122,260,11939
2123,260,11941
2124,260,11942
2125,260,11943
2126,260,11944
2127,260,11945
2128,260,11959
2129,260,11960
2130,260,11988
2131,261,11995
2132,261,11998
2133,261,12001
2134,261,12004
2135,261,12005
2136,261,12006
2137,261,12008
2138,261,12009
2139,261,12010
2140,261,12011
2141,261,12029
2142,262,12035
2143,262,12036
2144,262,12038
2145,262,12039
2146,262,12040
2147,262,12043
2148,262,12045
2149,263,12057
2150,263,12065
2151,263,12080
2152,263,12081
2153,263,12082
2154,263,12084
2155,263,12086
2156,263,12090
2157,263,12092
2158,263,12122
2159,263,12126
2160,264,12136
2161,264,12145
2162,264,12146
2163,264,12148
2164,264,12149
2165,264,12150
2166,264,12152
2167,264,12153
2168,264,12164
2169,264,12165
2170,264,12174
2171,265,12188
2172,265,12194
2173,265,12200
2174,265,12201
2175,265,12202
2176,265,12203
2177,265,12205
2178,265,12206
2179,265,12207
2180,265,12208
2181,265,12209
2182,266,12232
2183,266,12235
2184,266,12240
2185,266,12246
2186,266,12247
2187,266,12248
2188,266,12249
2189,266,12251
2190,266,12254
2191,267,12275
2192,267,12279
2193,267,12280
2194,267,12281
2195,267,12282
2196,267,12284
2197,267,12285
2198,268,12313
2199,268,12316
2200,268,12320
2201,268,12321
2202,268,12322
2203,268,12332
2204,268,12333
2205,269,12379
2206,269,12403
2207,269,12408
2208,269,12409
2209,269,12410
2210,269,12415
2211,269,12432
2212,269,12456
2213,269,12457
2214,270,12468
2215,270,12469
2216,271,12490
2217,271,12494
2218,271,12495
2219,271,12496
2220,271,12511
2221,271,12514
2222,271,12536
2223,271,12537
2224,271,12538
2225,272,12555
2226,272,12558
2227,272,12559
2228,272,12560
2229,272,12561
2230,272,12563
2231,272,12564
2232,273,12580
2233,273,12586
2234,273,12628
2235,273,12648
2236,273,12665
2237,273,12690
2238,273,12691
2239,274,12698
2240,274,12702
2241,274,12703
2242,274,12704
2243,274,12705
2244,274,12707
2245,274,12708
2246,275,12720
2247,275,12721
2248,275,12723
2249,275,12724
2250,275,12725
2251,275,12726
2252,275,12733
2253,276,12742
2254,276,12743
2255,276,12744
2256,276,12746
2257,276,12758
2258,277,12807
2259,277,12835
2260,277,12856
2261,277,12857
2262,277,12863
2263,277,12864
2264,277,12865
2265,277,12871
2266,277,12872
2267,278,12902
2268,278,12908
2269,278,12910
2270,278,12911
2271,278,12912
2272,278,12914
2273,278,12915
2274,278,12917
2275,279,12926
2276,279,12928
2277,279,12936
2278,279,12944
2279,279,12945
2280,279,12946
2281,279,12965
2282,279,12973
2283,279,12978
2284,280,12986
2285,280,13008
2286,280,13009
2287,280,13010
2288,280,13012
2289,280,13013
2290,280,13014
2291,281,13025
2292,281,13031
2293,281,13032
2294,281,13034
2295,281,13042
2296,281,13062
2297,281,13090
2298,281,13093
2299,282,13103
2300,282,13104
2301,282,13110
2302,282,13111
2303,282,13112
2304,282,13113
2305,282,13115
2306,282,13117
2307,282,13119
2308,283,13144
2309,283,13153
2310,283,13158
2311,283,13159
2312,283,13160
2313,283,13164
2314,284,13178
2315,284,13183
2316,284,13188
2317,284,13189
2318,284,13191
2319,284,13192
2320,284,13193
2321,284,13194
2322,284,13200
2323,285,13206
2324,285,13217
2325,285,13218
2326,285,13227
2327,286,13237
2328,286,13248
2329,286,13250
2330,286,13263
2331,286,13269
2332,286,13270
2333,286,13271
2334,286,13272
2335,286,13336
2336,286,13372
2337,286,13400
2338,286,13401
2339,286,13402
2340,287,13423
2341,287,13425
2342,287,13433
2343,287,13434
2344,287,13436
2345,287,13437
2346,287,13438
2347,288,13455
2348,288,13457
2349,288,13466
2350,288,13467
2351,288,13468
2352,288,13475
2353,288,13477
2354,288,13490
2355,288,13505
2356,288,13510
2357,289,13515
2358,289,13517
2359,289,13525
2360,289,13526
2361,289,13528
2362,289,13529
2363,289,13530
2364,290,13555
2365,290,13563
2366,290,13564
2367,290,13565
2368,290,13566
2369,290,13573
2370,291,13607
2371,291,13647
2372,291,13648
2373,291,13669
2374,291,13671
2375,291,13672
2376,291,13673
2377,291,13700
2378,291,13701
2379,292,13720
2380,292,13721
2381,292,13722
2382,292,13723
2383,292,13724
2384,292,13726
2385,292,13739
2386,292,13742
2387,292,13746
2388,293,13769
2389,293,13772
2390,293,13773
2391,293,13774
2392,293,13776
2393,293,13782
2394,293,13783
2395,293,13784
2396,294,13801
2397,294,13805
2398,294,13817
2399,294,13818
2400,294,13819
2401,294,13821
2402,294,13828
2403,294,13829
2404,295,13846
2405,295,13850
2406,295,13856
2407,295,13857
2408,295,13860
2409,295,13865
2410,295,13866
2411,296,13884
2412,296,13890
2413,296,13893
2414,296,13894
2415,296,13904
2416,296,13914
2417,297,13938
2418,297,13964
2419,297,13973
2420,297,13991
2421,297,14000
2422,298,14030
2423,298,14036
2424,298,14038
2425,298,14039
2426,298,14041
2427,298,14046
2428,298,14051
2429,299,14101
2430,299,14102
2431,299,14103
2432,299,14105
2433,299,14106
2434,299,14107
2435,299,14120
2436,299,14121
2437,299,14127
2438,300,14145
2439,300,14157
2440,300,14160
2441,300,14162
2442,300,14163
2443,300,14164
2444,300,14165
2445,300,14166
2446,300,14167
2447,300,14171
2448,300,14178
2449,300,14179
2450,300,14180
2451,300,14181
2452,300,14182
2453,300,14188
2454,300,14197
2455,300,14203
2456,300,14216
2457,300,14225
2458,300,14226
2459,300,14232
2460,300,14233
2461,300,14234
2462,300,14235
2463,300,14238
2464,300,14245
2465,300,14248
2466,300,14249
2467,300,14254
2468,301,14287
2469,301,14288
2470,301,14289
2471,301,14291
2472,301,14300
2473,301,14310
2474,301,14312
2475,302,14320
2476,302,14327
2477,302,14329
2478,302,14331
2479,302,14332
2480,302,14336
2481,302,14339
2482,302,14350
2483,303,14362
2484,303,14363
2485,303,14364
2486,303,14367
2487,303,14369
2488,303,14370
2489,303,14371
2490,303,14373
2491,303,14374
2492,303,14375
2493,303,14376
2494,303,14377
2495,303,14391
2496,303,14398
2497,303,14399
2498,304,14436
2499,304,14443
2500,304,14444
2501,304,14445
2502,304,14448
2503,304,14450
2504,304,14451
2505,304,14452
2506,304,14455
2507,304,14456
2508,304,14457
2509,304,14458
2510,304,14459
2511,304,14474
2512,304,14475
2513,305,14496
2514,305,14497
2515,305,14498
2516,305,14499
2517,305,14503
2518,305,14504
2519,305,14505
2520,305,14507
2521,305,14508
2522,305,14509
2523,305,14510
2524,305,14511
2525,305,14526
2526,305,14533
2527,305,14534
2528,306,14557
2529,306,14563
2530,306,14565
2531,306,14566
2532,306,14567
2533,306,14568
2534,306,14571
2535,306,14572
2536,306,14573
2537,306,14576
2538,306,14577
2539,306,14578
2540,306,14579
2541,306,14580
2542,306,14581
2543,306,14597
2544,306,14598
2545,307,14620
2546,307,14623
2547,307,14624
2548,307,14630
2549,307,14635
2550,307,14643
2551,307,14649
2552,307,14650
2553,307,14651
2554,307,14652
2555,307,14654
2556,307,14655
2557,307,14656
2558,307,14671
2559,308,14687
2560,308,14696
2561,308,14697
2562,308,14698
2563,308,14699
2564,308,14700
2565,308,14702
2566,308,14703
2567,308,14705
2568,308,14706
2569,308,14707
2570,308,14708
2571,308,14709
2572,308,14717
2573,308,14719
2574,308,14722
2575,308,14723
2576,309,14756
2577,309,14761
2578,309,14762
2579,309,14764
2580,309,14765
2581,309,14766
2582,309,14767
2583,310,14774
2584,310,14776
2585,310,14777
2586,310,14778
2587,310,14780
2588,310,14785
2589,311,14796
2590,311,14803
2591,311,14804
2592,311,14805
2593,311,14806
2594,311,14809
2595,311,14810
2596,311,14811
2597,311,14813
2598,311,14814
2599,311,14815
2600,311,14816
2601,311,14817
2602,311,14832
2603,311,14833
2604,312,14850
2605,312,14852
2606,312,14870
2607,312,14871
2608,312,14872
2609,312,14873
2610,312,14876
2611,312,14878
2612,312,14881
2613,312,14900
2614,312,14905
2615,313,14907
2616,313,14910
2617,313,14911
2618,313,14914
2619,314,14939
2620,314,14942
2621,314,14944
2622,314,14945
2623,314,14946
2624,314,14960
2625,314,14965
2626,314,14968
2627,315,14980
2628,315,14998
2629,315,15011
2630,315,15017
2631,315,15018
2632,315,15019
2633,315,15020
2634,315,15031
2635,315,15073
2636,315,15080
2637,315,15131
2638,315,15132
2639,315,15133
2640,315,15135
2641,315,15144
2642,316,15159
2643,316,15162
2644,316,15165
2645,316,15168
2646,316,15170
2647,316,15171
2648,316,15173
2649,316,15174
2650,316,15175
2651,316,15176
2652,316,15192
2653,317,15198
2654,317,15201
2655,317,15204
2656,317,15205
2657,317,15209
2658,317,15210
2659,317,15212
2660,317,15213
2661,317,15220
2662,317,15221
2663,317,15231
2664,318,15236
2665,318,15237
2666,318,15239
2667,318,15240
2668,318,15241
2669,318,15242
2670,318,15250
2671,319,15258
2672,319,15260
2673,319,15266
2674,319,15267
2675,319,15268
2676,319,15269
2677,319,15271
2678,319,15278
2679,319,15279
2680,320,15292
2681,320,15293
2682,320,15311
2683,320,15317
2684,320,15320
2685,320,15321
2686,320,15322
2687,320,15323
2688,321,15362
2689,321,15368
2690,321,15369
2691,321,15370
2692,321,15379
2693,321,15380
2694,322,15399
2695,322,15400
2696,322,15401
2697,322,15407
2698,322,15412
2699,322,15413
2700,322,15415
2701,322,15419
2702,323,15435
2703,323,15441
2704,323,15445
2705,323,15447
2706,323,15448
2707,323,15449
2708,324,15472
2709,324,15478
2710,324,15479
2711,324,15480
2712,324,15483
2713,324,15492
2714,324,15497
2715,324,15501
2716,325,15520
2717,325,15527
2718,325,15531
2719,325,15532
2720,325,15533
2721,325,15535
2722,326,15543
2723,326,15547
2724,326,15550
2725,326,15555
2726,326,15556
2727,326,15557
2728,326,15559
2729,327,15583
2730,327,15584
2731,327,15604
2732,327,15605
2733,327,15616
2734,327,15622
2735,327,15623
2736,327,15625
2737,327,15626
2738,327,15627
2739,328,15645
2740,328,15646
2741,328,15648
2742,328,15649
2743,328,15650
2744,328,15651
2745,328,15653
2746,328,15654
2747,328,15661
2748,328,15671
2749,328,15674
2750,329,15693
2751,329,15698
2752,329,15702
2753,329,15703
2754,329,15704
2755,329,15706
2756,329,15713
2757,329,15718
2758,329,15744
2759,330,15747
2760,330,15748
2761,330,15757
2762,330,15758
2763,330,15759
2764,330,15760
2765,330,15761
2766,330,15762
2767,330,15766
2768,330,15767
2769,330,15773
2770,330,15774
2771,330,15783
2772,330,15804
2773,331,15812
2774,331,15813
2775,331,15814
2776,331,15820
2777,331,15822
2778,331,15828
2779,331,15829
2780,331,15830
2781,332,15847
2782,332,15864
2783,332,15866
2784,332,15867
2785,332,15868
2786,332,15883
2787,333,15899
2788,333,15903
2789,333,15909
2790,333,15915
2791,333,15916
2792,333,15917
2793,333,15925
2794,333,15944
2795,334,15967
2796,334,15973
2797,334,15974
2798,334,15975
2799,334,15976
2800,334,15981
2801,334,15982
2802,335,15995
2803,335,16010
2804,335,16011
2805,336,16098
2806,336,16099
2807,336,16103
2808,336,16104
2809,336,16105
2810,336,16118
2811,337,16142
2812,337,16144
2813,337,16146
2814,337,16155
2815,337,16157
2816,337,16161
2817,337,16162
2818,337,16163
2819,337,16164
2820,338,16182
2821,338,16189
2822,338,16190
2823,338,16192
2824,338,16193
2825,338,16194
2826,338,16196
2827,338,16197
2828,339,16226
2829,339,16229
2830,339,16236
2831,339,16242
2832,339,16244
2833,339,16245
2834,339,16246
2835,339,16281
2836,339,16282
2837,339,16285
2838,339,16287
2839,340,16306
2840,340,16307
2841,340,16309
2842,340,16310
2843,340,16311
2844,340,16312
2845,340,16319
2846,341,16328
2847,341,16330
2848,341,16333
2849,341,16341
2850,342,16347
2851,342,16348
2852,342,16351
2853,342,16357
2854,342,16358
2855,342,16359
2856,342,16361
2857,343,16369
2858,343,16372
2859,343,16381
2860,343,16382
2861,343,16383
2862,343,16385
2863,343,16386
2864,343,16387
2865,343,16396
2866,343,16400
2867,344,16424
2868,344,16426
2869,344,16432
2870,344,16436
2871,344,16439
2872,344,16446
2873,344,16447
2874,344,16449
2875,344,16463
2876,344,16468
2877,345,16479
2878,345,16483
2879,345,16488
2880,345,16489
2881,345,16491
2882,345,16492
2883,345,16493
2884,345,16494
2885,345,16495
2886,346,16508
2887,346,16518
2888,346,16519
2889,346,16520
2890,346,16521
2891,346,16524
2892,346,16526
2893,346,16527
2894,346,16528
2895,346,16529
2896,346,16530
2897,346,16531
2898,346,16539
2899,346,16544
2900,346,16547
2901,346,16548
2902,347,16582
2903,347,16585
2904,347,16618
2905,347,16619
2906,347,16620
2907,348,16658
2908,348,16659
2909,348,16662
2910,348,16668
2911,348,16669
2912,348,16670
2913,348,16677
2914,348,16678
2915,349,16709
2916,349,16710
2917,349,16711
2918,349,16712
2919,349,16713
2920,349,16726
2921,349,16727
2922,349,16730
2923,350,16746
2924,350,16747
2925,350,16751
2926,350,16760
2927,350,16762
2928,350,16770
2929,350,16771
2930,350,16811
2931,350,16812
2932,350,16817
2933,350,16827
2934,351,16843
2935,351,16850
2936,351,16851
2937,351,16852
2938,351,16853
2939,351,16858
2940,351,16860
2941,351,16861
2942,351,16862
2943,351,16864
2944,351,16866
2945,351,16871
2946,352,16890
2947,352,16896
2948,352,16900
2949,352,16903
2950,352,16904
2951,352,16905
2952,352,16911
2953,353,16938
2954,353,16941
2955,353,16942
2956,353,16943
2957,353,16944
2958,353,16945
2959,353,16957
2960,353,16958
2961,354,16976
2962,354,16977
2963,354,16982
2964,354,16988
2965,354,16991
2966,354,16994
2967,354,16996
2968,354,17007
2969,354,17010
2970,354,17012
2971,355,17024
2972,355,17025
2973,355,17033
2974,355,17039
2975,355,17043
2976,355,17058
2977,355,17059
2978,355,17090
2979,356,17098
2980,356,17103
2981,356,17109
2982,356,17110
2983,356,17111
2984,356,17113
2985,356,17118
2986,357,17135
2987,357,17136
2988,357,17137
2989,357,17142
2990,357,17150
2991,357,17152
2992,357,17156
2993,357,17160
2994,357,17165
2995,358,17192
2996,358,17198
2997,358,17204
2998,358,17205
2999,358,17206
3000,358,17211
3001,358,17212
3002,359,17237
3003,359,17240
3004,359,17243
3005,359,17246
3006,359,17248
3007,359,17249
3008,359,17251
3009,359,17252
3010,359,17253
3011,359,17254
3012,359,17270
3013,360,17281
3014,360,17288
3015,360,17289
3016,360,17290
3017,360,17292
3018,360,17302
3019,360,17307
3020,361,17345
3021,361,17351
3022,361,17352
3023,361,17363
3024,362,17381
3025,362,17389
3026,362,17395
3027,362,17396
3028,363,17417
3029,363,17418
3030,363,17424
3031,363,17430
3032,363,17431
3033,363,17432
3034,363,17434
3035,364,17447
3036,364,17455
3037,364,17475
3038,364,17476
3039,364,17477
3040,364,17480
3041,364,17481
3042,364,17499
3043,365,17533
3044,365,17534
3045,365,17551
3046,365,17552
3047,365,17558
3048,366,17580
3049,366,17581
3050,366,17583
3051,366,17584
3052,366,17585
3053,366,17586
3054,366,17595
3055,367,17599
3056,367,17600
3057,367,17602
3058,367,17603
3059,367,17604
3060,367,17611
3061,368,17627
3062,368,17636
3063,368,17637
3064,368,17638
3065,368,17640
3066,368,17643
3067,368,17646
3068,369,17673
3069,369,17674
3070,369,17676
3071,369,17677
3072,369,17678
3073,369,17679
3074,369,17681
3075,369,17684
3076,369,17692
3077,370,17700
3078,370,17711
3079,370,17737
3080,370,17739
3081,370,17749
3082,370,17750
3083,370,17751
3084,370,17752
3085,370,17754
3086,370,17755
3087,370,17756
3088,371,17791
3089,371,17794
3090,371,17795
3091,371,17796
3092,371,17797
3093,371,17799
3094,371,17800
3095,372,17817
3096,372,17823
3097,372,17824
3098,372,17830
3099,372,17831
3100,372,17832
3101,372,17833
3102,373,17846
3103,373,17850
3104,373,17856
3105,373,17857
3106,373,17858
3107,373,17859
3108,374,17865
3109,374,17878
3110,374,17891
3111,374,17899
3112,374,17900
3113,375,17974
3114,375,17977
3115,375,17980
3116,375,17983
3117,375,17986
3118,375,17988
3119,375,17994
3120,375,17995
3121,375,17997
3122,375,17998
3123,375,17999
3124,375,18000
3125,376,18016
3126,376,18020
3127,376,18025
3128,376,18041
3129,376,18046
3130,376,18047
3131,376,18048
3132,376,18050
3133,377,18085
3134,377,18089
3135,377,18090
3136,377,18091
3137,377,18093
3138,377,18100
3139,377,18111
3140,378,18128
3141,378,18136
3142,378,18137
3143,378,18138
3144,378,18139
3145,378,18140
3146,378,18142
3147,378,18145
3148,378,18146
3149,378,18148
3150,378,18149
3151,378,18150
3152,378,18151
3153,378,18152
3154,378,18153
3155,378,18176
3156,378,18177
3157,379,18192
3158,379,18201
3159,379,18202
3160,379,18203
3161,379,18204
3162,379,18207
3163,379,18211
3164,379,18212
3165,379,18218
3166,379,18220
3167,379,18236
3168,379,18244
3169,380,18253
3170,380,18254
3171,380,18260
3172,380,18267
3173,380,18268
3174,380,18269
3175,380,18274
3176,380,18282
3177,381,18306
3178,381,18309
3179,381,18318
3180,381,18320
3181,381,18326
3182,381,18329
3183,381,18330
3184,381,18331
3185,381,18332
3186,381,18333
3187,381,18335
3188,381,18336
3189,382,18356
3190,382,18359
3191,382,18360
3192,382,18362
3193,382,18363
3194,382,18364
3195,382,18365
3196,382,18370
3197,382,18379
3198,382,18401
3199,383,18411
3200,383,18416
3201,383,18417
3202,383,18418
3203,383,18419
3204,383,18428
3205,383,18432
3206,384,18462
3207,384,18463
3208,384,18465
3209,384,18466
3210,384,18467
3211,384,18468
3212,384,18477
3213,385,18491
3214,385,18495
3215,385,18496
3216,385,18497
3217,385,18513
3218,386,18549
3219,386,18556
3220,386,18562
3221,386,18565
3222,386,18568
3223,386,18569
3224,386,18600
3225,387,18605
3226,387,18607
3227,387,18608
3228,387,18612
3229,387,18616
3230,387,18617
3231,387,18619
3232,387,18621
3233,387,18637
3234,387,18639
3235,387,18640
3236,387,18652
3237,388,18663
3238,388,18685
3239,388,18686
3240,388,18687
3241,388,18695
3242,388,18700
3243,388,18702
3244,388,18706
3245,388,18720
3246,389,18734
3247,389,18744
3248,389,18766
3249,389,18767
3250,389,18768
3251,389,18772
3252,389,18773
3253,390,18793
3254,390,18801
3255,390,18802
3256,390,18803
3257,390,18811
3258,391,18825
3259,391,18838
3260,391,18839
3261,391,18855
3262,391,18856
3263,391,18921
3264,391,18940
3265,391,18941
3266,392,19024
3267,392,19027
3268,392,19033
3269,392,19036
3270,392,19037
3271,392,19038
3272,392,19040
3273,392,19049
3274,392,19050
3275,392,19052
3276,392,19069
3277,393,19102
3278,393,19108
3279,393,19111
3280,393,19118
3281,393,19119
3282,393,19121
3283,393,19132
3284,394,19145
3285,394,19149
3286,394,19163
3287,394,19164
3288,394,19175
3289,394,19176
3290,394,19177
3291,394,19178
3292,394,19179
3293,394,19187
3294,395,19213
3295,395,19216
3296,395,19219
3297,395,19232
3298,395,19233
3299,395,19241
3300,395,19242
3301,395,19243
3302,395,19244
3303,395,19256
3304,396,19283
3305,396,19292
3306,396,19294
3307,396,19296
3308,396,19297
3309,396,19298
3310,396,19299
3311,396,19306
3312,396,19311
3313,396,19313
3314,396,19326
3315,396,19345
3316,397,19349
3317,397,19358
3318,397,19363
3319,397,19368
3320,397,19369
3321,397,19370
3322,397,19372
3323,397,19374
3324,397,19391
3325,398,19420
3326,398,19453
3327,398,19454
3328,398,19455
3329,398,19469
3330,398,19489
3331,398,19490
3332,398,19495
3333,399,19517
3334,399,19521
3335,399,19523
3336,399,19524
3337,399,19525
3338,399,19528
3339,399,19529
3340,399,19534
3341,399,19551
3342,399,19578
3343,399,19584
3344,399,19586
3345,400,19634
3346,400,19640
3347,400,19649
3348,400,19650
3349,400,19651
3350,400,19652
3351,400,19658
3352,400,19670
3353,401,19687
3354,401,19704
3355,401,19705
3356,401,19718
3357,401,19719
3358,401,19722
3359,401,19723
3360,401,19724
3361,402,19754
3362,402,19758
3363,402,19771
3364,402,19778
3365,402,19780
3366,402,19782
3367,402,19783
3368,402,19784
3369,403,19808
3370,403,19809
3371,403,19813
3372,403,19819
3373,403,19822
3374,403,19823
3375,404,19852
3376,404,19858
3377,404,19859
3378,404,19860
3379,404,19865
3380,404,19866
3381,404,19867
3382,404,19868
3383,405,19899
3384,405,19907
3385,405,19914
3386,405,19915
3387,405,19917
3388,405,19919
3389,405,19920
3390,406,19946
3391,406,19948
3392,406,19953
3393,406,19954
3394,406,19956
3395,406,19957
3396,406,19967
3397,407,19990
3398,407,20001
3399,407,20002
3400,407,20003
3401,407,20011
3402,407,20014
3403,408,20050
3404,408,20055
3405,408,20065
3406,408,20070
3407,408,20085
3408,408,20086
3409,408,20087
3410,409,20110
3411,409,20111
3412,409,20112
3413,409,20113
3414,409,20114
3415,409,20125
3416,409,20127
3417,409,20137
3418,409,20145
3419,410,20156
3420,410,20162
3421,410,20165
3422,410,20166
3423,410,20168
3424,410,20169
3425,410,20170
3426,410,20193
3427,410,20198
3428,410,20199
3429,411,20234
3430,411,20236
3431,411,20238
3432,411,20239
3433,411,20240
3434,411,20255
3435,412,20260
3436,412,20262
3437,412,20266
3438,412,20267
3439,412,20273
3440,412,20274
3441,412,20275
3442,412,20277
3443,412,20299
3444,413,20308
3445,413,20310
3446,413,20315
3447,413,20319
3448,413,20321
3449,414,20356
3450,414,20358
3451,414,20361
3452,414,20365
3453,414,20372
3454,415,20384
3455,415,20390
3456,415,20391
3457,415,20395
3458,415,20400
3459,415,20401
3460,416,20414
3461,416,20421
3462,416,20422
3463,416,20424
3464,416,20428
3465,416,20432
3466,416,20433
3467,416,20434
3468,417,20449
3469,417,20454
3470,417,20455
3471,417,20457
3472,417,20458
3473,417,20459
3474,417,20460
3475,418,20476
3476,418,20491
3477,418,20492
3478,418,20501
3479,418,20502
3480,418,20503
3481,418,20504
3482,418,20505
3483,418,20506
3484,418,20507
3485,418,20509
3486,418,20532
3487,418,20533
3488,418,20534
3489,418,20535
3490,418,20536
3491,418,20537
3492,418,20538
3493,418,20539
3494,418,20558
3495,418,20559
3496,418,20560
3497,418,20561
3498,418,20565
3499,418,20566
3500,418,20567
3501,418,20568
3502,418,20578
3503,418,20580
3504,418,20583
3505,418,20584
3506,418,20588
3507,419,20626
3508,419,20627
3509,419,20629
3510,419,20630
3511,419,20631
3512,419,20632
3513,419,20639
3514,420,20653
3515,420,20654
3516,420,20682
3517,421,20690
3518,421,20691
3519,421,20696
3520,421,20699
3521,421,20700
3522,421,20701
3523,421,20702
3524,421,20710
3525,422,20737
3526,422,20744
3527,422,20752
3528,422,20753
3529,422,20758
3530,422,20759
3531,422,20760
3532,422,20771
3533,422,20786
3534,422,20789
3535,423,20804
3536,423,20806
3537,423,20808
3538,423,20814
3539,423,20815
3540,423,20816
3541,423,20817
3542,424,20838
3543,424,20844
3544,424,20865
3545,424,20866
3546,424,20867
3547,424,20871
3548,424,20875
3549,424,20883
3550,425,20895
3551,425,20896
3552,425,20910
3553,425,20915
3554,426,20932
3555,426,20933
3556,426,20934
3557,426,20935
3558,426,20936
3559,426,20940
3560,426,20946
3561,426,20947
3562,426,20948
3563,426,20950
3564,427,20961
3565,427,20962
3566,427,20966
3567,427,20972
3568,427,20973
3569,427,20974
3570,427,20975
3571,428,20984
3572,428,20985
3573,428,20986
3574,428,20993
3575,428,20995
3576,428,20997
3577,428,21004
3578,428,21007
3579,429,21020
3580,429,21032
3581,429,21042
3582,429,21043
3583,429,21058
3584,429,21059
3585,430,21092
3586,430,21098
3587,430,21099
3588,430,21110
3589,430,21111
3590,430,21126
3591,430,21129
3592,431,21158
3593,431,21163
3594,431,21164
3595,431,21173
3596,431,21176
3597,431,21178
3598,432,21196
3599,432,21202
3600,432,21203
3601,432,21205
3602,432,21206
3603,432,21207
3604,433,21219
3605,433,21220
3606,433,21221
3607,433,21224
3608,433,21230
3609,433,21231
3610,433,21232
3611,433,21233
3612,434,21258
3613,434,21260
3614,434,21261
3615,434,21262
3616,434,21270
3617,434,21271
3618,435,21277
3619,435,21278
3620,435,21280
3621,435,21281
3622,435,21282
3623,435,21283
3624,435,21292
3625,436,21301
3626,436,21313
3627,436,21314
3628,437,21326
3629,437,21328
3630,437,21330
3631,437,21336
3632,437,21337
3633,437,21338
3634,437,21340
3635,438,21348
3636,438,21350
3637,438,21352
3638,438,21358
3639,438,21359
3640,438,21360
3641,438,21361
3642,439,21371
3643,439,21372
3644,439,21378
3645,439,21382
3646,439,21384
3647,440,21403
3648,440,21409
3649,440,21410
3650,440,21411
3651,440,21414
3652,440,21416
3653,440,21421
3654,441,21432
3655,441,21441
3656,441,21447
3657,441,21448
3658,441,21449
3659,441,21463
3660,442,21486
3661,442,21489
3662,442,21528
3663,442,21529
3664,442,21618
3665,442,21645
3666,442,21646
3667,443,21661
3668,443,21662
3669,443,21663
3670,443,21664
3671,443,21665
3672,443,21667
3673,443,21669
3674,443,21679
3675,444,21686
3676,444,21691
3677,444,21692
3678,444,21693
3679,444,21706
3680,444,21707
3681,444,21718
3682,444,21722
3683,445,21733
3684,445,21740
3685,445,21741
3686,445,21742
3687,445,21745
3688,445,21746
3689,445,21747
3690,445,21751
3691,445,21757
3692,445,21758
3693,446,21777
3694,446,21782
3695,446,21783
3696,446,21803
3697,447,21812
3698,447,21815
3699,447,21816
3700,447,21818
3701,447,21820
3702,447,21821
3703,447,21822
3704,448,21842
3705,448,21849
3706,448,21851
3707,448,21852
3708,448,21853
3709,448,21866
3710,448,21867
3711,448,21868
3712,448,21869
3713,448,21870
3714,448,21871
3715,448,21872
3716,448,21884
3717,448,21885
3718,448,21888
3719,448,21889
3720,448,21893
3721,448,21894
3722,448,21895
3723,448,21896
3724,448,21917
3725,448,21918
3726,449,21937
3727,449,21938
3728,449,21941
3729,449,21947
3730,449,21948
3731,449,21949
3732,449,21951
3733,450,21963
3734,450,21969
3735,450,21971
3736,450,21976
3737,450,21977
3738,451,21997
3739,451,22000
3740,451,22001
3741,451,22005
3742,451,22010
3743,451,22011
3744,451,22013
3745,451,22014
3746,451,22021
3747,451,22022
3748,452,22032
3749,452,22041
3750,452,22042
3751,452,22050
3752,452,22051
3753,452,22052
3754,452,22054
3755,452,22062
3756,453,22080
3757,453,22082
3758,453,22105
3759,453,22106
3760,453,22107
3761,453,22110
3762,453,22111
3763,453,22113
3764,453,22114
3765,453,22130
3766,454,22148
3767,454,22150
3768,454,22151
3769,454,22152
3770,454,22153
3771,454,22154
3772,454,22155
3773,454,22163
3774,455,22178
3775,455,22184
3776,455,22185
3777,455,22187
3778,455,22188
3779,455,22190
3780,455,22191
3781,455,22206
3782,455,22208
3783,456,22216
3784,456,22227
3785,456,22229
3786,456,22230
3787,456,22234
3788,456,22239
3789,456,22242
3790,456,22243
3791,456,22265
3792,456,22266
3793,456,22274
3794,457,22281
3795,457,22282
3796,457,22285
3797,457,22291
3798,457,22292
3799,457,22293
3800,457,22295
3801,458,22304
3802,458,22305
3803,458,22308
3804,458,22312
3805,458,22318
3806,458,22319
3807,458,22320
3808,458,22322
3809,459,22335
3810,459,22341
3811,459,22347
3812,459,22348
3813,459,22349
3814,459,22352
3815,459,22354
3816,460,22377
3817,460,22378
3818,460,22385
3819,460,22386
3820,460,22388
3821,460,22391
3822,460,22393
3823,460,22400
3824,461,22420
3825,461,22421
3826,461,22437
3827,462,22449
3828,462,22456
3829,462,22462
3830,462,22463
3831,462,22465
3832,462,22466
3833,462,22469
3834,462,22470
3835,462,22471
3836,462,22487
3837,463,22496
3838,463,22498
3839,463,22507
3840,463,22508
3841,463,22509
3842,463,22510
3843,463,22511
3844,463,22513
3845,463,22514
3846,463,22515
3847,463,22532
3848,463,22533
3849,463,22538
3850,463,22540
3851,464,22555
3852,464,22562
3853,464,22563
3854,464,22568
3855,464,22569
3856,464,22570
3857,465,22580
3858,465,22581
3859,465,22585
3860,465,22586
3861,465,22588
3862,465,22591
3863,465,22593
3864,465,22594
3865,466,22618
3866,466,22619
3867,466,22622
3868,466,22625
3869,466,22626
3870,466,22644
3871,466,22645
3872,466,22646
3873,466,22647
3874,466,22648
3875,466,22651
3876,466,22657
3877,467,22686
3878,467,22692
3879,467,22693
3880,467,22694
3881,467,22695
3882,467,22697
3883,467,22698
3884,467,22699
3885,468,22712
3886,468,22730
3887,468,22731
3888,468,22736
3889,468,22747
3890,468,22748
3891,468,22749
3892,468,22754
3893,468,22759
3894,468,22788
3895,468,22790
3896,469,22793
3897,469,22800
3898,469,22801
3899,469,22804
3900,469,22805
3901,469,22808
3902,469,22809
3903,470,22824
3904,470,22829
3905,470,22836
3906,470,22837
3907,470,22842
3908,470,22843
3909,470,22844
3910,470,22850
3911,470,22854
3912,471,22874
3913,471,22876
3914,471,22877
3915,471,22878
3916,471,22880
3917,471,22881
3918,471,22888
3919,471,22896
3920,471,22918
3921,472,22930
3922,472,22934
3923,472,22938
3924,472,22949
3925,472,22955
3926,472,22956
3927,472,22957
3928,472,22958
3929,472,22971
3930,472,22972
3931,473,22992
3932,473,23013
3933,473,23047
3934,473,23100
3935,473,23101
3936,473,23102
3937,473,23118
3938,473,23119
3939,473,23139
3940,474,23148
3941,474,23149
3942,474,23162
3943,474,23170
3944,474,23171
3945,474,23172
3946,474,23179
3947,475,23189
3948,475,23191
3949,475,23197
3950,475,23198
3951,475,23200
3952,475,23201
3953,475,23202
3954,476,23216
3955,476,23225
3956,476,23226
3957,476,23227
3958,476,23228
3959,476,23230
3960,476,23231
3961,476,23232
3962,476,23234
3963,476,23242
3964,476,23243
3965,477,23261
3966,477,23263
3967,477,23269
3968,477,23270
3969,477,23271
3970,477,23272
3971,477,23274
3972,477,23275
3973,477,23276
3974,477,23279
3975,478,23296
3976,478,23302
3977,478,23303
3978,478,23304
3979,478,23305
3980,478,23306
3981,478,23321
3982,478,23325
3983,479,23349
3984,479,23355
3985,479,23356
3986,479,23358
3987,479,23359
3988,479,23360
3989,479,23361
3990,480,23374
3991,480,23376
3992,480,23382
3993,480,23383
3994,480,23385
3995,480,23386
3996,480,23387
3997,480,23388
3998,481,23400
3999,481,23401
4000,481,23403
4001,481,23404
4002,481,23405
4003,481,23406
4004,481,23413
4005,481,23427
4006,481,23428
4007,481,23431
4008,481,23436
4009,482,23443
4010,482,23444
4011,482,23445
4012,482,23446
4013,482,23447
4014,482,23449
4015,482,23451
4016,482,23459
4017,483,23465
4018,483,23466
4019,483,23468
4020,483,23469
4021,483,23470
4022,483,23471
4023,483,23480
4024,484,23488
4025,484,23504
4026,484,23510
4027,484,23511
4028,484,23513
4029,484,23514
4030,484,23515
4031,485,23526
4032,485,23527
4033,485,23532
4034,485,23533
4035,485,23535
4036,485,23536
4037,485,23538
4038,485,23539
4039,485,23546
4040,485,23547
4041,485,23557
4042,486,23562
4043,486,23563
4044,486,23565
4045,486,23566
4046,486,23567
4047,486,23569
4048,486,23573
4049,486,23591
4050,486,23599
4051,486,23602
4052,486,23618
4053,487,23630
4054,487,23632
4055,487,23635
4056,487,23636
4057,487,23637
4058,487,23638
4059,487,23641
4060,487,23642
4061,488,23669
4062,488,23670
4063,488,23677
4064,488,23678
4065,488,23687
4066,489,23695
4067,489,23701
4068,489,23702
4069,489,23703
4070,489,23704
4071,489,23708
4072,489,23709
4073,490,23724
4074,490,23725
4075,490,23727
4076,490,23733
4077,490,23734
4078,490,23736
4079,490,23737
4080,490,23738
4081,490,23739
4082,491,23751
4083,491,23752
4084,491,23758
4085,491,23764
4086,491,23765
4087,491,23767
4088,491,23775
4089,491,23801
4090,491,23802
4091,491,23816
4092,491,23840
4093,491,23843
4094,492,23846
4095,492,23847
4096,492,23852
4097,492,23853
4098,492,23854
4099,492,23855
4100,492,23862
4101,493,23868
4102,493,23869
4103,493,23872
4104,493,23878
4105,493,23879
4106,493,23880
4107,493,23881
4108,494,23889
4109,494,23891
4110,494,23897
4111,494,23898
4112,494,23903
4113,494,23904
4114,495,23924
4115,495,23930
4116,495,23940
4117,495,23941
4118,495,23942
4119,495,23958
4120,495,23962
4121,495,23967
4122,496,23979
4123,496,23980
4124,496,23987
4125,496,23988
4126,496,23989
4127,496,23991
4128,496,23992
4129,496,23993
4130,496,24009
4131,496,24013
4132,497,24037
4133,497,24041
4134,497,24045
4135,497,24049
4136,497,24055
4137,497,24056
4138,497,24057
4139,497,24058
4140,498,24081
4141,498,24082
4142,498,24084
4143,498,24085
4144,498,24086
4145,498,24087
4146,498,24090
4147,499,24113
4148,499,24120
4149,499,24160
4150,499,24161
4151,499,24164
4152,499,24174
4153,499,24188
4154,499,24193
4155,500,24204
4156,500,24205
4157,500,24209
4158,500,24215
4159,500,24216
4160,501,24236
4161,501,24237
4162,501,24238
4163,501,24239
4164,501,24240
4165,501,24243
4166,501,24244
4167,501,24256
4168,502,24261
4169,502,24262
4170,502,24266
4171,502,24273
4172,502,24274
4173,502,24275
4174,502,24276
4175,502,24278
4176,502,24306
4177,502,24309
4178,503,24313
4179,503,24314
4180,503,24316
4181,503,24317
4182,503,24318
4183,503,24319
4184,503,24322
4185,503,24323
4186,503,24329
4187,503,24331
4188,503,24341
4189,504,24356
4190,504,24357
4191,504,24361
4192,504,24367
4193,504,24368
4194,504,24369
4195,504,24371
4196,505,24389
4197,505,24394
4198,505,24395
4199,505,24397
4200,505,24398
4201,505,24400
4202,505,24401
4203,505,24402
4204,505,24410
4205,506,24417
4206,506,24418
4207,506,24424
4208,506,24443
4209,506,24444
4210,507,24449
4211,507,24454
4212,507,24457
4213,507,24460
4214,507,24463
4215,508,24478
4216,508,24482
4217,508,24484
4218,508,24486
4219,508,24489
4220,509,24505
4221,509,24506
4222,509,24510
4223,509,24516
4224,509,24517
4225,509,24518
4226,509,24524
4227,509,24527
4228,510,24551
4229,510,24560
4230,510,24561
4231,510,24565
4232,510,24567
4233,510,24568
4234,511,24599
4235,511,24600
4236,511,24601
4237,511,24602
4238,511,24603
4239,511,24605
4240,511,24606
4241,511,24608
4242,511,24609
4243,511,24610
4244,511,24611
4245,511,24612
4246,511,24623
4247,511,24630
4248,511,24631
4249,512,24655
4250,512,24661
4251,512,24662
4252,512,24663
4253,512,24670
4254,512,24673
4255,513,24684
4256,513,24685
4257,513,24687
4258,513,24688
4259,513,24689
4260,513,24690
4261,513,24697
4262,514,24702
4263,514,24703
4264,514,24709
4265,514,24710
4266,514,24711
4267,514,24712
4268,514,24719
4269,515,24730
4270,515,24731
4271,515,24733
4272,515,24738
4273,515,24745
4274,515,24749
4275,516,24760
4276,516,24761
4277,516,24762
4278,516,24764
4279,516,24765
4280,516,24767
4281,516,24774
4282,516,24778
4283,517,24785
4284,517,24789
4285,517,24798
4286,517,24799
4287,517,24800
4288,517,24801
4289,518,24811
4290,518,24817
4291,518,24818
4292,518,24819
4293,518,24822
4294,518,24824
4295,518,24825
4296,519,24846
4297,519,24854
4298,519,24855
4299,519,24856
4300,519,24858
4301,519,24863
4302,520,24905
4303,520,24912
4304,520,24916
4305,520,24919
4306,520,24921
4307,521,24932
4308,521,24933
4309,521,24934
4310,521,24946
4311,521,24954
4312,521,24955
4313,521,24959
4314,521,24961
4315,521,24962
4316,522,24982
4317,522,24983
4318,522,24986
4319,522,24994
4320,522,24995
4321,522,24996
4322,522,24997
4323,522,24999
4324,523,25010
4325,523,25014
4326,524,25025
4327,524,25026
4328,524,25028
4329,524,25029
4330,524,25030
4331,524,25031
4332,524,25039
4333,525,25046
4334,525,25047
4335,525,25049
4336,525,25050
4337,525,25051
4338,525,25052
4339,525,25063
4340,526,25106
4341,526,25137
4342,526,25150
4343,526,25151
4344,526,25160
4345,526,25161
4346,526,25162
4347,526,25167
4348,527,25190
4349,527,25191
4350,527,25192
4351,527,25194
4352,527,25195
4353,527,25202
4354,527,25203
4355,527,25217
4356,528,25247
4357,528,25255
4358,528,25256
4359,528,25257
4360,528,25259
4361,528,25264
4362,528,25267
4363,529,25314
4364,529,25321
4365,529,25325
4366,530,25347
4367,530,25360
4368,530,25361
4369,530,25362
4370,530,25363
4371,530,25364
4372,530,25365
4373,530,25368
4374,530,25369
4375,530,25370
4376,530,25372
4377,530,25373
4378,531,25384
4379,531,25386
4380,531,25392
4381,531,25393
4382,531,25394
4383,531,25443
4384,531,25453
4385,531,25457
4386,531,25459
4387,531,25481
4388,532,25485
4389,532,25501
4390,532,25581
4391,532,25584
4392,533,25600
4393,533,25609
4394,533,25611
4395,534,25632
4396,534,25649
4397,534,25650
4398,534,25651
4399,534,25656
4400,535,25674
4401,535,25682
4402,535,25689
4403,535,25690
4404,535,25691
4405,535,25693
4406,535,25696
4407,535,25697
4408,535,25702
4409,536,25725
4410,536,25734
4411,536,25735
4412,536,25736
4413,536,25737
4414,536,25740
4415,536,25741
4416,536,25758
4417,536,25759
4418,536,25760
4419,536,25764
4420,537,25774
4421,537,25781
4422,537,25801
4423,537,25803
4424,537,25807
4425,537,25811
4426,537,25816
4427,537,25817
4428,537,25818
4429,537,25820
4430,537,25821
4431,538,25845
4432,538,25854
4433,538,25855
4434,538,25856
4435,538,25857
4436,538,25859
4437,538,25861
4438,538,25882
4439,538,25885
4440,538,25891
4441,538,25913
4442,538,25922
4443,539,25931
4444,539,25937
4445,539,25939
4446,539,25940
4447,539,25941
4448,539,25948
4449,539,25960
4450,540,25968
4451,540,25969
4452,540,25971
4453,540,25972
4454,540,25981
4455,540,25990
4456,540,25991
4457,540,25992
4458,540,25993
4459,540,26012
4460,541,26017
4461,541,26019
4462,541,26026
4463,541,26027
4464,541,26032
4465,541,26033
4466,541,26034
4467,542,26049
4468,542,26061
4469,542,26064
4470,542,26066
4471,542,26067
4472,542,26069
4473,542,26070
4474,542,26071
4475,542,26072
4476,542,26073
4477,542,26075
4478,542,26084
4479,542,26087
4480,542,26095
4481,542,26097
4482,542,26098
4483,543,26119
4484,543,26120
4485,543,26131
4486,543,26135
4487,543,26141
4488,544,26146
4489,544,26149
4490,544,26161
4491,544,26168
4492,545,26172
4493,545,26176
4494,545,26186
4495,545,26194
4496,545,26195
4497,545,26199
4498,545,26200
4499,545,26201
4500,545,26203
4501,545,26204
4502,545,26205
4503,545,26206
4504,545,26207
4505,546,26227
4506,546,26234
4507,546,26235
4508,546,26237
4509,546,26245
4510,546,26267
4511,546,26300
4512,546,26303
4513,547,26310
4514,547,26311
4515,547,26314
4516,547,26320
4517,547,26321
4518,547,26322
4519,547,26324
4520,548,26332
4521,548,26333
4522,548,26335
4523,548,26336
4524,548,26337
4525,548,26338
4526,548,26347
4527,549,26352
4528,549,26360
4529,549,26361
4530,549,26362
4531,549,26363
4532,549,26364
4533,549,26375
4534,549,26385
4535,549,26388
4536,550,26414
4537,550,26415
4538,550,26417
4539,550,26418
4540,550,26419
4541,550,26420
4542,550,26422
4543,550,26425
4544,550,26447
4545,550,26448
4546,551,26454
4547,551,26459
4548,551,26462
4549,551,26463
4550,551,26464
4551,551,26467
4552,551,26469
4553,552,26477
4554,552,26478
4555,552,26480
4556,552,26484
4557,553,26509
4558,553,26512
4559,553,26519
4560,553,26520
4561,553,26541
4562,553,26542
4563,553,26543
4564,553,26545
4565,553,26552
4566,553,26553
4567,554,26580
4568,554,26581
4569,554,26584
4570,554,26590
4571,554,26591
4572,554,26592
4573,554,26594
4574,555,26603
4575,555,26611
4576,555,26617
4577,555,26618
4578,555,26619
4579,555,26620
4580,555,26621
4581,555,26629
4582,555,26639
4583,555,26640
4584,555,26641
4585,555,26642
4586,555,26643
4587,555,26644
4588,556,26657
4589,556,26658
4590,556,26659
4591,556,26660
4592,556,26663
4593,556,26664
4594,556,26665
4595,556,26667
4596,556,26668
4597,556,26669
4598,556,26670
4599,556,26671
4600,556,26689
4601,556,26696
4602,556,26697
4603,557,26728
4604,557,26736
4605,557,26740
4606,557,26744
4607,557,26745
4608,557,26746
4609,557,26747
4610,557,26748
4611,557,26753
4612,557,26756
4613,557,26758
4614,557,26759
4615,557,26760
4616,557,26761
4617,557,26762
4618,557,26765
4619,557,26787
4620,557,26788
4621,558,26803
4622,558,26805
4623,558,26806
4624,558,26807
4625,558,26808
4626,558,26809
4627,558,26810
4628,558,26813
4629,558,26815
4630,558,26816
4631,558,26819
4632,558,26822
4633,558,26824
4634,558,26825
4635,558,26826
4636,558,26827
4637,558,26828
4638,558,26850
4639,558,26857
4640,558,26858
4641,559,26878
4642,559,26879
4643,559,26883
4644,559,26885
4645,559,26887
4646,559,26888
4647,559,26891
4648,559,26893
4649,559,26895
4650,559,26897
4651,559,26899
4652,559,26918
4653,559,26919
4654,560,26959
4655,560,26962
4656,560,26963
4657,560,26965
4658,560,26970
4659,560,26971
4660,560,26973
4661,560,26974
4662,561,26995
4663,561,26997
4664,561,27000
4665,561,27002
4666,561,27003
4667,561,27004
4668,561,27005
4669,561,27006
4670,561,27007
4671,561,27008
4672,561,27012
4673,561,27015
4674,561,27029
4675,562,27043
4676,562,27045
4677,562,27047
4678,562,27049
4679,562,27050
4680,562,27052
4681,562,27053
4682,563,27072
4683,563,27074
4684,563,27076
4685,563,27077
4686,563,27079
4687,563,27080
4688,563,27082
4689,563,27083
4690,564,27108
4691,564,27111
4692,564,27117
4693,564,27119
4694,565,27137
4695,565,27140
4696,565,27173
4697,565,27179
4698,565,27185
4699,565,27193
4700,565,27196
4701,565,27199
4702,565,27200
4703,565,27202
4704,565,27203
4705,566,27230
4706,566,27234
4707,566,27240
4708,566,27241
4709,566,27242
4710,566,27244
4711,566,27245
4712,567,27259
4713,567,27262
4714,567,27263
4715,567,27270
4716,567,27275
4717,567,27276
4718,567,27278
4719,567,27279
4720,567,27280
4721,567,27281
4722,568,27305
4723,568,27309
4724,568,27310
4725,568,27311
4726,568,27313
4727,568,27314
4728,569,27333
4729,569,27339
4730,569,27340
4731,569,27341
4732,569,27342
4733,569,27343
4734,569,27344
4735,569,27345
4736,569,27347
4737,569,27348
4738,569,27349
4739,570,27364
4740,570,27370
4741,570,27371
4742,570,27372
4743,570,27373
4744,570,27375
4745,570,27377
4746,570,27378
4747,570,27379
4748,571,27394
4749,571,27401
4750,571,27402
4751,571,27403
4752,571,27406
4753,571,27407
4754,571,27408
4755,571,27409
4756,572,27423
4757,572,27429
4758,572,27430
4759,572,27431
4760,572,27432
4761,572,27435
4762,572,27436
4763,572,27437
4764,572,27439
4765,573,27453
4766,573,27460
4767,573,27461
4768,573,27462
4769,573,27465
4770,573,27466
4771,573,27467
4772,573,27468
4773,574,27481
4774,574,27487
4775,574,27495
4776,574,27496
4777,574,27497
4778,574,27498
4779,574,27502
4780,574,27504
4781,574,27506
4782,574,27507
4783,574,27519
4784,575,27539
4785,575,27542
4786,575,27543
4787,575,27550
4788,575,27553
4789,575,27565
4790,575,27566
4791,575,27568
4792,575,27569
4793,575,27575
4794,575,27607
4795,576,27611
4796,576,27619
4797,576,27621
4798,576,27623
4799,576,27630
4800,576,27631
4801,576,27650
4802,577,27655
4803,577,27658
4804,577,27683
4805,577,27684
4806,577,27690
4807,577,27711
4808,578,27718
4809,578,27723
4810,578,27724
4811,578,27726
4812,578,27727
4813,578,27728
4814,578,27729
4815,578,27745
4816,578,27748
4817,579,27765
4818,579,27771
4819,579,27774
4820,579,27775
4821,579,27776
4822,579,27777
4823,579,27779
4824,579,27780
4825,579,27781
4826,580,27794
4827,580,27802
4828,580,27803
4829,580,27805
4830,580,27806
4831,580,27807
4832,580,27808
4833,581,27820
4834,581,27821
4835,581,27823
4836,581,27824
4837,581,27825
4838,581,27826
4839,581,27840
4840,582,27849
4841,582,27853
4842,582,27854
4843,582,27855
4844,582,27856
4845,582,27860
4846,582,27861
4847,583,27898
4848,583,27911
4849,583,27912
4850,583,27913
4851,583,27914
4852,583,27919
4853,583,27920
4854,583,27921
4855,584,27946
4856,584,27947
4857,584,27949
4858,584,27950
4859,584,27951
4860,584,27952
4861,584,27958
4862,584,27966
4863,585,27974
4864,585,27983
4865,585,27987
4866,585,28018
4867,585,28019
4868,585,28033
4869,585,28034
4870,585,28035
4871,585,28036
4872,585,28038
4873,586,28067
4874,586,28107
4875,586,28108
4876,586,28109
4877,586,28111
4878,587,28131
4879,587,28159
4880,587,28160
4881,587,28161
4882,587,28163
4883,588,28186
4884,588,28205
4885,588,28224
4886,588,28225
4887,588,28240
4888,588,28250
4889,588,28254
4890,589,28277
4891,589,28281
4892,589,28292
4893,589,28293
4894,589,28294
4895,589,28296
4896,589,28301
4897,590,28314
4898,590,28324
4899,590,28327
4900,590,28330
4901,590,28331
4902,590,28332
4903,590,28333
4904,590,28335
4905,590,28337
4906,590,28339
4907,591,28356
4908,591,28362
4909,591,28368
4910,591,28369
4911,591,28370
4912,591,28373
4913,591,28374
4914,591,28375
4915,592,28382
4916,592,28387
4917,592,28388
4918,592,28390
4919,592,28398
4920,592,28410
4921,592,28411
4922,592,28412
4923,592,28413
4924,592,28420
4925,592,28423
4926,593,28433
4927,593,28436
4928,593,28439
4929,593,28440
4930,593,28444
4931,593,28445
4932,593,28447
4933,593,28448
4934,593,28455
4935,593,28456
4936,593,28466
4937,594,28485
4938,594,28486
4939,594,28496
4940,595,28515
4941,595,28517
4942,595,28523
4943,595,28524
4944,595,28527
4945,596,28548
4946,596,28549
4947,596,28556
4948,596,28562
4949,596,28563
4950,596,28564
4951,596,28565
4952,596,28567
4953,597,28577
4954,597,28578
4955,597,28580
4956,597,28581
4957,597,28582
4958,597,28583
4959,597,28585
4960,597,28592
4961,597,28599
4962,597,28600
4963,598,28620
4964,598,28625
4965,598,28637
4966,598,28640
4967,598,28648
4968,598,28652
4969,598,28654
4970,598,28655
4971,598,28670
4972,598,28677
4973,598,28680
4974,599,28715
4975,599,28722
4976,599,28723
4977,599,28734
4978,599,28739
4979,599,28742
4980,599,28743
4981,599,28744
4982,599,28746
4983,599,28748
4984,599,28749
4985,599,28750
4986,600,28767
4987,600,28768
4988,600,28771
4989,600,28779
4990,600,28780
4991,600,28781
4992,600,28783
4993,601,28796
4994,601,28802
4995,601,28803
4996,601,28804
4997,601,28805
4998,601,28811
4999,601,28813
5000,601,28814
5001,602,28828
5002,602,28829
5003,602,28830
5004,602,28831
5005,602,28833
5006,602,28835
5007,602,28836
5008,602,28838
5009,602,28844
5010,602,28850
5011,602,28851
5012,603,28878
5013,603,28879
5014,603,28880
5015,603,28882
5016,603,28883
5017,603,28888
5018,603,28892
5019,604,28897
5020,604,28899
5021,604,28903
5022,604,28904
5023,604,28958
5024,604,28977
5025,605,28987
5026,605,28988
5027,605,29008
5028,605,29009
5029,605,29010
5030,606,29042
5031,606,29045
5032,606,29046
5033,606,29047
5034,606,29048
5035,606,29050
5036,606,29051
5037,607,29065
5038,607,29070
5039,607,29071
5040,607,29072
5041,607,29073
5042,607,29075
5043,607,29076
5044,608,29089
5045,608,29090
5046,608,29091
5047,608,29092
5048,608,29093
5049,608,29095
5050,608,29098
5051,608,29099
5052,608,29104
5053,609,29132
5054,609,29145
5055,609,29146
5056,609,29149
5057,609,29150
5058,609,29151
5059,609,29152
5060,609,29169
5061,610,29190
5062,610,29194
5063,610,29208
5064,610,29209
5065,610,29210
5066,610,29212
5067,610,29214
5068,611,29229
5069,611,29232
5070,611,29234
5071,611,29289
5072,611,29400
5073,612,29415
5074,612,29428
5075,612,29429
5076,612,29430
5077,612,29432
5078,612,29433
5079,613,29450
5080,613,29456
5081,613,29457
5082,613,29463
5083,613,29464
5084,614,29483
5085,614,29490
5086,614,29491
5087,614,29503
5088,614,29504
5089,614,29505
5090,614,29522
5091,615,29527
5092,615,29532
5093,615,29533
5094,615,29534
5095,615,29535
5096,615,29539
5097,615,29551
5098,615,29563
5099,615,29564
5100,616,29570
5101,616,29572
5102,616,29575
5103,616,29576
5104,617,29588
5105,617,29590
5106,617,29597
5107,617,29600
5108,617,29602
5109,617,29615
5110,617,29619
5111,617,29620
5112,617,29621
5113,617,29624
5114,617,29625
5115,617,29637
5116,617,29638
5117,618,29656
5118,618,29668
5119,618,29669
5120,619,29680
5121,619,29687
5122,619,29689
5123,619,29691
5124,619,29692
5125,619,29694
5126,620,29701
5127,620,29704
5128,621,29723
5129,621,29724
5130,621,29726
5131,621,29733
5132,621,29734
5133,621,29735
5134,621,29737
5135,621,29741
5136,621,29743
5137,621,29746
5138,621,29767
5139,622,29776
5140,622,29792
5141,622,29800
5142,622,29803
5143,622,29805
5144,622,29819
5145,622,29820
5146,622,29821
5147,623,29846
5148,623,29866
5149,623,29867
5150,623,29880
5151,623,29881
5152,624,29899
5153,624,29906
5154,624,29907
5155,624,29908
5156,624,29912
5157,624,29914
5158,624,29917
5159,625,29937
5160,625,29950
5161,625,29952
5162,625,29960
5163,626,29985
5164,626,29986
5165,626,29989
5166,626,29995
5167,626,29996
5168,626,29997
5169,626,29999
5170,627,30006
5171,627,30007
5172,627,30009
5173,627,30010
5174,627,30011
5175,627,30012
5176,627,30021
5177,628,30027
5178,628,30031
5179,628,30037
5180,628,30038
5181,628,30039
5182,628,30040
5183,628,30041
5184,628,30043
5185,628,30055
5186,628,30056
5187,628,30079
5188,629,30089
5189,629,30090
5190,629,30091
5191,629,30092
5192,629,30097
5193,629,30103
5194,629,30104
5195,629,30105
5196,629,30108
5197,629,30115
5198,630,30130
5199,630,30131
5200,630,30135
5201,630,30136
5202,630,30140
5203,630,30142
5204,630,30143
5205,631,30159
5206,631,30183
5207,631,30185
5208,632,30192
5209,632,30195
5210,632,30201
5211,632,30202
5212,632,30204
5213,632,30205
5214,632,30207
5215,632,30208
5216,632,30217
5217,632,30218
5218,633,30234
5219,633,30236
5220,633,30237
5221,633,30258
5222,633,30261
5223,633,30262
5224,633,30263
5225,633,30274
5226,633,30293
5227,633,30294
5228,634,30320
5229,634,30321
5230,635,30339
5231,635,30358
5232,635,30364
5233,635,30365
5234,635,30366
5235,635,30371
5236,636,30394
5237,636,30395
5238,636,30397
5239,636,30398
5240,636,30399
5241,636,30400
5242,636,30407
5243,637,30419
5244,637,30424
5245,637,30425
5246,637,30426
5247,637,30427
5248,637,30434
5249,638,30458
5250,638,30463
5251,638,30464
5252,638,30466
5253,638,30467
5254,638,30469
5255,638,30470
5256,639,30480
5257,639,30487
5258,639,30488
5259,639,30490
5260,640,30499
5261,640,30505
5262,640,30511
5263,640,30512
5264,640,30513
5265,640,30520
5266,640,30530
5267,640,30532
5268,640,30533
5269,640,30556
5270,640,30562
5271,640,30563
5272,640,30564
5273,641,30591
5274,641,30613
5275,642,30616
5276,642,30617
5277,642,30622
5278,642,30654
5279,642,30660
5280,642,30664
5281,642,30674
5282,642,30675
5283,642,30679
5284,643,30682
5285,643,30683
5286,643,30684
5287,643,30685
5288,643,30686
5289,643,30688
5290,643,30689
5291,643,30691
5292,643,30692
5293,643,30693
5294,643,30694
5295,643,30695
5296,643,30713
5297,643,30714
5298,643,30742
5299,644,30749
5300,644,30760
5301,644,30761
5302,644,30762
5303,644,30763
5304,644,30775
5305,645,30782
5306,645,30793
5307,645,30794
5308,645,30795
5309,646,30813
5310,646,30823
5311,646,30824
5312,646,30825
5313,646,30826
5314,646,30836
5315,646,30861
5316,646,30862
5317,647,30869
5318,647,30878
5319,647,30879
5320,647,30880
5321,647,30890
5322,648,30894
5323,648,30898
5324,648,30899
5325,648,30909
5326,649,30929
5327,649,30932
5328,649,30936
5329,649,30938
5330,649,30946
5331,649,30956
5332,649,30957
5333,649,30958
5334,649,30959
5335,649,30968
5336,649,30971
5337,650,30982
5338,650,31005
5339,650,31010
5340,650,31012
5341,650,31016
5342,650,31031
5343,650,31033
5344,650,31034
5345,651,31048
5346,651,31051
5347,651,31053
5348,651,31054
5349,651,31058
5350,652,31097
5351,652,31105
5352,652,31106
5353,652,31115
5354,652,31116
5355,652,31117
5356,653,31133
5357,653,31140
5358,653,31144
5359,653,31145
5360,654,31156
5361,654,31158
5362,654,31159
5363,654,31160
5364,654,31163
5365,654,31165
5366,654,31166
5367,654,31167
5368,654,31168
5369,654,31182
5370,655,31205
5371,655,31206
5372,655,31209
5373,655,31215
5374,655,31216
5375,655,31217
5376,655,31218
5377,655,31221
5378,655,31222
5379,655,31225
5380,655,31227
5381,655,31228
5382,655,31229
5383,655,31230
5384,655,31231
5385,655,31248
5386,655,31249
5387,656,31266
5388,656,31273
5389,656,31274
5390,656,31276
5391,656,31284
5392,656,31307
5393,656,31326
5394,656,31358
5395,656,31361
5396,657,31367
5397,657,31368
5398,657,31371
5399,657,31374
5400,657,31375
5401,657,31376
5402,657,31377
5403,657,31378
5404,657,31385
5405,657,31386
5406,657,31388
5407,657,31389
5408,658,31405
5409,658,31410
5410,658,31411
5411,658,31413
5412,658,31414
5413,658,31415
5414,658,31416
5415,659,31425
5416,659,31426
5417,659,31428
5418,659,31429
5419,659,31432
5420,659,31433
5421,659,31435
5422,659,31442
5423,660,31449
5424,660,31450
5425,660,31452
5426,660,31453
5427,660,31454
5428,660,31455
5429,660,31464
5430,661,31471
5431,661,31472
5432,661,31473
5433,661,31478
5434,661,31480
5435,661,31489
5436,661,31490
5437,662,31507
5438,662,31511
5439,662,31512
5440,662,31518
5441,662,31519
5442,662,31521
5443,662,31522
5444,662,31523
5445,662,31524
5446,663,31542
5447,663,31543
5448,663,31545
5449,663,31546
5450,663,31547
5451,663,31548
5452,663,31570
5453,664,31575
5454,664,31576
5455,664,31578
5456,664,31579
5457,664,31580
5458,664,31581
5459,664,31583
5460,664,31591
5461,664,31592
5462,664,31597
5463,664,31599
5464,665,31613
5465,665,31614
5466,665,31616
5467,665,31617
5468,665,31618
5469,665,31619
5470,665,31628
5471,666,31635
5472,666,31636
5473,666,31641
5474,666,31655
5475,666,31678
5476,666,31687
5477,666,31697
5478,666,31698
5479,667,31709
5480,667,31717
5481,667,31723
5482,667,31726
5483,667,31727
5484,667,31729
5485,667,31730
5486,667,31731
5487,667,31733
5488,667,31734
5489,668,31757
5490,668,31763
5491,668,31764
5492,668,31765
5493,668,31766
5494,668,31768
5495,668,31769
5496,669,31784
5497,669,31791
5498,669,31792
5499,669,31793
5500,669,31794
5501,669,31795
5502,669,31798
5503,669,31800
5504,669,31801
5505,669,31802
5506,669,31803
5507,669,31807
5508,669,31817
5509,669,31818
5510,670,31841
5511,670,31849
5512,670,31852
5513,670,31853
5514,670,31862
5515,670,31885
5516,670,31892
5517,670,31896
5518,670,31897
5519,671,31904
5520,671,31908
5521,671,31911
5522,671,31914
5523,671,31918
5524,671,31920
5525,672,31940
5526,672,31943
5527,672,31945
5528,672,31999
5529,672,32115
5530,673,32128
5531,673,32131
5532,673,32133
5533,673,32147
5534,673,32153
5535,674,32193
5536,674,32205
5537,674,32211
5538,675,32222
5539,675,32223
5540,675,32226
5541,675,32232
5542,675,32233
5543,675,32234
5544,675,32236
5545,676,32249
5546,676,32254
5547,676,32256
5548,676,32257
5549,676,32258
5550,676,32261
5551,676,32262
5552,676,32264
5553,677,32276
5554,677,32279
5555,677,32289
5556,677,32290
5557,677,32291
5558,677,32292
5559,677,32294
5560,677,32295
5561,678,32310
5562,678,32321
5563,678,32327
5564,678,32328
5565,678,32334
5566,678,32338
5567,678,32339
5568,678,32342
5569,678,32343
5570,679,32378
5571,679,32382
5572,679,32383
5573,679,32384
5574,679,32385
5575,679,32387
5576,679,32388
5577,680,32406
5578,680,32410
5579,680,32411
5580,680,32412
5581,680,32413
5582,680,32416
5583,680,32417
5584,681,32434
5585,681,32437
5586,681,32440
5587,681,32443
5588,681,32445
5589,681,32447
5590,681,32453
5591,681,32488
5592,682,32492
5593,682,32493
5594,682,32494
5595,682,32495
5596,682,32498
5597,682,32500
5598,682,32510
5599,682,32511
5600,682,32521
5601,682,32525
5602,682,32528
5603,683,32531
5604,683,32532
5605,683,32533
5606,683,32534
5607,683,32535
5608,683,32536
5609,683,32539
5610,683,32540
5611,683,32550
5612,683,32553
5613,683,32569
5614,684,32576
5615,684,32586
5616,684,32587
5617,684,32588
5618,684,32589
5619,684,32590
5620,684,32595
5621,685,32611
5622,685,32620
5623,685,32622
5624,686,32632
5625,686,32635
5626,686,32636
5627,686,32642
5628,686,32653
5629,687,32669
5630,687,32672
5631,687,32673
5632,687,32677
5633,687,32684
5634,688,32705
5635,688,32711
5636,688,32717
5637,688,32718
5638,688,32721
5639,688,32722
5640,688,32723
5641,689,32738
5642,689,32739
5643,689,32741
5644,689,32742
5645,689,32743
5646,689,32744
5647,689,32751
5648,690,32756
5649,690,32757
5650,690,32759
5651,690,32760
5652,690,32761
5653,690,32762
5654,690,32769
5655,691,32774
5656,691,32836
5657,691,32866
5658,691,32867
5659,692,32897
5660,692,32937
5661,692,32938
5662,692,32955
5663,692,32956
5664,692,32957
5665,692,32964
5666,692,32988
5667,692,32991
5668,693,33003
5669,693,33006
5670,693,33011
5671,693,33013
5672,693,33014
5673,693,33017
5674,693,33018
5675,693,33019
5676,693,33023
5677,693,33029
5678,693,33032
5679,693,33044
5680,694,33069
5681,694,33073
5682,694,33075
5683,694,33081
5684,694,33082
5685,694,33083
5686,694,33086
5687,694,33090
5688,694,33094
5689,694,33095
5690,694,33098
5691,695,33147
5692,695,33148
5693,695,33149
5694,695,33150
5695,695,33151
5696,695,33162
5697,695,33163
5698,695,33164
5699,695,33165
5700,695,33171
5701,695,33175
5702,695,33206
5703,696,33221
5704,696,33223
5705,696,33231
5706,696,33233
5707,696,33239
5708,696,33240
5709,696,33241
5710,696,33247
5711,696,33248
5712,696,33250
5713,696,33271
5714,696,33272
5715,697,33309
5716,697,33315
5717,697,33317
5718,697,33318
5719,697,33319
5720,697,33321
5721,697,33323
5722,697,33330
5723,697,33337
5724,698,33391
5725,698,33396
5726,698,33397
5727,698,33398
5728,698,33399
5729,698,33400
5730,698,33401
5731,698,33407
5732,698,33428
5733,698,33429
5734,698,33433
5735,699,33464
5736,699,33473
5737,699,33475
5738,699,33485
5739,699,33487
5740,699,33489
5741,699,33490
5742,700,33506
5743,700,33525
5744,700,33530
5745,700,33531
5746,700,33532
5747,700,33533
5748,700,33545
5749,700,33548
5750,700,33551
5751,701,33580
5752,701,33589
5753,701,33591
5754,701,33592
5755,702,33601
5756,702,33604
5757,702,33607
5758,702,33608
5759,702,33609
5760,702,33616
5761,702,33617
5762,702,33623
5763,702,33624
5764,702,33626
5765,702,33627
5766,702,33631
5767,702,33632
5768,703,33654
5769,703,33658
5770,703,33664
5771,703,33665
5772,703,33667
5773,703,33678
5774,703,33681
5775,703,33686
5776,703,33689
5777,703,33690
5778,703,33691
5779,704,33715
5780,704,33731
5781,704,33732
5782,704,33747
5783,704,33753
5784,704,33757
5785,704,33758
5786,704,33760
5787,704,33763
5788,705,33785
5789,705,33789
5790,705,33793
5791,705,33809
5792,705,33860
5793,705,33861
5794,705,33872
5795,705,33880
5796,705,33881
5797,706,33886
5798,706,33893
5799,706,33895
5800,706,33896
5801,706,33897
5802,706,33898
5803,706,33908
5804,707,33923
5805,707,33926
5806,708,34026
5807,708,34027
5808,708,34028
5809,708,34029
5810,708,34031
5811,708,34033
5812,708,34035
5813,708,34037
5814,708,34038
5815,708,34039
5816,708,34040
5817,708,34041
5818,708,34060
5819,708,34067
5820,708,34068
5821,709,34096
5822,709,34100
5823,709,34102
5824,709,34112
5825,709,34113
5826,709,34114
5827,709,34115
5828,709,34117
5829,709,34118
5830,710,34159
5831,710,34163
5832,710,34164
5833,710,34165
5834,710,34166
5835,710,34168
5836,710,34169
5837,711,34181
5838,711,34186
5839,711,34187
5840,711,34189
5841,711,34190
5842,711,34191
5843,711,34193
5844,711,34194
5845,712,34203
5846,712,34206
5847,712,34207
5848,712,34213
5849,712,34214
5850,712,34215
5851,712,34225
5852,712,34229
5853,712,34250
5854,712,34254
5855,713,34285
5856,713,34299
5857,713,34300
5858,713,34310
5859,713,34311
5860,713,34312
5861,713,34313
5862,713,34314
5863,713,34315
5864,713,34316
5865,713,34328
5866,713,34340
5867,713,34341
5868,713,34342
5869,713,34343
5870,713,34344
5871,713,34345
5872,713,34346
5873,713,34347
5874,713,34371
5875,713,34372
5876,713,34373
5877,713,34374
5878,713,34378
5879,713,34379
5880,713,34380
5881,713,34381
5882,713,34390
5883,713,34391
5884,713,34421
5885,713,34422
5886,714,34451
5887,714,34458
5888,714,34459
5889,714,34465
5890,714,34466
5891,714,34467
5892,714,34475
5893,714,34480
5894,714,34484
5895,714,34488
5896,714,34489
5897,715,34524
5898,715,34530
5899,715,34531
5900,715,34532
5901,715,34535
5902,715,34536
5903,716,34558
5904,716,34559
5905,716,34560
5906,716,34561
5907,716,34562
5908,716,34563
5909,716,34564
5910,716,34566
5911,716,34567
5912,716,34574
5913,717,34591
5914,717,34593
5915,717,34597
5916,717,34603
5917,717,34604
5918,717,34605
5919,717,34607
5920,717,34609
5921,717,34610
5922,717,34617
5923,717,34618
5924,718,34636
5925,718,34645
5926,718,34657
5927,718,34659
5928,718,34673
5929,718,34682
5930,718,34684
5931,718,34686
5932,718,34692
5933,718,34705
5934,718,34708
5935,718,34711
5936,718,34712
5937,718,34715
5938,718,34716
5939,718,34717
5940,718,34718
5941,718,34719
5942,718,34753
5943,718,34754
5944,719,34776
5945,719,34777
5946,719,34778
5947,719,34784
5948,719,34795
5949,719,34796
5950,719,34797
5951,719,34804
5952,720,34805
5953,720,34806
5954,720,34809
5955,720,34815
5956,720,34816
5957,720,34817
5958,720,34819
5959,721,34826
5960,721,34831
5961,721,34838
5962,721,34839
5963,721,34840
5964,721,34851
5965,721,34852
5966,721,34853
5967,721,34854
5968,721,34862
5969,721,34863
5970,722,34889
5971,722,34890
5972,722,34891
5973,722,34892
5974,722,34897
5975,722,34903
5976,722,34904
5977,723,34918
5978,723,34921
5979,723,34939
5980,723,34941
5981,723,34942
5982,723,34943
5983,723,34944
5984,723,34967
5985,724,34968
5986,724,34973
5987,724,34996
5988,724,35005
5989,724,35010
5990,724,35034
5991,725,35050
5992,725,35057
5993,725,35063
5994,726,35069
5995,726,35077
5996,726,35078
5997,726,35079
5998,726,35080
5999,726,35082
6000,726,35099
6001,726,35100
6002,727,35108
6003,727,35115
6004,727,35118
6005,727,35129
6006,727,35169
6007,727,35172
6008,727,35197
6009,727,35205
6010,728,35210
6011,728,35211
6012,728,35212
6013,728,35213
6014,728,35214
6015,728,35216
6016,728,35217
6017,728,35219
6018,728,35220
6019,728,35221
6020,728,35222
6021,728,35223
6022,728,35241
6023,728,35248
6024,728,35249
6025,729,35285
6026,729,35309
6027,729,35314
6028,729,35317
6029,730,35325
6030,730,35326
6031,730,35330
6032,730,35358
6033,730,35361
6034,731,35374
6035,731,35380
6036,731,35381
6037,731,35382
6038,731,35389
6039,731,35392
6040,732,35415
6041,732,35419
6042,732,35420
6043,732,35425
6044,732,35429
6045,732,35432
6046,732,35437
6047,732,35438
6048,732,35440
6049,732,35441
6050,732,35453
6051,732,35454
6052,732,35457
6053,732,35458
6054,733,35479
6055,733,35489
6056,733,35490
6057,733,35492
6058,734,35503
6059,734,35518
6060,734,35526
6061,734,35527
6062,734,35534
6063,734,35535
6064,734,35542
6065,734,35543
6066,734,35544
6067,734,35567
6068,734,35570
6069,734,35583
6070,735,35595
6071,735,35597
6072,735,35600
6073,735,35603
6074,735,35609
6075,735,35610
6076,735,35622
6077,736,35652
6078,736,35655
6079,736,35656
6080,736,35657
6081,736,35658
6082,736,35659
6083,736,35661
6084,736,35662
6085,736,35664
6086,736,35665
6087,736,35666
6088,736,35667
6089,736,35668
6090,736,35686
6091,736,35687
6092,736,35715
6093,737,35721
6094,737,35722
6095,737,35725
6096,737,35731
6097,737,35732
6098,737,35733
6099,737,35735
6100,737,35736
6101,738,35746
6102,738,35753
6103,738,35754
6104,738,35755
6105,738,35756
6106,738,35757
6107,738,35758
6108,738,35760
6109,738,35767
6110,739,35780
6111,739,35786
6112,739,35795
6113,739,35802
6114,739,35803
6115,739,35804
6116,739,35811
6117,739,35814
6118,739,35815
6119,740,35833
6120,740,35834
6121,740,35836
6122,740,35837
6123,740,35838
6124,740,35839
6125,740,35848
6126,741,35853
6127,741,35854
6128,741,35860
6129,741,35862
6130,741,35863
6131,741,35870
6132,741,35877
6133,741,35879
6134,742,35901
6135,742,35902
6136,742,35907
6137,742,35908
6138,742,35909
6139,742,35910
6140,742,35912
6141,742,35928
6142,742,35932
6143,743,35952
6144,743,35953
6145,743,35955
6146,743,35956
6147,743,35957
6148,743,35958
6149,743,35968
6150,744,35975
6151,744,35976
6152,744,35978
6153,744,35979
6154,744,35980
6155,744,35981
6156,744,35990
6157,745,35997
6158,745,35998
6159,745,36003
6160,745,36004
6161,745,36009
6162,745,36010
6163,745,36012
6164,745,36024
6165,746,36040
6166,746,36052
6167,746,36054
6168,746,36055
6169,746,36057
6170,746,36058
6171,746,36059
6172,746,36060
6173,747,36073
6174,747,36084
6175,747,36093
6176,747,36097
6177,747,36099
6178,747,36106
6179,747,36107
6180,747,36108
6181,747,36117
6182,748,36142
6183,748,36146
6184,748,36149
6185,748,36150
6186,748,36151
6187,748,36153
6188,748,36154
6189,748,36161
6190,748,36162
6191,748,36175
6192,749,36190
6193,749,36194
6194,749,36195
6195,749,36196
6196,749,36197
6197,749,36198
6198,749,36200
6199,749,36202
6200,749,36210
6201,749,36215
6202,750,36247
6203,750,36254
6204,750,36255
6205,750,36256
6206,750,36257
6207,750,36259
6208,750,36261
6209,751,36273
6210,751,36275
6211,751,36282
6212,751,36289
6213,751,36290
6214,751,36291
6215,751,36311
6216,751,36317
6217,751,36329
6218,752,36366
6219,752,36368
6220,752,36372
6221,752,36373
6222,752,36382
6223,752,36384
6224,752,36385
6225,753,36400
6226,753,36406
6227,753,36407
6228,754,36424
6229,754,36430
6230,754,36432
6231,754,36433
6232,754,36434
6233,754,36435
6234,754,36439
6235,754,36440
6236,754,36451
6237,754,36452
6238,755,36473
6239,755,36480
6240,755,36488
6241,756,36494
6242,756,36502
6243,756,36503
6244,756,36511
6245,756,36512
6246,756,36513
6247,756,36515
6248,756,36524
6249,756,36533
6250,757,36540
6251,757,36546
6252,757,36549
6253,757,36550
6254,757,36551
6255,757,36553
6256,757,36563
6257,757,36574
6258,757,36575
6259,758,36593
6260,758,36598
6261,758,36599
6262,758,36600
6263,758,36602
6264,759,36617
6265,759,36619
6266,759,36623
6267,759,36640
6268,759,36641
6269,760,36678
6270,760,36684
6271,760,36685
6272,760,36686
6273,760,36688
6274,760,36689
6275,760,36690
6276,760,36691
6277,761,36704
6278,761,36710
6279,761,36716
6280,761,36717
6281,761,36720
6282,761,36723
6283,761,36724
6284,761,36729
6285,761,36744
6286,762,36755
6287,762,36756
6288,762,36757
6289,762,36759
6290,762,36760
6291,762,36766
6292,762,36767
6293,762,36772
6294,762,36777
6295,762,36783
6296,762,36785
6297,763,36802
6298,763,36810
6299,763,36815
6300,763,36831
6301,763,36871
6302,763,36872
6303,763,36909
6304,763,36912
6305,764,36922
6306,764,36925
6307,764,36926
6308,764,36927
6309,764,36929
6310,764,36930
6311,764,36933
6312,764,36934
6313,764,36943
6314,764,36944
6315,764,36956
6316,764,36958
6317,764,36974
6318,765,36991
6319,765,36995
6320,765,36999
6321,765,37010
6322,765,37046
6323,765,37052
6324,765,37059
6325,766,37075
6326,766,37081
6327,766,37082
6328,766,37083
6329,766,37084
6330,766,37093
6331,767,37142
6332,767,37144
6333,767,37150
6334,767,37163
6335,768,37192
6336,768,37200
6337,768,37207
6338,768,37212
6339,768,37213
6340,768,37219
6341,768,37222
6342,768,37223
6343,768,37224
6344,768,37229
6345,768,37230
6346,769,37258
6347,769,37265
6348,769,37274
6349,769,37275
6350,769,37282
6351,769,37283
6352,769,37286
6353,769,37287
6354,769,37288
6355,769,37292
6356,769,37293
6357,770,37315
6358,770,37319
6359,770,37332
6360,770,37354
6361,770,37360
6362,771,37370
6363,771,37372
6364,771,37383
6365,771,37394
6366,771,37396
6367,771,37397
6368,771,37398
6369,771,37399
6370,771,37404
6371,772,37422
6372,772,37426
6373,772,37432
6374,772,37433
6375,772,37434
6376,772,37436
6377,772,37441
6378,773,37445
6379,773,37446
6380,773,37447
6381,773,37450
6382,773,37451
6383,773,37457
6384,773,37458
6385,773,37459
6386,773,37461
6387,773,37462
6388,774,37473
6389,774,37485
6390,774,37500
6391,774,37501
6392,774,37502
6393,774,37512
6394,774,37513
6395,775,37531
6396,775,37535
6397,775,37536
6398,775,37548
6399,775,37549
6400,775,37551
6401,775,37554
6402,776,37558
6403,776,37593
6404,776,37594
6405,776,37595
6406,776,37600
6407,776,37610
6408,776,37611
6409,776,37616
6410,776,37641
6411,776,37642
6412,776,37655
6413,776,37657
6414,777,37705
6415,777,37710
6416,777,37711
6417,777,37712
6418,777,37718
6419,777,37731
6420,777,37732
6421,778,37764
6422,778,37766
6423,778,37802
6424,778,37803
6425,778,37804
6426,778,37844
6427,778,37845
6428,779,37853
6429,779,37855
6430,779,37858
6431,779,37870
6432,779,37872
6433,779,37873
6434,779,37874
6435,779,37878
6436,779,37885
6437,779,37887
6438,780,37897
6439,780,37902
6440,780,37909
6441,780,37910
6442,780,37915
6443,780,37921
6444,780,37922
6445,780,37923
6446,780,37925
6447,780,37935
6448,780,37937
6449,781,37956
6450,781,37958
6451,781,37974
6452,781,37978
6453,781,37985
6454,781,37998
6455,781,38006
6456,782,38017
6457,782,38023
6458,782,38024
6459,782,38025
6460,782,38026
6461,782,38027
6462,782,38031
6463,782,38032
6464,782,38033
6465,783,38049
6466,783,38052
6467,783,38053
6468,783,38056
6469,783,38057
6470,783,38058
6471,784,38079
6472,784,38085
6473,784,38101
6474,784,38105
6475,784,38111
6476,784,38113
6477,784,38114
6478,784,38115
6479,785,38132
6480,785,38144
6481,785,38152
6482,785,38171
6483,785,38199
6484,785,38201
6485,785,38217
6486,785,38218
6487,786,38235
6488,786,38236
6489,786,38238
6490,786,38239
6491,786,38240
6492,786,38241
6493,786,38244
6494,787,38256
6495,787,38274
6496,787,38275
6497,787,38276
6498,787,38277
6499,787,38278
6500,787,38281
6501,788,38295
6502,788,38298
6503,788,38304
6504,788,38305
6505,788,38306
6506,788,38308
6507,788,38332
6508,788,38334
6509,788,38335
6510,788,38336
6511,788,38337
6512,789,38348
6513,789,38349
6514,789,38352
6515,789,38358
6516,789,38359
6517,789,38360
6518,789,38362
6519,790,38371
6520,790,38374
6521,790,38380
6522,790,38381
6523,790,38382
6524,790,38383
6525,790,38385
6526,790,38386
6527,790,38405
6528,790,38406
6529,791,38415
6530,791,38418
6531,791,38419
6532,791,38420
6533,791,38421
6534,791,38423
6535,791,38424
6536,792,38441
6537,792,38444
6538,792,38449
6539,792,38450
6540,792,38452
6541,792,38453
6542,792,38454
6543,792,38455
6544,792,38456
6545,792,38457
6546,793,38467
6547,793,38474
6548,793,38475
6549,793,38476
6550,793,38477
6551,793,38478
6552,793,38479
6553,793,38488
6554,793,38501
6555,794,38505
6556,794,38507
6557,794,38508
6558,794,38509
6559,794,38511
6560,794,38513
6561,794,38515
6562,795,38525
6563,795,38526
6564,795,38528
6565,795,38529
6566,795,38530
6567,795,38531
6568,795,38538
6569,796,38547
6570,796,38553
6571,796,38565
6572,796,38566
6573,796,38567
6574,796,38572
6575,796,38573
6576,796,38577
6577,796,38582
6578,796,38584
6579,797,38602
6580,797,38617
6581,797,38618
6582,797,38625
6583,797,38626
6584,797,38628
6585,797,38629
6586,797,38630
6587,797,38635
6588,797,38636
6589,798,38652
6590,798,38654
6591,798,38672
6592,798,38673
6593,798,38674
6594,798,38675
6595,798,38680
6596,798,38870
6597,798,38890
6598,798,38891
6599,798,38895
6600,798,38904
6601,798,38905
6602,798,38910
6603,798,38912
6604,798,38918
6605,798,38919
6606,798,38920
6607,798,38947
6608,799,38971
6609,799,38977
6610,799,38978
6611,799,39015
6612,799,39016
6613,800,39021
6614,800,39022
6615,800,39027
6616,800,39028
6617,800,39029
6618,800,39034
6619,800,39035
6620,800,39055
6621,801,39068
6622,801,39076
6623,801,39077
6624,801,39078
6625,801,39080
6626,801,39081
6627,801,39082
6628,802,39093
6629,802,39096
6630,802,39104
6631,802,39106
6632,802,39107
6633,802,39108
6634,802,39109
6635,802,39111
6636,802,39112
6637,802,39114
6638,802,39118
6639,803,39142
6640,803,39148
6641,803,39149
6642,803,39150
6643,803,39152
6644,803,39153
6645,804,39164
6646,804,39167
6647,804,39178
6648,804,39179
6649,804,39181
6650,804,39182
6651,804,39183
6652,804,39195
6653,804,39200
6654,805,39211
6655,805,39223
6656,805,39224
6657,805,39225
6658,805,39227
6659,805,39228
6660,806,39246
6661,806,39248
6662,806,39250
6663,806,39251
6664,806,39253
6665,806,39255
6666,807,39265
6667,807,39271
6668,807,39278
6669,807,39279
6670,807,39282
6671,807,39283
6672,807,39286
6673,807,39288
6674,807,39289
6675,807,39291
6676,807,39292
6677,807,39293
6678,807,39294
6679,807,39295
6680,807,39297
6681,807,39306
6682,807,39309
6683,807,39310
6684,808,39350
6685,808,39356
6686,808,39357
6687,808,39360
6688,808,39361
6689,808,39362
6690,808,39364
6691,808,39365
6692,808,39367
6693,808,39368
6694,808,39369
6695,808,39370
6696,808,39371
6697,808,39387
6698,808,39388
6699,809,39407
6700,809,39413
6701,809,39414
6702,809,39416
6703,809,39417
6704,809,39419
6705,809,39420
6706,810,39432
6707,810,39433
6708,810,39437
6709,810,39443
6710,810,39444
6711,810,39445
6712,810,39446
6713,811,39463
6714,811,39466
6715,811,39482
6716,811,39491
6717,811,39492
6718,811,39495
6719,811,39496
6720,811,39497
6721,811,39499
6722,811,39500
6723,812,39524
6724,812,39533
6725,812,39534
6726,813,39545
6727,813,39546
6728,813,39549
6729,813,39555
6730,813,39556
6731,813,39557
6732,813,39559
6733,814,39567
6734,814,39588
6735,814,39589
6736,814,39590
6737,814,39591
6738,814,39607
6739,814,39620
6740,814,39621
6741,815,39626
6742,815,39627
6743,815,39632
6744,815,39633
6745,815,39634
6746,815,39647
6747,816,39655
6748,816,39656
6749,816,39660
6750,816,39667
6751,816,39668
6752,816,39669
6753,816,39670
6754,817,39690
6755,817,39691
6756,817,39692
6757,817,39700
6758,817,39709
6759,817,39728
6760,818,39732
6761,818,39736
6762,818,39742
6763,818,39750
6764,818,39751
6765,818,39752
6766,818,39753
6767,818,39754
6768,818,39756
6769,818,39758
6770,818,39760
6771,818,39766
6772,818,39772
6773,819,39794
6774,819,39795
6775,819,39798
6776,819,39799
6777,819,39800
6778,819,39816
6779,819,39818
6780,819,39819
6781,819,39820
6782,819,39821
6783,819,39822
6784,819,39823
6785,819,39825
6786,819,39826
6787,819,39854
6788,820,39868
6789,820,39869
6790,820,39870
6791,820,39871
6792,820,39874
6793,820,39885
6794,821,39889
6795,821,39890
6796,821,39892
6797,821,39893
6798,821,39894
6799,821,39895
6800,821,39905
6801,822,39911
6802,822,39921
6803,822,39930
6804,822,39935
6805,822,39936
6806,822,39938
6807,822,39943
6808,822,39976
6809,823,39979
6810,823,39980
6811,823,39991
6812,823,39995
6813,823,40020
6814,823,40059
6815,824,40081
6816,824,40082
6817,824,40083
6818,824,40084
6819,824,40087
6820,824,40098
6821,825,40107
6822,825,40108
6823,825,40109
6824,825,40110
6825,825,40111
6826,825,40112
6827,825,40127
6828,825,40129
6829,826,40150
6830,826,40151
6831,826,40152
6832,826,40153
6833,826,40163
6834,826,40181
6835,827,40186
6836,827,40188
6837,827,40189
6838,827,40190
6839,827,40191
6840,827,40193
6841,827,40195
6842,827,40203
6843,827,40206
6844,827,40219
6845,827,40222
6846,828,40270
6847,828,40271
6848,828,40272
6849,828,40275
6850,828,40278
6851,828,40287
6852,828,40289
6853,828,40292
6854,828,40306
6855,828,40307
6856,828,40335
6857,828,40343
6858,829,40345
6859,829,40346
6860,829,40347
6861,829,40348
6862,829,40349
6863,829,40351
6864,829,40352
6865,829,40375
6866,830,40381
6867,830,40382
6868,830,40385
6869,830,40391
6870,830,40392
6871,830,40393
6872,830,40395
6873,831,40403
6874,831,40404
6875,831,40407
6876,831,40413
6877,831,40414
6878,831,40415
6879,831,40417
6880,832,40424
6881,833,40444
6882,833,40446
6883,833,40447
6884,833,40454
6885,833,40460
6886,833,40461
6887,833,40462
6888,834,40471
6889,834,40472
6890,834,40483
6891,834,40493
6892,835,40508
6893,835,40512
6894,835,40534
6895,835,40552
6896,835,40578
6897,835,40590
6898,836,40595
6899,836,40605
6900,836,40606
6901,836,40608
6902,836,40609
6903,836,40611
6904,836,40612
6905,837,40622
6906,837,40623
6907,837,40626
6908,837,40627
6909,837,40628
6910,837,40630
6911,837,40631
6912,837,40633
6913,837,40634
6914,837,40635
6915,837,40636
6916,837,40637
6917,837,40656
6918,837,40663
6919,837,40664
6920,838,40689
6921,838,40693
6922,838,40699
6923,838,40715
6924,839,40722
6925,839,40737
6926,839,40738
6927,839,40739
6928,839,40748
6929,839,40753
6930,839,40756
6931,839,40793
6932,839,40794
6933,840,40813
6934,840,40819
6935,840,40840
6936,840,40841
6937,840,40842
6938,840,40843
6939,840,40861
6940,840,40863
6941,840,40871
6942,840,40875
6943,841,40894
6944,841,40907
6945,841,40908
6946,841,40909
6947,841,40911
6948,841,40912
6949,841,40919
6950,842,40924
6951,842,40926
6952,842,40927
6953,842,40928
6954,842,40934
6955,842,40940
6956,842,40941
6957,843,40952
6958,843,40959
6959,843,40960
6960,843,40962
6961,843,40963
6962,843,40965
6963,843,40966
6964,843,40967
6965,844,40990
6966,844,40991
6967,844,40993
6968,844,40998
6969,844,41001
6970,845,41023
6971,845,41026
6972,845,41027
6973,845,41028
6974,845,41030
6975,845,41036
6976,845,41051
6977,845,41059
6978,845,41067
6979,845,41085
6980,845,41086
6981,846,41116
6982,846,41117
6983,846,41122
6984,846,41123
6985,846,41132
6986,846,41133
6987,846,41134
6988,846,41135
6989,847,41153
6990,847,41156
6991,847,41158
6992,847,41160
6993,847,41161
6994,847,41162
6995,847,41168
6996,847,41179
6997,848,41195
6998,848,41196
6999,848,41197
7000,848,41198
7001,848,41200
7002,848,41202
7003,848,41205
7004,848,41220
7005,849,41229
7006,849,41232
7007,849,41235
7008,849,41236
7009,849,41240
7010,849,41241
7011,849,41243
7012,849,41244
7013,849,41251
7014,849,41252
7015,849,41263
7016,850,41269
7017,850,41270
7018,850,41276
7019,850,41277
7020,850,41278
7021,850,41282
7022,850,41283
7023,850,41293
7024,851,41296
7025,851,41297
7026,851,41300
7027,851,41307
7028,851,41308
7029,851,41309
7030,851,41310
7031,852,41334
7032,852,41335
7033,852,41337
7034,852,41338
7035,852,41339
7036,852,41340
7037,852,41350
7038,853,41356
7039,853,41368
7040,853,41403
7041,854,41412
7042,854,41413
7043,854,41459
7044,854,41460
7045,854,41461
7046,855,41486
7047,855,41487
7048,855,41488
7049,855,41489
7050,855,41491
7051,855,41498
7052,855,41506
7053,855,41521
7054,855,41522
7055,856,41528
7056,856,41529
7057,856,41533
7058,856,41539
7059,856,41548
7060,857,41556
7061,857,41564
7062,857,41680
7063,858,41703
7064,858,41708
7065,858,41709
7066,858,41710
7067,858,41711
7068,858,41715
7069,858,41727
7070,858,41734
7071,859,41759
7072,859,41761
7073,859,41764
7074,859,41765
7075,859,41766
7076,859,41769
7077,859,41775
7078,859,41783
7079,859,41808
7080,859,41812
7081,859,41839
7082,860,41853
7083,860,41893
7084,860,41905
7085,860,41911
7086,860,41922
7087,860,41923
7088,860,41944
7089,861,41956
7090,861,41957
7091,861,41959
7092,861,41965
7093,861,41966
7094,861,41967
7095,861,41969
7096,861,41972
7097,861,41983
7098,862,41995
7099,862,41998
7100,862,42001
7101,862,42002
7102,862,42006
7103,862,42007
7104,862,42009
7105,862,42010
7106,862,42017
7107,862,42018
7108,862,42028
7109,863,42040
7110,863,42046
7111,863,42047
7112,863,42048
7113,863,42049
7114,863,42050
7115,863,42051
7116,863,42052
7117,863,42063
7118,863,42068
7119,863,42078
7120,863,42079
7121,863,42080
7122,863,42081
7123,863,42083
7124,863,42093
7125,863,42102
7126,863,42103
7127,863,42127
7128,863,42129
7129,863,42131
7130,863,42133
7131,863,42139
7132,863,42140
7133,863,42141
7134,863,42143
7135,863,42145
7136,863,42156
7137,863,42158
7138,863,42159
7139,863,42164
7140,864,42221
7141,864,42224
7142,864,42226
7143,864,42231
7144,864,42234
7145,864,42240
7146,864,42241
7147,864,42242
7148,864,42440
7149,864,42441
7150,864,42449
7151,864,42480
7152,865,42484
7153,865,42490
7154,865,42491
7155,865,42492
7156,865,42495
7157,865,42496
7158,865,42497
7159,865,42499
7160,865,42510
7161,866,42533
7162,866,42534
7163,866,42535
7164,866,42539
7165,866,42555
7166,866,42559
7167,866,42564
7168,866,42567
7169,867,42592
7170,867,42595
7171,867,42596
7172,867,42597
7173,867,42598
7174,867,42600
7175,867,42601
7176,868,42618
7177,868,42621
7178,868,42624
7179,868,42626
7180,868,42634
7181,869,42662
7182,869,42667
7183,869,42668
7184,869,42669
7185,869,42691
7186,870,42717
7187,870,42738
7188,871,42750
7189,871,42751
7190,871,42752
7191,871,42753
7192,871,42754
7193,871,42755
7194,871,42760
7195,871,42762
7196,872,42767
7197,872,42769
7198,872,42771
7199,872,42777
7200,872,42778
7201,872,42779
7202,872,42780
7203,873,42792
7204,873,42797
7205,873,42826
7206,873,42834
7207,873,42835
7208,873,42836
7209,873,42837
7210,873,42838
7211,873,42840
7212,873,42863
7213,874,42866
7214,874,42870
7215,874,42873
7216,874,42876
7217,874,42884
7218,874,42885
7219,874,42886
7220,874,42894
7221,874,42915
7222,874,42917
7223,875,42957
7224,875,42963
7225,875,42964
7226,875,42965
7227,875,42966
7228,875,42968
7229,875,42969
7230,875,42970
7231,876,42983
7232,876,42987
7233,876,42992
7234,876,42994
7235,876,42995
7236,876,42996
7237,876,42998
7238,876,42999
7239,877,43030
7240,877,43038
7241,877,43041
7242,878,43065
7243,878,43072
7244,878,43075
7245,878,43079
7246,878,43092
7247,878,43118
7248,878,43121
7249,878,43123
7250,879,43130
7251,879,43133
7252,879,43135
7253,880,43152
7254,880,43157
7255,880,43158
7256,880,43159
7257,880,43160
7258,880,43161
7259,880,43162
7260,880,43163
7261,880,43164
7262,880,43166
7263,880,43167
7264,880,43169
7265,881,43183
7266,881,43202
7267,882,43209
7268,882,43214
7269,882,43220
7270,882,43227
7271,883,43236
7272,883,43240
7273,883,43243
7274,883,43330
7275,883,43333
7276,884,43341
7277,884,43358
7278,884,43385
7279,884,43386
7280,884,43387
7281,884,43393
7282,885,43412
7283,885,43418
7284,885,43420
7285,885,43446
7286,886,43451
7287,886,43463
7288,886,43465
7289,886,43466
7290,886,43467
7291,886,43469
7292,886,43470
7293,887,43482
7294,887,43483
7295,887,43484
7296,887,43485
7297,887,43486
7298,887,43487
7299,887,43500
7300,887,43506
7301,887,43509
7302,887,43522
7303,888,43528
7304,888,43529
7305,888,43533
7306,888,43539
7307,888,43540
7308,888,43541
7309,888,43563
7310,888,43566
7311,889,43572
7312,889,43573
7313,889,43576
7314,889,43577
7315,889,43578
7316,889,43580
7317,889,43581
7318,889,43583
7319,889,43584
7320,889,43585
7321,889,43586
7322,889,43587
7323,889,43603
7324,889,43604
7325,889,43632
7326,890,43638
7327,890,43644
7328,890,43645
7329,890,43647
7330,890,43655
7331,890,43665
7332,890,43666
7333,890,43667
7334,890,43676
7335,890,43679
7336,891,43687
7337,891,43692
7338,891,43693
7339,891,43694
7340,891,43695
7341,891,43697
7342,891,43698
7343,891,43702
7344,891,43704
7345,891,43714
7346,891,43718
7347,891,43734
7348,892,43751
7349,892,43752
7350,892,43754
7351,892,43755
7352,892,43756
7353,892,43757
7354,892,43765
7355,893,43771
7356,893,43772
7357,893,43774
7358,893,43776
7359,893,43779
7360,893,43780
7361,893,43781
7362,893,43789
7363,894,43813
7364,894,43814
7365,894,43818
7366,894,43819
7367,894,43821
7368,894,43835
7369,894,43836
7370,894,43837
7371,894,43838
7372,894,43860
7373,895,43869
7374,895,43876
7375,895,43878
7376,896,43896
7377,896,43901
7378,896,43915
7379,896,43931
7380,896,43932
7381,896,43933
7382,897,43949
7383,897,43955
7384,897,43956
7385,897,43957
7386,897,43964
7387,898,43968
7388,898,43970
7389,898,43972
7390,898,43986
7391,898,43987
7392,898,43989
7393,898,43991
7394,898,43992
7395,898,43997
7396,898,43999
7397,898,44000
7398,898,44001
7399,898,44002
7400,898,44003
7401,898,44018
7402,898,44019
7403,899,44045
7404,899,44051
7405,899,44052
7406,899,44054
7407,899,44055
7408,899,44056
7409,899,44074
7410,899,44075
7411,900,44086
7412,900,44093
7413,900,44097
7414,901,44102
7415,901,44103
7416,901,44105
7417,901,44106
7418,901,44107
7419,901,44108
7420,901,44111
7421,901,44132
7422,901,44135
7423,902,44152
7424,902,44153
7425,902,44156
7426,903,44172
7427,903,44179
7428,903,44180
7429,903,44182
7430,903,44183
7431,903,44184
7432,903,44201
7433,903,44207
7434,904,44212
7435,904,44224
7436,904,44225
7437,904,44226
7438,905,44233
7439,905,44242
7440,905,44243
7441,905,44244
7442,905,44250
7443,906,44255
7444,906,44257
7445,906,44258
7446,906,44259
7447,906,44260
7448,906,44261
7449,906,44263
7450,906,44264
7451,906,44267
7452,906,44273
7453,907,44290
7454,907,44297
7455,907,44298
7456,907,44299
7457,907,44300
7458,907,44301
7459,907,44303
7460,907,44304
7461,907,44312
7462,908,44319
7463,908,44322
7464,908,44323
7465,908,44325
7466,908,44326
7467,908,44327
7468,908,44328
7469,909,44341
7470,909,44401
7471,909,44411
7472,909,44414
7473,909,44416
7474,910,44440
7475,910,44446
7476,910,44447
7477,910,44449
7478,910,44450
7479,910,44451
7480,910,44452
7481,911,44467
7482,911,44472
7483,911,44473
7484,911,44474
7485,911,44475
7486,911,44477
7487,911,44478
7488,912,44493
7489,912,44497
7490,912,44498
7491,912,44499
7492,912,44500
7493,912,44502
7494,912,44503
7495,913,44522
7496,913,44532
7497,913,44534
7498,913,44535
7499,913,44536
7500,913,44543
7501,913,44550
7502,913,44555
7503,913,44560
7504,913,44563
7505,914,44580
7506,914,44581
7507,914,44582
7508,914,44583
7509,914,44590
7510,914,44591
7511,914,44595
7512,915,44609
7513,915,44614
7514,915,44615
7515,915,44616
7516,915,44617
7517,915,44622
7518,915,44628
7519,915,44637
7520,916,44645
7521,916,44646
7522,916,44648
7523,916,44649
7524,916,44656
7525,916,44658
7526,916,44672
7527,917,44678
7528,917,44679
7529,917,44680
7530,917,44681
7531,917,44682
7532,917,44685
7533,917,44687
7534,917,44690
7535,917,44691
7536,918,44707
7537,918,44713
7538,918,44714
7539,918,44715
7540,918,44716
7541,918,44717
7542,918,44720
7543,918,44721
7544,919,44732
7545,919,44735
7546,919,44736
7547,919,44737
7548,919,44738
7549,919,44739
7550,919,44743
7551,919,44751
7552,920,44758
7553,920,44759
7554,920,44760
7555,920,44761
7556,920,44763
7557,920,44764
7558,920,44772
7559,920,44782
7560,920,44783
7561,920,44787
7562,921,44797
7563,921,44799
7564,921,44800
7565,921,44804
7566,921,44811
7567,921,44812
7568,921,44813
7569,921,44834
7570,921,44836
7571,921,44837
7572,922,44853
7573,922,44856
7574,922,44857
7575,922,44858
7576,922,44861
7577,922,44864
7578,922,44877
7579,922,44882
7580,922,44886
7581,922,44896
7582,923,44908
7583,923,44909
7584,923,44910
7585,923,44918
7586,923,44920
7587,923,44928
7588,923,44941
7589,923,44942
7590,924,44948
7591,924,44949
7592,924,44952
7593,924,44959
7594,924,44960
7595,924,44961
7596,924,44963
7597,924,44977
7598,924,44978
7599,925,44996
7600,925,44997
7601,925,44998
7602,925,45001
7603,925,45020
7604,925,45025
7605,925,45030
7606,925,45043
7607,925,45044
7608,926,45072
7609,926,45116
7610,926,45117
7611,926,45118
7612,926,45119
7613,927,45149
7614,927,45152
7615,927,45153
7616,927,45154
7617,927,45155
7618,927,45157
7619,927,45158
7620,928,45170
7621,928,45177
7622,928,45179
7623,928,45233
7624,928,45234
7625,928,45235
7626,928,45240
7627,929,45263
7628,929,45264
7629,929,45266
7630,929,45267
7631,929,45268
7632,929,45269
7633,929,45276
7634,930,45291
7635,930,45292
7636,930,45293
7637,930,45295
7638,930,45308
7639,931,45314
7640,931,45321
7641,931,45328
7642,931,45336
7643,931,45360
7644,931,45362
7645,931,45363
7646,931,45374
7647,931,45375
7648,931,45376
7649,931,45379
7650,931,45380
7651,932,45402
7652,932,45410
7653,932,45414
7654,932,45415
7655,932,45416
7656,932,45417
7657,932,45425
7658,932,45428
7659,933,45434
7660,933,45435
7661,933,45441
7662,933,45442
7663,933,45443
7664,933,45453
7665,933,45456
7666,934,45466
7667,934,45476
7668,934,45478
7669,934,45480
7670,934,45481
7671,934,45482
7672,935,45492
7673,935,45493
7674,935,45496
7675,935,45501
7676,935,45502
7677,935,45503
7678,935,45504
7679,935,45512
7680,935,45513
7681,935,45523
7682,936,45534
7683,936,45539
7684,936,45540
7685,936,45541
7686,936,45542
7687,936,45544
7688,936,45545
7689,936,45547
7690,936,45555
7691,937,45563
7692,937,45564
7693,937,45566
7694,937,45567
7695,937,45568
7696,937,45569
7697,937,45578
7698,938,45584
7699,938,45587
7700,938,45590
7701,938,45591
7702,938,45592
7703,938,45595
7704,938,45597
7705,938,45598
7706,938,45600
7707,938,45601
7708,938,45609
7709,938,45614
7710,939,45630
7711,939,45633
7712,939,45634
7713,939,45636
7714,939,45641
7715,940,45652
7716,940,45653
7717,940,45655
7718,940,45656
7719,940,45657
7720,940,45658
7721,940,45667
7722,940,45668
7723,941,45674
7724,941,45677
7725,941,45683
7726,941,45684
7727,941,45692
7728,941,45703
7729,941,45709
7730,941,45710
7731,941,45712
7732,941,45713
7733,941,45715
7734,941,45716
7735,942,45740
7736,942,45754
7737,942,45755
7738,942,45761
7739,942,45764
7740,942,45765
7741,942,45766
7742,942,45767
7743,942,45768
7744,942,45769
7745,942,45771
7746,943,45794
7747,943,45798
7748,943,45802
7749,943,45803
7750,943,45804
7751,943,45816
7752,943,45817
7753,943,45818
7754,944,45832
7755,944,45840
7756,944,45841
7757,944,45845
7758,944,45850
7759,944,45851
7760,944,45862
7761,944,45864
7762,944,45865
7763,945,45914
7764,945,45918
7765,945,45919
7766,945,45935
7767,945,45937
7768,945,45946
7769,945,45949
7770,945,45950
7771,945,45951
7772,945,45952
7773,945,45954
7774,945,45955
7775,946,45980
7776,946,46019
7777,946,46020
7778,946,46038
7779,946,46039
7780,946,46040
7781,946,46050
7782,946,46067
7783,946,46070
7784,947,46084
7785,947,46089
7786,947,46090
7787,947,46095
7788,947,46096
7789,947,46098
7790,947,46101
7791,947,46110
7792,947,46114
7793,948,46142
7794,948,46143
7795,948,46144
7796,948,46145
7797,948,46146
7798,948,46150
7799,948,46155
7800,948,46163
7801,948,46171
7802,948,46175
7803,948,46197
7804,949,46204
7805,949,46207
7806,949,46210
7807,949,46218
7808,949,46219
7809,949,46220
7810,949,46236
7811,950,46270
7812,950,46274
7813,950,46286
7814,951,46294
7815,951,46302
7816,951,46303
7817,951,46305
7818,951,46306
7819,951,46313
7820,951,46320
7821,951,46329
7822,951,46330
7823,951,46332
7824,952,46362
7825,952,46367
7826,952,46410
7827,952,46411
7828,952,46412
7829,952,46449
7830,952,46450
7831,952,46470
7832,953,46487
7833,953,46488
7834,953,46492
7835,953,46495
7836,954,46503
7837,955,46586
7838,955,46587
7839,955,46588
7840,955,46589
7841,955,46591
7842,955,46594
7843,955,46609
7844,955,46623
7845,955,46624
7846,955,46625
7847,955,46635
7848,956,46649
7849,956,46652
7850,956,46655
7851,956,46658
7852,956,46665
7853,957,46676
7854,957,46678
7855,957,46682
7856,957,46686
7857,957,46692
7858,957,46693
7859,957,46694
7860,957,46702
7861,957,46713
7862,957,46715
7863,957,46727
7864,957,46730
7865,957,46734
7866,958,46737
7867,958,46738
7868,958,46741
7869,958,46742
7870,958,46743
7871,958,46744
7872,958,46746
7873,958,46747
7874,958,46750
7875,958,46756
7876,958,46762
7877,959,46779
7878,959,46789
7879,959,46795
7880,959,46804
7881,959,46806
7882,959,46814
7883,959,46817
7884,959,46818
7885,959,46819
7886,959,46821
7887,959,46822
7888,960,46841
7889,960,46847
7890,960,46848
7891,960,46849
7892,960,46850
7893,960,46852
7894,960,46853
7895,961,46861
7896,961,46862
7897,961,46864
7898,961,46865
7899,961,46866
7900,961,46867
7901,961,46870
7902,962,46888
7903,962,46894
7904,962,46895
7905,962,46896
7906,962,46899
7907,962,46900
7908,963,46924
7909,963,46928
7910,963,46931
7911,963,46932
7912,963,46937
7913,963,46938
7914,963,46947
7915,963,46948
7916,963,46950
7917,963,46951
7918,963,46952
7919,963,46953
7920,964,46990
7921,964,46991
7922,964,46993
7923,964,46994
7924,964,46995
7925,964,46996
7926,964,47006
7927,965,47015
7928,965,47016
7929,965,47019
7930,965,47025
7931,965,47026
7932,965,47027
7933,965,47028
7934,965,47029
7935,965,47030
7936,965,47031
7937,965,47036
7938,965,47041
7939,965,47043
7940,965,47048
7941,965,47050
7942,965,47055
7943,965,47057
7944,965,47059
7945,965,47060
7946,965,47077
7947,965,47124
7948,966,47129
7949,966,47130
7950,966,47133
7951,966,47146
7952,966,47149
7953,966,47155
7954,966,47156
7955,967,47177
7956,967,47180
7957,967,47183
7958,967,47184
7959,967,47190
7960,967,47191
7961,967,47196
7962,967,47197
7963,967,47199
7964,967,47200
7965,967,47207
7966,967,47208
7967,968,47219
7968,968,47220
7969,968,47222
7970,968,47223
7971,968,47229
7972,968,47230
7973,968,47231
7974,968,47237
7975,968,47243
7976,968,47259
7977,968,47274
7978,969,47297
7979,969,47298
7980,969,47300
7981,969,47301
7982,969,47302
7983,969,47303
7984,969,47312
7985,970,47318
7986,970,47329
7987,970,47334
7988,970,47335
7989,970,47342
7990,970,47346
7991,970,47347
7992,970,47348
7993,970,47350
7994,970,47352
7995,971,47375
7996,971,47376
7997,971,47378
7998,971,47379
7999,971,47380
8000,971,47381
8001,971,47384
8002,971,47403
8003,971,47404
8004,971,47407
8005,971,47411
8006,972,47420
8007,972,47421
8008,972,47425
8009,972,47426
8010,972,47427
8011,972,47431
8012,973,47437
8013,973,47438
8014,973,47440
8015,973,47441
8016,973,47442
8017,973,47443
8018,973,47450
8019,974,47456
8020,974,47459
8021,974,47460
8022,974,47471
8023,975,47489
8024,975,47497
8025,975,47504
8026,975,47507
8027,975,47509
8028,976,47524
8029,976,47530
8030,976,47536
8031,976,47537
8032,976,47538
8033,976,47546
8034,976,47547
8035,976,47548
8036,977,47564
8037,977,47579
8038,977,47586
8039,977,47587
8040,977,47596
8041,977,47597
8042,977,47601
8043,977,47602
8044,978,47612
8045,978,47620
8046,978,47624
8047,979,47639
8048,979,47646
8049,979,47648
8050,979,47649
8051,979,47650
8052,980,47675
8053,980,47678
8054,980,47679
8055,980,47680
8056,980,47681
8057,980,47684
8058,980,47687
8059,980,47729
8060,980,47755
8061,980,47760
8062,981,47762
8063,981,47775
8064,981,47777
8065,981,47783
8066,981,47784
8067,981,47785
8068,981,47787
8069,981,47788
8070,981,47794
8071,981,47795
8072,981,47803
8073,981,47806
8074,981,47826
8075,982,47841
8076,982,47844
8077,982,47852
8078,982,47853
8079,982,47858
8080,982,47859
8081,982,47862
8082,982,47863
8083,982,47864
8084,983,47901
8085,983,47904
8086,983,47905
8087,983,47906
8088,983,47907
8089,983,47913
8090,983,47916
8091,983,47963
8092,983,47996
8093,983,48000
8094,984,48002
8095,984,48011
8096,984,48012
8097,984,48013
8098,984,48014
8099,984,48017
8100,984,48018
8101,984,48023
8102,984,48030
8103,984,48031
8104,984,48050
8105,985,48071
8106,985,48074
8107,985,48075
8108,985,48076
8109,985,48078
8110,985,48080
8111,985,48085
8112,985,48129
8113,985,48152
8114,985,48153
8115,986,48170
8116,986,48173
8117,986,48179
8118,986,48180
8119,986,48181
8120,986,48182
8121,986,48183
8122,986,48188
8123,986,48216
8124,987,48221
8125,987,48228
8126,987,48229
8127,987,48231
8128,987,48232
8129,987,48233
8130,987,48234
8131,988,48261
8132,988,48265
8133,988,48268
8134,988,48269
8135,988,48270
8136,988,48276
8137,988,48277
8138,988,48278
8139,988,48280
8140,988,48281
8141,988,48284
8142,988,48286
8143,989,48328
8144,989,48329
8145,989,48330
8146,989,48332
8147,989,48333
8148,989,48334
8149,989,48343
8150,990,48349
8151,990,48355
8152,990,48361
8153,990,48362
8154,990,48363
8155,990,48365
8156,990,48366
8157,990,48368
8158,990,48378
8159,990,48384
8160,990,48385
8161,991,48405
8162,991,48407
8163,991,48413
8164,991,48414
8165,991,48415
8166,991,48417
8167,991,48418
8168,991,48419
8169,991,48420
8170,992,48445
8171,992,48458
8172,992,48485
8173,992,48486
8174,992,48490
8175,992,48491
8176,992,48492
8177,992,48494
8178,992,48508
8179,993,48516
8180,993,48521
8181,993,48522
8182,993,48527
8183,993,48528
8184,993,48529
8185,993,48545
8186,994,48548
8187,994,48549
8188,994,48557
8189,994,48563
8190,994,48564
8191,994,48565
8192,994,48567
8193,994,48569
8194,994,48584
8195,995,48595
8196,995,48597
8197,995,48605
8198,995,48608
8199,995,48609
8200,995,48611
8201,995,48612
8202,995,48613
8203,996,48642
8204,996,48647
8205,996,48648
8206,996,48649
8207,996,48651
8208,996,48652
8209,996,48653
8210,996,48655
8211,996,48663
8212,997,48669
8213,997,48670
8214,997,48672
8215,997,48673
8216,997,48674
8217,997,48675
8218,997,48683
8219,998,48689
8220,998,48690
8221,998,48695
8222,998,48697
8223,998,48704
8224,998,48705
8225,998,48706
8226,998,48707
8227,998,48716
8228,998,48732
8229,998,48740
8230,999,48757
8231,999,48763
8232,999,48764
8233,999,48766
8234,999,48774
8235,999,48785
8236,999,48786
8237,999,48787
8238,999,48788
8239,999,48797
8240,999,48800
8241,1000,48806
8242,1000,48807
8243,1000,48810
8244,1000,48816
8245,1000,48817
8246,1000,48818
8247,1000,48820
8248,1001,48828
8249,1001,48831
8250,1001,48835
8251,1001,48837
8252,1001,48846
8253,1001,48847
8254,1001,48854
8255,1001,48855
8256,1001,48856
8257,1001,48857
8258,1001,48861
8259,1001,48862
8260,1001,48863
8261,1001,48864
8262,1001,48865
8263,1001,48866
8264,1001,48867
8265,1001,48879
8266,1002,48893
8267,1002,48899
8268,1002,48900
8269,1002,48904
8270,1002,48905
8271,1003,48918
8272,1003,48919
8273,1003,48939
8274,1003,48940
8275,1003,48941
8276,1003,48943
8277,1003,48944
8278,1004,48963
8279,1004,48973
8280,1005,48993
8281,1005,48999
8282,1005,49012
8283,1005,49021
8284,1005,49023
8285,1005,49024
8286,1005,49025
8287,1005,49027
8288,1005,49029
8289,1005,49049
8290,1006,49052
8291,1006,49054
8292,1006,49060
8293,1006,49061
8294,1006,49063
8295,1006,49065
8296,1006,49066
8297,1006,49067
8298,1006,49070
8299,1006,49084
8300,1006,49085
8301,1006,49088
8302,1006,49091
8303,1007,49098
8304,1007,49099
8305,1007,49100
8306,1007,49101
8307,1007,49102
8308,1007,49103
8309,1007,49104
8310,1007,49107
8311,1007,49114
8312,1007,49115
8313,1007,49116
8314,1007,49118
8315,1007,49131
8316,1008,49176
8317,1008,49177
8318,1008,49178
8319,1008,49187
8320,1008,49188
8321,1008,49189
8322,1008,49190
8323,1008,49213
8324,1008,49214
8325,1008,49215
8326,1008,49219
8327,1008,49220
8328,1008,49227
8329,1008,49231
8330,1008,49232
8331,1008,49243
8332,1008,49244
8333,1008,49245
8334,1009,49292
8335,1009,49294
8336,1009,49295
8337,1009,49297
8338,1009,49298
8339,1009,49299
8340,1009,49300
8341,1009,49302
8342,1009,49303
8343,1009,49304
8344,1010,49346
8345,1010,49353
8346,1010,49354
8347,1010,49355
8348,1010,49356
8349,1010,49358
8350,1010,49359
8351,1011,49379
8352,1011,49395
8353,1011,49396
8354,1011,49397
8355,1011,49400
8356,1011,49402
8357,1012,49430
8358,1012,49436
8359,1012,49437
8360,1012,49438
8361,1012,49439
8362,1013,49454
8363,1013,49455
8364,1013,49458
8365,1013,49459
8366,1013,49465
8367,1013,49466
8368,1013,49467
8369,1013,49469
8370,1014,49483
8371,1014,49488
8372,1014,49490
8373,1014,49491
8374,1014,49492
8375,1014,49494
8376,1014,49495
8377,1014,49511
8378,1014,49512
8379,1015,49524
8380,1015,49534
8381,1015,49535
8382,1015,49540
8383,1015,49546
8384,1015,49547
8385,1015,49548
8386,1015,49608
8387,1015,49639
8388,1016,49647
8389,1016,49653
8390,1016,49654
8391,1016,49655
8392,1016,49666
8393,1017,49673
8394,1017,49674
8395,1017,49675
8396,1017,49678
8397,1017,49680
8398,1017,49689
8399,1018,49696
8400,1018,49697
8401,1018,49698
8402,1018,49699
8403,1018,49708
8404,1018,49711
8405,1018,49713
8406,1019,49722
8407,1019,49733
8408,1019,49742
8409,1019,49743
8410,1019,49744
8411,1019,49745
8412,1019,49748
8413,1019,49754
8414,1020,49759
8415,1020,49760
8416,1020,49765
8417,1020,49771
8418,1020,49772
8419,1020,49773
8420,1020,49775
8421,1021,49783
8422,1021,49786
8423,1021,49799
8424,1021,49801
8425,1021,49802
8426,1021,49803
8427,1021,49804
8428,1021,49806
8429,1021,49807
8430,1021,49815
8431,1021,49820
8432,1022,49836
8433,1022,49842
8434,1022,49843
8435,1022,49844
8436,1022,49846
8437,1022,49857
8438,1023,49874
8439,1023,49890
8440,1023,49894
8441,1023,49902
8442,1023,49903
8443,1023,49904
8444,1023,49907
8445,1023,49908
8446,1024,49929
8447,1024,49930
8448,1024,49936
8449,1024,49944
8450,1024,49945
8451,1024,49946
8452,1024,49956
8453,1025,49961
8454,1025,49964
8455,1025,49967
8456,1025,49968
8457,1025,49974
8458,1025,49979
8459,1025,49980
8460,1025,49982
8461,1025,49983
8462,1025,49990
8463,1025,49991
8464,1026,50006
8465,1026,50007
8466,1026,50008
8467,1026,50017
8468,1026,50018
8469,1026,50024
8470,1026,50034
8471,1027,50041
8472,1027,50057
8473,1027,50058
8474,1027,50063
8475,1027,50064
8476,1027,50065
8477,1027,50066
8478,1027,50068
8479,1027,50070
8480,1027,50081
8481,1028,50096
8482,1028,50103
8483,1028,50104
8484,1028,50105
8485,1028,50106
8486,1028,50108
8487,1028,50117
8488,1028,50120
8489,1028,50125
8490,1028,50129
8491,1029,50150
8492,1029,50157
8493,1029,50166
8494,1029,50170
8495,1029,50171
8496,1029,50174
8497,1029,50175
8498,1029,50176
8499,1029,50180
8500,1029,50183
8501,1030,50214
8502,1030,50216
8503,1030,50250
8504,1030,50260
8505,1030,50261
8506,1030,50262
8507,1031,50317
8508,1031,50321
8509,1031,50322
8510,1031,50323
8511,1031,50326
8512,1031,50340
8513,1031,50342
8514,1031,50345
8515,1031,50346
8516,1032,50371
8517,1032,50375
8518,1032,50376
8519,1032,50377
8520,1032,50378
8521,1032,50380
8522,1032,50381
8523,1032,50383
8524,1033,50396
8525,1033,50403
8526,1033,50416
8527,1033,50428
8528,1033,50429
8529,1034,50435
8530,1034,50450
8531,1034,50451
8532,1034,50454
8533,1034,50457
8534,1034,50458
8535,1034,50459
8536,1034,50461
8537,1035,50492
8538,1035,50498
8539,1035,50516
8540,1035,50531
8541,1035,50539
8542,1035,50540
8543,1035,50541
8544,1036,50566
8545,1036,50574
8546,1036,50575
8547,1036,50576
8548,1036,50578
8549,1036,50584
8550,1036,50585
8551,1036,50608
8552,1037,50621
8553,1037,50623
8554,1037,50625
8555,1037,50633
8556,1038,50667
8557,1038,50674
8558,1038,50677
8559,1038,50686
8560,1038,50687
8561,1038,50688
8562,1038,50691
8563,1038,50738
8564,1039,50740
8565,1039,50742
8566,1039,50754
8567,1039,50761
8568,1039,50762
8569,1039,50763
8570,1039,50765
8571,1039,50766
8572,1039,50767
8573,1039,50769
8574,1039,50771
8575,1039,50773
8576,1039,50776
8577,1039,50779
8578,1039,50799
8579,1040,50806
8580,1040,50826
8581,1040,50830
8582,1040,50893
8583,1040,50894
8584,1040,50929
8585,1040,50932
8586,1040,50933
8587,1040,50934
8588,1041,50962
8589,1041,50970
8590,1041,50972
8591,1041,50973
8592,1041,50974
8593,1041,50975
8594,1041,50977
8595,1041,50980
8596,1041,50983
8597,1041,51005
8598,1042,51022
8599,1042,51025
8600,1042,51026
8601,1042,51027
8602,1042,51036
8603,1042,51041
8604,1042,51062
8605,1042,51065
8606,1042,51074
8607,1043,51107
8608,1043,51109
8609,1043,51113
8610,1043,51114
8611,1043,51115
8612,1043,51116
8613,1043,51119
8614,1043,51121
8615,1043,51143
8616,1044,51160
8617,1044,51163
8618,1044,51164
8619,1044,51165
8620,1044,51173
8621,1044,51179
8622,1044,51180
8623,1044,51188
8624,1045,51202
8625,1045,51206
8626,1045,51215
8627,1045,51229
8628,1045,51232
8629,1046,51264
8630,1046,51265
8631,1046,51266
8632,1046,51267
8633,1046,51272
8634,1046,51273
8635,1046,51284
8636,1046,51297
8637,1046,51298
8638,1047,51303
8639,1047,51304
8640,1047,51306
8641,1047,51307
8642,1047,51308
8643,1047,51309
8644,1047,51318
8645,1048,51326
8646,1048,51329
8647,1048,51330
8648,1048,51334
8649,1048,51339
8650,1048,51340
8651,1048,51342
8652,1048,51343
8653,1048,51351
8654,1048,51352
8655,1049,51362
8656,1049,51363
8657,1049,51365
8658,1049,51366
8659,1049,51367
8660,1049,51368
8661,1049,51377
8662,1050,51387
8663,1050,51389
8664,1050,51390
8665,1050,51410
8666,1050,51412
8667,1050,51423
8668,1050,51429
8669,1051,51446
8670,1051,51527
8671,1051,51529
8672,1051,51530
8673,1051,51531
8674,1051,51555
8675,1052,51566
8676,1052,51573
8677,1052,51579
8678,1052,51580
8679,1052,51582
8680,1052,51583
8681,1052,51584
8682,1052,51597
8683,1052,51600
8684,1053,51613
8685,1053,51616
8686,1053,51622
8687,1053,51624
8688,1053,51627
8689,1053,51629
8690,1053,51630
8691,1053,51631
8692,1054,51641
8693,1054,51642
8694,1054,51645
8695,1054,51651
8696,1054,51652
8697,1054,51653
8698,1054,51654
8699,1055,51664
8700,1055,51670
8701,1055,51673
8702,1055,51674
8703,1055,51675
8704,1055,51682
8705,1055,51688
8706,1056,51699
8707,1056,51700
8708,1056,51706
8709,1056,51711
8710,1056,51722
8711,1056,51725
8712,1056,51726
8713,1057,51753
8714,1057,51754
8715,1057,51756
8716,1057,51757
8717,1057,51758
8718,1057,51759
8719,1057,51762
8720,1058,51775
8721,1058,51781
8722,1058,51782
8723,1058,51783
8724,1058,51784
8725,1058,51785
8726,1058,51787
8727,1058,51790
8728,1058,51794
8729,1058,51815
8730,1059,51845
8731,1059,51895
8732,1059,51900
8733,1059,51901
8734,1059,51902
8735,1059,51904
8736,1059,51907
8737,1059,51908
8738,1059,51909
8739,1060,51958
8740,1060,51959
8741,1060,51962
8742,1060,51963
8743,1060,51964
8744,1060,51980
8745,1060,51986
8746,1060,51990
8747,1060,51996
8748,1060,51997
8749,1061,52032
8750,1061,52033
8751,1061,52034
8752,1061,52050
8753,1061,52054
8754,1061,52055
8755,1061,52061
8756,1062,52088
8757,1062,52094
8758,1062,52095
8759,1062,52097
8760,1062,52098
8761,1062,52099
8762,1063,52109
8763,1063,52110
8764,1063,52121
8765,1063,52122
8766,1063,52123
8767,1064,52131
8768,1064,52135
8769,1064,52148
8770,1064,52151
8771,1064,52152
8772,1064,52157
8773,1064,52160
8774,1064,52162
8775,1064,52163
8776,1064,52164
8777,1064,52165
8778,1065,52186
8779,1065,52190
8780,1065,52196
8781,1065,52197
8782,1065,52199
8783,1065,52200
8784,1065,52202
8785,1065,52204
8786,1065,52205
8787,1066,52236
8788,1066,52243
8789,1066,52244
8790,1066,52249
8791,1066,52261
8792,1066,52263
8793,1066,52264
8794,1067,52275
8795,1067,52276
8796,1067,52278
8797,1067,52279
8798,1067,52280
8799,1067,52281
8800,1067,52290
8801,1068,52313
8802,1068,52317
8803,1068,52322
8804,1068,52323
8805,1068,52333
8806,1068,52334
8807,1068,52335
8808,1069,52349
8809,1069,52351
8810,1069,52352
8811,1069,52353
8812,1069,52355
8813,1069,52362
8814,1070,52378
8815,1070,52380
8816,1070,52381
8817,1070,52382
8818,1070,52384
8819,1070,52386
8820,1071,52394
8821,1071,52397
8822,1071,52432
8823,1071,52433
8824,1071,52441
8825,1071,52443
8826,1071,52444
8827,1071,52445
8828,1071,52446
8829,1072,52468
8830,1072,52477
8831,1072,52478
8832,1072,52479
8833,1072,52481
8834,1072,52482
8835,1072,52491
8836,1072,52492
8837,1073,52498
8838,1073,52500
8839,1073,52504
8840,1073,52513
8841,1074,52519
8842,1074,52525
8843,1074,52527
8844,1074,52528
8845,1074,52529
8846,1074,52531
8847,1074,52536
8848,1074,52537
8849,1074,52558
8850,1075,52565
8851,1075,52572
8852,1075,52573
8853,1075,52574
8854,1075,52581
8855,1075,52586
8856,1075,52597
8857,1076,52615
8858,1076,52621
8859,1076,52631
8860,1076,52632
8861,1076,52633
8862,1076,52634
8863,1076,52635
8864,1077,52690
8865,1077,52691
8866,1077,52697
8867,1077,52698
8868,1077,52699
8869,1077,52700
8870,1077,52701
8871,1077,52705
8872,1077,52706
8873,1077,52707
8874,1078,52722
8875,1078,52728
8876,1078,52732
8877,1078,52748
8878,1078,52797
8879,1078,52808
8880,1079,52814
8881,1079,52822
8882,1079,52823
8883,1079,52826
8884,1079,52827
8885,1079,52828
8886,1079,52831
8887,1079,52840
8888,1079,52842
8889,1079,52851
8890,1079,52854
8891,1079,52855
8892,1079,52856
8893,1079,52857
8894,1079,52858
8895,1079,52860
8896,1079,52884
8897,1079,52885
8898,1080,52912
8899,1080,52918
8900,1080,52919
8901,1080,52922
8902,1080,52923
8903,1080,52925
8904,1080,52927
8905,1080,52928
8906,1080,52930
8907,1080,52931
8908,1080,52932
8909,1080,52933
8910,1080,52934
8911,1080,52935
8912,1080,52957
8913,1080,52958
8914,1081,52974
8915,1081,52981
8916,1081,52982
8917,1081,52983
8918,1081,52984
8919,1081,52987
8920,1081,52989
8921,1081,52990
8922,1081,52992
8923,1081,52993
8924,1081,52994
8925,1081,52995
8926,1081,52996
8927,1081,52997
8928,1081,53019
8929,1081,53020
8930,1082,53036
8931,1082,53042
8932,1082,53043
8933,1082,53046
8934,1082,53047
8935,1082,53048
8936,1082,53049
8937,1082,53051
8938,1082,53053
8939,1082,53055
8940,1082,53056
8941,1082,53057
8942,1082,53058
8943,1082,53059
8944,1082,53079
8945,1082,53080
8946,1083,53097
8947,1083,53098
8948,1083,53101
8949,1083,53102
8950,1083,53103
8951,1083,53105
8952,1083,53106
8953,1083,53108
8954,1083,53109
8955,1083,53110
8956,1083,53111
8957,1083,53112
8958,1083,53131
8959,1083,53132
8960,1083,53140
8961,1083,53141
8962,1084,53158
8963,1084,53159
8964,1084,53162
8965,1084,53163
8966,1084,53164
8967,1084,53166
8968,1084,53167
8969,1084,53169
8970,1084,53170
8971,1084,53171
8972,1084,53172
8973,1084,53173
8974,1084,53191
8975,1084,53192
8976,1084,53209
8977,1085,53215
8978,1085,53216
8979,1085,53221
8980,1085,53222
8981,1085,53223
8982,1085,53224
8983,1085,53226
8984,1085,53227
8985,1086,53238
8986,1086,53239
8987,1086,53240
8988,1086,53241
8989,1086,53242
8990,1086,53252
8991,1086,53256
8992,1086,53257
8993,1086,53258
8994,1086,53273
8995,1086,53274
8996,1086,53275
8997,1086,53290
8998,1086,53291
8999,1086,53299
9000,1087,53313
9001,1087,53315
9002,1087,53320
9003,1087,53329
9004,1087,53330
9005,1087,53331
9006,1087,53354
9007,1087,53361
9008,1087,53375
9009,1088,53398
9010,1088,53399
9011,1088,53400
9012,1088,53403
9013,1088,53416
9014,1088,53417
9015,1088,53418
9016,1088,53432
9017,1088,53448
9018,1089,53466
9019,1089,53488
9020,1089,53489
9021,1089,53490
9022,1089,53493
9023,1089,53497
9024,1089,53498
9025,1089,53502
9026,1090,53521
9027,1090,53522
9028,1090,53527
9029,1090,53528
9030,1090,53529
9031,1090,53530
9032,1090,53531
9033,1090,53533
9034,1090,53536
9035,1090,53557
9036,1091,53578
9037,1091,53586
9038,1091,53587
9039,1091,53588
9040,1091,53602
9041,1092,53609
9042,1092,53618
9043,1092,53629
9044,1093,53634
9045,1093,53637
9046,1093,53638
9047,1093,53639
9048,1094,53663
9049,1094,53678
9050,1095,53687
9051,1095,53688
9052,1095,53702
9053,1095,53706
9054,1095,53711
9055,1095,53712
9056,1095,53713
9057,1095,53715
9058,1096,53739
9059,1096,53742
9060,1096,53743
9061,1096,53744
9062,1097,53762
9063,1097,53764
9064,1097,53790
9065,1097,53791
9066,1097,53792
9067,1097,53794
9068,1097,53798
9069,1097,53800
9070,1097,53807
9071,1097,53814
9072,1097,53815
9073,1098,53836
9074,1098,53846
9075,1098,53848
9076,1098,53849
9077,1098,53850
9078,1098,53861
9079,1098,53873
9080,1098,53874
9081,1099,53881
9082,1099,53882
9083,1099,53885
9084,1100,53929
9085,1100,53937
9086,1100,53938
9087,1100,53946
9088,1100,53947
9089,1100,53948
9090,1100,53950
9091,1100,53952
9092,1101,53977
9093,1101,53978
9094,1101,53979
9095,1101,53980
9096,1101,53983
9097,1101,53984
9098,1102,53995
9099,1102,54018
9100,1102,54019
9101,1102,54031
9102,1102,54034
9103,1102,54035
9104,1102,54036
9105,1102,54038
9106,1102,54040
9107,1103,54069
9108,1103,54070
9109,1103,54071
9110,1103,54077
9111,1103,54083
9112,1103,54084
9113,1103,54086
9114,1103,54087
9115,1103,54089
9116,1104,54113
9117,1104,54115
9118,1104,54117
9119,1104,54118
9120,1104,54119
9121,1104,54135
9122,1105,54152
9123,1105,54154
9124,1105,54159
9125,1105,54160
9126,1105,54162
9127,1105,54163
9128,1105,54164
9129,1106,54177
9130,1106,54187
9131,1106,54188
9132,1106,54189
9133,1106,54191
9134,1107,54204
9135,1107,54205
9136,1107,54207
9137,1107,54208
9138,1107,54209
9139,1107,54210
9140,1107,54213
9141,1107,54215
9142,1108,54245
9143,1108,54250
9144,1108,54251
9145,1108,54253
9146,1108,54254
9147,1108,54261
9148,1108,54262
9149,1109,54291
9150,1109,54292
9151,1109,54293
9152,1109,54294
9153,1109,54295
9154,1109,54303
9155,1109,54311
9156,1109,54352
9157,1109,54396
9158,1109,54400
9159,1109,54410
9160,1110,54440
9161,1110,54445
9162,1110,54446
9163,1110,54448
9164,1110,54449
9165,1110,54451
9166,1110,54452
9167,1110,54457
9168,1110,54459
9169,1110,54463
9170,1110,54475
9171,1111,54493
9172,1111,54500
9173,1111,54510
9174,1111,54511
9175,1112,54530
9176,1112,54531
9177,1112,54545
9178,1112,54548
9179,1112,54553
9180,1112,54563
9181,1112,54566
9182,1113,54593
9183,1113,54594
9184,1113,54595
9185,1113,54596
9186,1113,54598
9187,1113,54599
9188,1113,54607
9189,1114,54619
9190,1114,54623
9191,1114,54624
9192,1114,54625
9193,1114,54627
9194,1114,54634
9195,1114,54638
9196,1115,54659
9197,1115,54661
9198,1115,54665
9199,1115,54667
9200,1115,54668
9201,1115,54669
9202,1115,54675
9203,1115,54685
9204,1116,54686
9205,1116,54687
9206,1116,54701
9207,1116,54704
9208,1116,54705
9209,1116,54706
9210,1117,54738
9211,1117,54743
9212,1117,54744
9213,1117,54745
9214,1117,54772
9215,1117,54812
9216,1118,54820
9217,1118,54826
9218,1118,54828
9219,1118,54829
9220,1118,54833
9221,1119,54843
9222,1119,54844
9223,1119,54845
9224,1119,54846
9225,1119,54847
9226,1119,54848
9227,1119,54873
9228,1119,54876
9229,1120,54887
9230,1120,54888
9231,1120,54901
9232,1121,54913
9233,1121,54918
9234,1121,54919
9235,1121,54920
9236,1121,54921
9237,1121,54922
9238,1121,54924
9239,1122,54942
9240,1122,54943
9241,1122,54945
9242,1122,54946
9243,1122,54947
9244,1122,54948
9245,1122,54957
9246,1123,54962
9247,1123,54963
9248,1123,54965
9249,1123,54966
9250,1123,54967
9251,1123,54968
9252,1123,54977
9253,1124,54988
9254,1124,55010
9255,1124,55011
9256,1124,55012
9257,1124,55013
9258,1124,55015
9259,1124,55029
9260,1124,55031
9261,1125,55043
9262,1125,55051
9263,1125,55057
9264,1125,55059
9265,1125,55060
9266,1125,55061
9267,1125,55062
9268,1126,55071
9269,1126,55073
9270,1126,55079
9271,1126,55081
9272,1126,55082
9273,1126,55083
9274,1127,55100
9275,1127,55101
9276,1127,55102
9277,1127,55103
9278,1127,55112
9279,1127,55117
9280,1128,55130
9281,1128,55131
9282,1128,55133
9283,1128,55134
9284,1128,55135
9285,1128,55140
9286,1128,55146
9287,1128,55148
9288,1129,55150
9289,1129,55152
9290,1129,55154
9291,1129,55160
9292,1129,55161
9293,1129,55165
9294,1129,55166
9295,1129,55168
9296,1130,55180
9297,1130,55186
9298,1130,55187
9299,1130,55188
9300,1130,55190
9301,1130,55192
9302,1130,55203
9303,1130,55213
9304,1131,55224
9305,1131,55230
9306,1131,55231
9307,1131,55233
9308,1131,55241
9309,1131,55257
9310,1131,55285
9311,1131,55288
9312,1132,55298
9313,1132,55299
9314,1132,55300
9315,1132,55301
9316,1132,55302
9317,1132,55304
9318,1132,55305
9319,1132,55308
9320,1132,55310
9321,1133,55318
9322,1133,55319
9323,1133,55321
9324,1133,55322
9325,1133,55323
9326,1133,55324
9327,1133,55332
9328,1134,55338
9329,1134,55339
9330,1134,55342
9331,1134,55343
9332,1134,55344
9333,1134,55345
9334,1134,55351
9335,1134,55360
9336,1134,55363
9337,1135,55380
9338,1135,55381
9339,1135,55383
9340,1135,55384
9341,1135,55386
9342,1135,55388
9343,1135,55389
9344,1135,55407
9345,1135,55414
9346,1135,55415
9347,1136,55423
9348,1136,55427
9349,1136,55431
9350,1136,55454
9351,1136,55505
9352,1136,55514
9353,1137,55519
9354,1137,55526
9355,1137,55532
9356,1137,55533
9357,1137,55534
9358,1137,55535
9359,1137,55556
9360,1137,55557
9361,1138,55569
9362,1138,55576
9363,1138,55577
9364,1138,55578
9365,1138,55580
9366,1138,55581
9367,1138,55582
9368,1138,55583
9369,1139,55600
9370,1139,55605
9371,1139,55610
9372,1139,55612
9373,1139,55613
9374,1139,55614
9375,1139,55616
9376,1139,55617
9377,1140,55636
9378,1140,55639
9379,1140,55640
9380,1140,55641
9381,1140,55648
9382,1140,55652
9383,1140,55653
9384,1140,55661
9385,1141,55678
9386,1141,55693
9387,1141,55694
9388,1141,55695
9389,1141,55696
9390,1141,55699
9391,1142,55716
9392,1142,55718
9393,1142,55719
9394,1142,55720
9395,1142,55721
9396,1142,55726
9397,1142,55738
9398,1142,55739
9399,1142,55740
9400,1142,55767
9401,1143,55775
9402,1143,55783
9403,1143,55785
9404,1143,55787
9405,1143,55788
9406,1143,55789
9407,1143,55790
9408,1143,55791
9409,1143,55798
9410,1144,55809
9411,1144,55812
9412,1144,55815
9413,1144,55816
9414,1144,55820
9415,1144,55828
9416,1144,55838
9417,1144,55839
9418,1144,55851
9419,1144,55852
9420,1144,55854
9421,1144,55855
9422,1145,55857
9423,1145,55865
9424,1145,55866
9425,1145,55867
9426,1145,55868
9427,1146,55876
9428,1146,55880
9429,1146,55881
9430,1146,55889
9431,1146,55890
9432,1146,55891
9433,1146,55893
9434,1146,55895
9435,1147,55914
9436,1147,55919
9437,1147,55920
9438,1147,55921
9439,1147,55924
9440,1147,55930
9441,1147,55931
9442,1147,55932
9443,1148,55955
9444,1148,55958
9445,1148,55959
9446,1148,55961
9447,1148,55992
9448,1148,55993
9449,1149,56009
9450,1149,56010
9451,1149,56012
9452,1149,56014
9453,1149,56015
9454,1149,56016
9455,1150,56042
9456,1150,56058
9457,1150,56059
9458,1150,56061
9459,1150,56063
9460,1150,56066
9461,1150,56067
9462,1150,56082
9463,1150,56084
9464,1150,56085
9465,1150,56087
9466,1150,56088
9467,1150,56095
9468,1150,56097
9469,1151,56128
9470,1151,56140
9471,1151,56141
9472,1151,56142
9473,1151,56143
9474,1151,56147
9475,1151,56148
9476,1151,56150
9477,1151,56151
9478,1152,56178
9479,1152,56186
9480,1152,56187
9481,1152,56188
9482,1152,56190
9483,1152,56199
9484,1153,56206
9485,1153,56208
9486,1153,56216
9487,1153,56220
9488,1153,56221
9489,1153,56222
9490,1153,56224
9491,1153,56225
9492,1153,56226
9493,1153,56227
9494,1153,56233
9495,1154,56248
9496,1154,56249
9497,1154,56252
9498,1154,56258
9499,1154,56259
9500,1154,56260
9501,1155,56272
9502,1155,56276
9503,1155,56295
9504,1155,56297
9505,1155,56300
9506,1155,56301
9507,1155,56302
9508,1155,56308
9509,1155,56327
9510,1156,56333
9511,1156,56335
9512,1156,56341
9513,1156,56345
9514,1157,56384
9515,1157,56385
9516,1157,56395
9517,1157,56400
9518,1157,56406
9519,1157,56407
9520,1157,56408
9521,1157,56409
9522,1158,56430
9523,1158,56437
9524,1158,56438
9525,1158,56439
9526,1158,56441
9527,1158,56442
9528,1158,56444
9529,1159,56455
9530,1159,56462
9531,1159,56464
9532,1159,56465
9533,1159,56466
9534,1159,56467
9535,1159,56468
9536,1160,56482
9537,1160,56489
9538,1160,56490
9539,1160,56491
9540,1160,56494
9541,1160,56514
9542,1161,56534
9543,1161,56535
9544,1161,56537
9545,1162,56545
9546,1162,56546
9547,1162,56547
9548,1162,56554
9549,1162,56561
9550,1162,56563
9551,1163,56576
9552,1163,56580
9553,1163,56586
9554,1163,56587
9555,1163,56588
9556,1163,56593
9557,1163,56604
9558,1163,56607
9559,1164,56611
9560,1164,56612
9561,1164,56613
9562,1164,56620
9563,1164,56625
9564,1164,56626
9565,1164,56628
9566,1164,56629
9567,1164,56630
9568,1164,56631
9569,1164,56632
9570,1164,56633
9571,1164,56637
9572,1164,56641
9573,1164,56663
9574,1164,56664
9575,1165,56692
9576,1166,56710
9577,1166,56711
9578,1166,56712
9579,1166,56713
9580,1166,56716
9581,1166,56717
9582,1166,56718
9583,1167,56744
9584,1167,56749
9585,1167,56750
9586,1167,56751
9587,1167,56753
9588,1167,56754
9589,1167,56756
9590,1167,56759
9591,1167,56780
9592,1167,56782
9593,1168,56784
9594,1168,56791
9595,1168,56792
9596,1168,56794
9597,1168,56802
9598,1168,56817
9599,1168,56836
9600,1168,56839
9601,1169,56845
9602,1169,56846
9603,1169,56848
9604,1169,56849
9605,1169,56850
9606,1169,56851
9607,1169,56858
9608,1170,56865
9609,1170,56871
9610,1170,56872
9611,1170,56873
9612,1170,56875
9613,1170,56877
9614,1170,56878
9615,1171,56893
9616,1171,56897
9617,1171,56901
9618,1171,56903
9619,1171,56904
9620,1171,56905
9621,1171,56915
9622,1171,56924
9623,1172,56930
9624,1172,56931
9625,1172,56933
9626,1172,56942
9627,1173,56954
9628,1173,56960
9629,1173,56981
9630,1173,56988
9631,1173,56989
9632,1173,56990
9633,1173,56991
9634,1174,57016
9635,1174,57022
9636,1174,57023
9637,1174,57025
9638,1174,57026
9639,1174,57027
9640,1174,57028
9641,1175,57051
9642,1175,57056
9643,1175,57058
9644,1175,57059
9645,1175,57060
9646,1175,57061
9647,1175,57062
9648,1175,57067
9649,1175,57084
9650,1176,57092
9651,1176,57153
9652,1176,57157
9653,1176,57162
9654,1176,57163
9655,1176,57164
9656,1176,57174
9657,1176,57181
9658,1176,57182
9659,1177,57197
9660,1177,57198
9661,1177,57199
9662,1177,57200
9663,1177,57202
9664,1177,57203
9665,1177,57204
9666,1177,57209
9667,1177,57212
9668,1177,57213
9669,1178,57253
9670,1178,57254
9671,1178,57255
9672,1178,57256
9673,1178,57257
9674,1178,57259
9675,1178,57261
9676,1178,57269
9677,1179,57280
9678,1179,57281
9679,1179,57282
9680,1179,57283
9681,1179,57286
9682,1179,57287
9683,1179,57288
9684,1179,57291
9685,1179,57292
9686,1179,57311
9687,1179,57312
9688,1179,57323
9689,1179,57334
9690,1179,57340
9691,1180,57357
9692,1180,57358
9693,1180,57360
9694,1180,57361
9695,1180,57362
9696,1180,57363
9697,1180,57366
9698,1181,57380
9699,1181,57383
9700,1181,57389
9701,1181,57390
9702,1181,57391
9703,1181,57393
9704,1181,57394
9705,1181,57398
9706,1181,57400
9707,1181,57441
9708,1181,57445
9709,1182,57447
9710,1182,57453
9711,1182,57459
9712,1182,57460
9713,1182,57461
9714,1182,57465
9715,1182,57479
9716,1182,57490
9717,1182,57491
9718,1182,57493
9719,1183,57516
9720,1183,57517
9721,1183,57520
9722,1183,57526
9723,1183,57527
9724,1183,57528
9725,1183,57530
9726,1184,57536
9727,1184,57548
9728,1184,57549
9729,1184,57550
9730,1184,57556
9731,1184,57557
9732,1185,57574
9733,1185,57584
9734,1185,57585
9735,1185,57586
9736,1185,57588
9737,1185,57594
9738,1185,57595
9739,1185,57596
9740,1185,57603
9741,1185,57605
9742,1185,57606
9743,1185,57607
9744,1185,57608
9745,1185,57609
9746,1185,57611
9747,1185,57638
9748,1185,57639
9749,1186,57663
9750,1186,57673
9751,1186,57686
9752,1186,57689
9753,1186,57692
9754,1186,57698
9755,1186,57702
9756,1186,57710
9757,1186,57717
9758,1186,57729
9759,1186,57732
9760,1186,57734
9761,1186,57737
9762,1186,57738
9763,1186,57739
9764,1186,57740
9765,1186,57744
9766,1186,57753
9767,1186,57755
9768,1186,57757
9769,1186,57760
9770,1187,57800
9771,1187,57806
9772,1187,57807
9773,1187,57809
9774,1187,57810
9775,1187,57812
9776,1187,57813
9777,1188,57823
9778,1188,57824
9779,1188,57827
9780,1188,57833
9781,1188,57881
9782,1188,57882
9783,1188,57884
9784,1188,57887
9785,1188,57888
9786,1188,57889
9787,1189,57900
9788,1189,57906
9789,1189,57907
9790,1189,57908
9791,1189,57910
9792,1189,57916
9793,1189,57919
9794,1190,57944
9795,1190,57958
9796,1190,57959
9797,1190,57965
9798,1190,57966
9799,1190,57967
9800,1190,57970
9801,1190,57972
9802,1190,57983
9803,1191,57995
9804,1191,57998
9805,1191,57999
9806,1191,58004
9807,1191,58008
9808,1191,58010
9809,1191,58011
9810,1191,58012
9811,1191,58013
9812,1191,58026
9813,1192,58029
9814,1192,58040
9815,1192,58041
9816,1192,58043
9817,1192,58045
9818,1192,58049
9819,1192,58054
9820,1192,58057
9821,1192,58061
9822,1192,58087
9823,1192,58088
9824,1193,58116
9825,1193,58127
9826,1193,58133
9827,1193,58134
9828,1193,58136
9829,1193,58137
9830,1193,58138
9831,1194,58153
9832,1194,58156
9833,1194,58157
9834,1194,58163
9835,1194,58164
9836,1194,58166
9837,1194,58167
9838,1194,58169
9839,1194,58170
9840,1194,58174
9841,1195,58184
9842,1195,58190
9843,1195,58191
9844,1195,58192
9845,1195,58195
9846,1195,58196
9847,1195,58197
9848,1195,58198
9849,1196,58218
9850,1196,58227
9851,1196,58228
9852,1196,58229
9853,1196,58231
9854,1196,58232
9855,1196,58233
9856,1196,58243
9857,1196,58248
9858,1196,58251
9859,1196,58253
9860,1197,58279
9861,1197,58293
9862,1197,58295
9863,1198,58307
9864,1198,58308
9865,1198,58310
9866,1198,58311
9867,1198,58312
9868,1198,58314
9869,1198,58319
9870,1199,58325
9871,1199,58331
9872,1199,58344
9873,1199,58370
9874,1199,58396
9875,1199,58397
9876,1199,58402
9877,1199,58403
9878,1199,58404
9879,1200,58406
9880,1200,58412
9881,1200,58413
9882,1200,58414
9883,1200,58416
9884,1200,58425
9885,1200,58432
9886,1201,58459
9887,1201,58460
9888,1201,58461
9889,1201,58462
9890,1201,58463
9891,1201,58465
9892,1201,58467
9893,1201,58473
9894,1202,58481
9895,1202,58484
9896,1202,58485
9897,1202,58489
9898,1202,58490
9899,1202,58492
9900,1202,58493
9901,1202,58500
9902,1202,58501
9903,1202,58509
9904,1202,58510
9905,1202,58514
9906,1203,58521
9907,1203,58525
9908,1203,58529
9909,1203,58545
9910,1203,58595
9911,1203,58596
9912,1203,58609
9913,1203,58619
9914,1204,58638
9915,1204,58651
9916,1204,58665
9917,1204,58667
9918,1204,58668
9919,1204,58669
9920,1204,58670
9921,1204,58677
9922,1204,58694
9923,1204,58705
9924,1204,58710
9925,1205,58733
9926,1205,58734
9927,1205,58743
9928,1205,58745
9929,1205,58746
9930,1205,58747
9931,1205,58752
9932,1205,58755
9933,1205,58779
9934,1205,58783
9935,1206,58798
9936,1206,58799
9937,1206,58801
9938,1206,58803
9939,1206,58805
9940,1206,58812
9941,1206,58813
9942,1206,58814
9943,1206,58815
9944,1206,58816
9945,1206,58832
9946,1207,58848
9947,1207,58849
9948,1207,58850
9949,1207,58854
9950,1207,58859
9951,1207,58888
9952,1207,58891
9953,1207,58900
9954,1208,58918
9955,1208,58923
9956,1208,58926
9957,1208,58941
9958,1209,58946
9959,1209,58949
9960,1209,58955
9961,1209,58956
9962,1209,58957
9963,1209,58966
9964,1209,58967
9965,1209,58968
9966,1209,58971
9967,1209,58972
9968,1210,59012
9969,1210,59016
9970,1210,59023
9971,1211,59056
9972,1211,59060
9973,1211,59062
9974,1211,59065
9975,1211,59073
9976,1211,59074
9977,1211,59075
9978,1211,59096
9979,1211,59097
9980,1212,59110
9981,1212,59111
9982,1212,59117
9983,1212,59134
9984,1212,59140
9985,1212,59141
9986,1212,59142
9987,1212,59147
9988,1212,59148
9989,1213,59170
9990,1213,59175
9991,1213,59177
9992,1213,59182
9993,1213,59184
9994,1213,59185
9995,1213,59186
9996,1213,59187
9997,1213,59189
9998,1214,59212
9999,1214,59217
10000,1214,59218
10001,1214,59220
10002,1214,59221
10003,1214,59222
10004,1214,59223
10005,1214,59232
10006,1215,59250
10007,1215,59251
10008,1215,59252
10009,1215,59254
10010,1215,59255
10011,1215,59256
10012,1215,59259
10013,1215,59267
10014,1215,59287
10015,1215,59288
10016,1215,59299
10017,1215,59301
10018,1216,59317
10019,1216,59324
10020,1216,59325
10021,1216,59326
10022,1216,59327
10023,1216,59329
10024,1216,59331
10025,1217,59352
10026,1217,59363
10027,1217,59405
10028,1217,59407
10029,1217,59408
10030,1217,59409
10031,1217,59441
10032,1217,59442
10033,1217,59457
10034,1218,59463
10035,1218,59466
10036,1218,59472
10037,1218,59479
10038,1218,59482
10039,1219,59486
10040,1219,59492
10041,1219,59493
10042,1219,59494
10043,1219,59497
10044,1219,59498
10045,1219,59499
10046,1220,59513
10047,1220,59519
10048,1220,59522
10049,1220,59532
10050,1220,59537
10051,1220,59542
10052,1220,59543
10053,1220,59544
10054,1220,59558
10055,1221,59572
10056,1221,59588
10057,1221,59595
10058,1221,59596
10059,1221,59597
10060,1222,59626
10061,1222,59627
10062,1222,59629
10063,1222,59630
10064,1222,59631
10065,1222,59632
10066,1222,59639
10067,1223,59664
10068,1223,59670
10069,1223,59711
10070,1223,59712
10071,1223,59716
10072,1223,59717
10073,1223,59718
10074,1223,59726
10075,1224,59754
10076,1224,59762
10077,1224,59763
10078,1224,59764
10079,1224,59765
10080,1225,59776
10081,1225,59778
10082,1225,59779
10083,1225,59786
10084,1225,59787
10085,1225,59789
10086,1225,59790
10087,1226,59819
10088,1226,59824
10089,1226,59825
10090,1226,59826
10091,1226,59827
10092,1226,59828
10093,1226,59831
10094,1226,59834
10095,1226,59836
10096,1226,59842
10097,1226,59843
10098,1226,59844
10099,1226,59869
10100,1226,59872
10101,1227,59903
10102,1227,59904
10103,1227,59907
10104,1227,59908
10105,1227,59909
10106,1227,59910
10107,1227,59912
10108,1227,59913
10109,1227,59917
10110,1228,59933
10111,1228,59939
10112,1228,59940
10113,1228,59941
10114,1228,59942
10115,1228,59945
10116,1228,59946
10117,1228,59947
10118,1229,59979
10119,1229,59981
10120,1229,59982
10121,1229,59983
10122,1229,60009
10123,1229,60010
10124,1229,60017
10125,1230,60046
10126,1230,60055
10127,1230,60061
10128,1230,60062
10129,1230,60063
10130,1230,60080
10131,1230,60081
10132,1230,60103
10133,1231,60115
10134,1231,60122
10135,1231,60123
10136,1231,60124
10137,1231,60126
10138,1231,60127
10139,1231,60131
10140,1231,60171
10141,1231,60172
10142,1232,60186
10143,1232,60197
10144,1232,60199
10145,1232,60209
10146,1232,60210
10147,1232,60211
10148,1232,60212
10149,1232,60223
10150,1232,60232
10151,1233,60240
10152,1233,60248
10153,1233,60253
10154,1234,60260
10155,1234,60269
10156,1234,60283
10157,1235,60289
10158,1235,60297
10159,1235,60298
10160,1235,60299
10161,1235,60301
10162,1235,60302
10163,1235,60304
10164,1236,60320
10165,1236,60323
10166,1236,60324
10167,1236,60339
10168,1237,60348
10169,1237,60355
10170,1237,60356
10171,1237,60357
10172,1237,60375
10173,1238,60383
10174,1238,60388
10175,1238,60390
10176,1238,60391
10177,1238,60392
10178,1238,60394
10179,1239,60419
10180,1239,60442
10181,1239,60450
10182,1239,60456
10183,1239,60457
10184,1239,60458
10185,1239,60460
10186,1239,60461
10187,1239,60462
10188,1239,60463
10189,1239,60471
10190,1239,60474
10191,1240,60494
10192,1240,60572
10193,1240,60602
10194,1240,60603
10195,1240,60605
10196,1240,60609
10197,1240,60610
10198,1240,60611
10199,1240,60612
10200,1240,60620
10201,1241,60640
10202,1241,60648
10203,1241,60650
10204,1241,60653
10205,1242,60666
10206,1242,60670
10207,1242,60675
10208,1242,60676
10209,1242,60678
10210,1242,60679
10211,1242,60681
10212,1242,60682
10213,1242,60683
10214,1243,60700
10215,1243,60706
10216,1243,60708
10217,1243,60709
10218,1243,60712
10219,1243,60713
10220,1244,60721
10221,1244,60722
10222,1244,60724
10223,1244,60725
10224,1244,60726
10225,1244,60727
10226,1244,60735
10227,1244,60739
10228,1244,60751
10229,1245,60757
10230,1245,60769
10231,1245,60774
10232,1245,60775
10233,1245,60778
10234,1245,60780
10235,1245,60788
10236,1245,60789
10237,1245,60790
10238,1245,60832
10239,1245,60838
10240,1245,60839
10241,1245,60857
10242,1245,60866
10243,1245,60870
10244,1245,60871
10245,1245,60872
10246,1245,60873
10247,1245,60874
10248,1245,60886
10249,1245,60889
10250,1245,60890
10251,1245,60893
10252,1246,60930
10253,1246,60932
10254,1246,60935
10255,1246,60936
10256,1246,60937
10257,1246,60943
10258,1246,60948
10259,1246,60960
10260,1246,60961
10261,1247,60998
10262,1247,60999
10263,1247,61002
10264,1247,61003
10265,1247,61004
10266,1247,61006
10267,1247,61007
10268,1247,61009
10269,1247,61010
10270,1247,61011
10271,1247,61012
10272,1247,61013
10273,1247,61027
10274,1247,61034
10275,1247,61035
10276,1248,61053
10277,1248,61059
10278,1248,61060
10279,1248,61062
10280,1248,61063
10281,1248,61064
10282,1248,61065
10283,1248,61087
10284,1248,61091
10285,1249,61103
10286,1249,61104
10287,1249,61110
10288,1249,61116
10289,1249,61118
10290,1249,61119
10291,1249,61122
10292,1249,61123
10293,1249,61124
10294,1249,61125
10295,1250,61139
10296,1250,61144
10297,1250,61145
10298,1250,61147
10299,1250,61148
10300,1250,61160
10301,1251,61171
10302,1251,61177
10303,1251,61180
10304,1251,61183
10305,1251,61184
10306,1252,61200
10307,1252,61201
10308,1252,61224
10309,1252,61226
10310,1252,61227
10311,1252,61228
10312,1252,61229
10313,1252,61231
10314,1252,61232
10315,1252,61233
10316,1253,61249
10317,1253,61261
10318,1253,61278
10319,1253,61280
10320,1253,61281
10321,1253,61282
10322,1253,61283
10323,1253,61285
10324,1253,61286
10325,1254,61305
10326,1254,61310
10327,1254,61312
10328,1254,61314
10329,1255,61326
10330,1255,61327
10331,1255,61328
10332,1255,61329
10333,1255,61333
10334,1255,61334
10335,1255,61335
10336,1255,61341
10337,1255,61346
10338,1256,61383
10339,1256,61389
10340,1256,61390
10341,1256,61393
10342,1256,61394
10343,1256,61395
10344,1256,61398
10345,1256,61421
10346,1256,61422
10347,1256,61423
10348,1257,61443
10349,1257,61444
10350,1257,61445
10351,1257,61446
10352,1257,61451
10353,1257,61452
10354,1257,61453
10355,1257,61454
10356,1257,61455
10357,1258,61483
10358,1258,61489
10359,1258,61490
10360,1258,61491
10361,1258,61492
10362,1258,61498
10363,1258,61502
10364,1258,61509
10365,1259,61527
10366,1259,61536
10367,1259,61539
10368,1259,61547
10369,1259,61549
10370,1259,61561
10371,1260,61570
10372,1260,61571
10373,1260,61574
10374,1260,61581
10375,1260,61582
10376,1260,61583
10377,1260,61585
10378,1261,61591
10379,1261,61592
10380,1261,61594
10381,1261,61596
10382,1261,61597
10383,1261,61602
10384,1261,61606
10385,1262,61621
10386,1262,61625
10387,1262,61631
10388,1262,61634
10389,1262,61635
10390,1262,61636
10391,1262,61638
10392,1262,61658
10393,1262,61659
10394,1263,61686
10395,1263,61687
10396,1263,61688
10397,1263,61695
10398,1263,61703
10399,1263,61707
10400,1263,61709
10401,1263,61712
10402,1264,61735
10403,1264,61736
10404,1264,61741
10405,1264,61742
10406,1264,61743
10407,1264,61744
10408,1264,61751
10409,1265,61762
10410,1265,61764
10411,1265,61770
10412,1265,61771
10413,1265,61774
10414,1265,61779
10415,1266,61788
10416,1266,61793
10417,1266,61799
10418,1266,61806
10419,1266,61808
10420,1267,61830
10421,1267,61832
10422,1267,61839
10423,1267,61840
10424,1267,61841
10425,1267,61842
10426,1267,61852
10427,1267,61854
10428,1267,61855
10429,1268,61869
10430,1268,61875
10431,1268,61876
10432,1268,61877
10433,1268,61878
10434,1268,61880
10435,1268,61885
10436,1268,61886
10437,1268,61890
10438,1268,61907
10439,1269,61916
10440,1269,61923
10441,1269,61927
10442,1269,61928
10443,1269,61930
10444,1270,61938
10445,1270,61947
10446,1270,61948
10447,1270,61949
10448,1270,61957
10449,1270,61958
10450,1270,61980
10451,1270,61981
10452,1270,61989
10453,1270,61992
10454,1271,61993
10455,1271,62001
10456,1271,62002
10457,1271,62003
10458,1271,62013
10459,1271,62026
10460,1271,62027
10461,1271,62029
10462,1272,62045
10463,1272,62051
10464,1272,62055
10465,1272,62056
10466,1272,62057
10467,1272,62065
10468,1272,62066
10469,1272,62072
10470,1272,62073
10471,1272,62085
10472,1273,62100
10473,1273,62102
10474,1273,62108
10475,1273,62122
10476,1273,62131
10477,1273,62132
10478,1273,62133
10479,1274,62153
10480,1274,62169
10481,1274,62171
10482,1274,62173
10483,1274,62174
10484,1274,62175
10485,1275,62180
10486,1275,62186
10487,1275,62197
10488,1275,62200
10489,1275,62204
10490,1275,62205
10491,1275,62206
10492,1275,62208
10493,1275,62209
10494,1275,62239
10495,1276,62243
10496,1276,62244
10497,1276,62245
10498,1276,62246
10499,1276,62249
10500,1276,62255
10501,1276,62256
10502,1276,62257
10503,1276,62259
10504,1277,62285
10505,1277,62286
10506,1277,62288
10507,1277,62289
10508,1277,62291
10509,1277,62292
10510,1277,62294
10511,1277,62296
10512,1277,62298
10513,1277,62301
10514,1277,62314
10515,1277,62318
10516,1278,62336
10517,1278,62371
10518,1278,62388
10519,1278,62389
10520,1278,62402
10521,1278,62403
10522,1278,62423
10523,1278,62424
10524,1279,62454
10525,1279,62455
10526,1279,62461
10527,1279,62462
10528,1279,62463
10529,1279,62464
10530,1279,62472
10531,1279,62482
10532,1279,62489
10533,1279,62493
10534,1279,62495
10535,1279,62496
10536,1280,62516
10537,1280,62523
10538,1280,62524
10539,1280,62526
10540,1280,62527
10541,1281,62543
10542,1281,62550
10543,1281,62551
10544,1281,62552
10545,1281,62554
10546,1281,62555
10547,1281,62556
10548,1282,62573
10549,1282,62579
10550,1282,62585
10551,1282,62586
10552,1282,62593
10553,1282,62606
10554,1282,62608
10555,1282,62610
10556,1282,62613
10557,1283,62637
10558,1283,62642
10559,1283,62645
10560,1283,62651
10561,1283,62652
10562,1283,62659
10563,1283,62660
10564,1283,62666
10565,1283,62668
10566,1283,62669
10567,1283,62672
10568,1283,62673
10569,1283,62677
10570,1283,62690
10571,1283,62705
10572,1283,62706
10573,1284,62730
10574,1284,62737
10575,1284,62738
10576,1284,62742
10577,1284,62743
10578,1284,62745
10579,1284,62746
10580,1285,62765
10581,1285,62782
10582,1285,62786
10583,1285,62790
10584,1285,62799
10585,1285,62814
10586,1285,62861
10587,1285,62862
10588,1286,62872
10589,1286,62873
10590,1286,62874
10591,1286,62876
10592,1286,62883
10593,1286,62884
10594,1286,62885
10595,1286,62886
10596,1286,62889
10597,1286,62891
10598,1286,62893
10599,1286,62896
10600,1286,62898
10601,1286,62899
10602,1286,62900
10603,1286,62901
10604,1286,62902
10605,1286,62922
10606,1286,62923
10607,1287,62972
10608,1287,62980
10609,1287,62990
10610,1287,62992
10611,1287,63005
10612,1287,63007
10613,1287,63009
10614,1287,63011
10615,1288,63014
10616,1288,63015
10617,1288,63021
10618,1288,63026
10619,1288,63084
10620,1288,63085
10621,1288,63086
10622,1288,63087
10623,1288,63094
10624,1288,63106
10625,1288,63108
10626,1288,63141
10627,1289,63153
10628,1289,63186
10629,1289,63187
10630,1289,63205
10631,1289,63206
10632,1289,63207
10633,1289,63218
10634,1289,63237
10635,1289,63240
10636,1290,63253
10637,1290,63256
10638,1290,63261
10639,1290,63262
10640,1290,63266
10641,1290,63267
10642,1290,63268
10643,1290,63271
10644,1290,63274
10645,1290,63275
10646,1291,63303
10647,1291,63306
10648,1291,63307
10649,1291,63310
10650,1291,63311
10651,1291,63312
10652,1291,63313
10653,1291,63320
10654,1291,63328
10655,1291,63335
10656,1292,63353
10657,1292,63354
10658,1292,63357
10659,1292,63358
10660,1292,63360
10661,1292,63361
10662,1292,63367
10663,1292,63370
10664,1292,63382
10665,1293,63399
10666,1293,63402
10667,1293,63404
10668,1293,63405
10669,1293,63406
10670,1293,63407
10671,1293,63408
10672,1293,63409
10673,1294,63423
10674,1294,63424
10675,1294,63425
10676,1294,63426
10677,1294,63428
10678,1294,63429
10679,1294,63432
10680,1294,63441
10681,1294,63458
10682,1294,63459
10683,1295,63467
10684,1295,63471
10685,1295,63472
10686,1295,63477
10687,1295,63478
10688,1295,63483
10689,1295,63484
10690,1295,63485
10691,1295,63486
10692,1295,63488
10693,1295,63489
10694,1295,63490
10695,1296,63522
10696,1296,63526
10697,1296,63530
10698,1296,63540
10699,1296,63572
10700,1296,63584
10701,1297,63594
10702,1297,63597
10703,1297,63600
10704,1297,63602
10705,1297,63603
10706,1297,63604
10707,1297,63605
10708,1297,63612
10709,1298,63633
10710,1298,63634
10711,1298,63635
10712,1298,63636
10713,1298,63639
10714,1298,63641
10715,1298,63650
10716,1299,63656
10717,1299,63659
10718,1299,63661
10719,1299,63666
10720,1299,63667
10721,1299,63668
10722,1299,63670
10723,1299,63677
10724,1300,63700
10725,1300,63702
10726,1300,63708
10727,1300,63709
10728,1300,63710
10729,1300,63711
10730,1300,63712
10731,1300,63718
10732,1300,63719
10733,1300,63720
10734,1300,63736
10735,1300,63737
10736,1300,63740
10737,1301,63750
10738,1301,63757
10739,1301,63763
10740,1301,63764
10741,1301,63770
10742,1301,63773
10743,1301,63782
10744,1301,63783
10745,1301,63784
10746,1301,63785
10747,1301,63786
10748,1302,63806
10749,1302,63820
10750,1302,63822
10751,1302,63823
10752,1302,63832
10753,1302,63833
10754,1302,63834
10755,1302,63847
10756,1302,63848
10757,1302,63854
10758,1302,63855
10759,1303,63881
10760,1303,63884
10761,1303,63890
10762,1303,63891
10763,1303,63892
10764,1303,63894
10765,1303,63895
10766,1303,63899
10767,1303,63900
10768,1303,63901
10769,1303,63902
10770,1303,63920
10771,1303,63929
10772,1303,63931
10773,1303,63933
10774,1304,63934
10775,1304,63940
10776,1304,63941
10777,1304,63942
10778,1304,63943
10779,1304,63944
10780,1304,63946
10781,1304,63957
10782,1305,63969
10783,1305,63971
10784,1305,63976
10785,1305,63978
10786,1306,63984
10787,1306,63992
10788,1306,64000
10789,1306,64001
10790,1306,64002
10791,1306,64004
10792,1306,64013
10793,1306,64014
10794,1306,64020
10795,1306,64021
10796,1307,64046
10797,1307,64047
10798,1307,64048
10799,1307,64049
10800,1307,64050
10801,1307,64053
10802,1307,64062
10803,1307,64064
10804,1308,64070
10805,1308,64071
10806,1308,64073
10807,1309,64087
10808,1309,64091
10809,1309,64095
10810,1309,64111
10811,1309,64148
10812,1309,64157
10813,1310,64161
10814,1310,64165
10815,1310,64166
10816,1310,64167
10817,1310,64168
10818,1310,64170
10819,1310,64171
10820,1310,64172
10821,1311,64185
10822,1311,64186
10823,1311,64189
10824,1311,64195
10825,1311,64196
10826,1311,64197
10827,1311,64198
10828,1311,64206
10829,1312,64214
10830,1312,64219
10831,1312,64220
10832,1312,64221
10833,1312,64222
10834,1312,64223
10835,1312,64225
10836,1312,64227
10837,1312,64233
10838,1313,64250
10839,1313,64251
10840,1313,64253
10841,1313,64254
10842,1313,64256
10843,1313,64257
10844,1313,64258
10845,1313,64260
10846,1313,64265
10847,1314,64274
10848,1314,64279
10849,1314,64280
10850,1314,64281
10851,1314,64282
10852,1314,64284
10853,1314,64285
10854,1314,64286
10855,1314,64287
10856,1315,64295
10857,1315,64299
10858,1315,64302
10859,1315,64303
10860,1315,64305
10861,1315,64306
10862,1315,64307
10863,1315,64308
10864,1315,64309
10865,1315,64310
10866,1315,64313
10867,1315,64325
10868,1316,64334
10869,1316,64337
10870,1316,64342
10871,1316,64357
10872,1316,64360
10873,1316,64362
10874,1316,64363
10875,1316,64368
10876,1316,64369
10877,1316,64370
10878,1317,64412
10879,1317,64418
10880,1317,64419
10881,1317,64420
10882,1317,64426
10883,1317,64429
10884,1318,64455
10885,1318,64457
10886,1318,64490
10887,1318,64491
10888,1318,64492
10889,1318,64499
10890,1319,64513
10891,1319,64516
10892,1319,64519
10893,1319,64522
10894,1319,64525
10895,1319,64530
10896,1319,64531
10897,1319,64533
10898,1319,64534
10899,1319,64535
10900,1319,64536
10901,1320,64552
10902,1320,64553
10903,1320,64555
10904,1320,64556
10905,1320,64557
10906,1320,64559
10907,1320,64562
10908,1320,64585
10909,1320,64586
10910,1321,64604
10911,1321,64605
10912,1321,64608
10913,1321,64616
10914,1321,64617
10915,1321,64618
10916,1321,64621
10917,1321,64629
10918,1321,64630
10919,1322,64633
10920,1322,64635
10921,1322,64636
10922,1322,64637
10923,1322,64646
10924,1322,64663
10925,1323,64675
10926,1323,64678
10927,1323,64680
10928,1323,64681
10929,1323,64683
10930,1323,64705
10931,1323,64777
10932,1324,64778
10933,1324,64780
10934,1324,64785
10935,1324,64800
10936,1324,64802
10937,1324,64803
10938,1324,64804
10939,1325,64819
10940,1325,64824
10941,1325,64830
10942,1325,64840
10943,1325,64842
10944,1325,64843
10945,1325,64845
10946,1325,64846
10947,1325,64847
10948,1326,64871
10949,1326,64887
10950,1326,64891
10951,1326,64895
10952,1326,64907
10953,1326,64908
10954,1326,64909
10955,1326,64910
10956,1326,64933
10957,1327,64955
10958,1327,64970
10959,1327,64971
10960,1327,64972
10961,1327,64975
10962,1327,64979
10963,1327,64980
10964,1327,64983
10965,1328,65008
10966,1328,65013
10967,1328,65014
10968,1328,65018
10969,1328,65019
10970,1328,65020
10971,1328,65023
10972,1328,65024
10973,1329,65035
10974,1329,65041
10975,1329,65043
10976,1329,65044
10977,1329,65045
10978,1329,65046
10979,1329,65048
10980,1329,65054
10981,1329,65056
10982,1329,65061
10983,1329,65062
10984,1330,65083
10985,1330,65084
10986,1330,65088
10987,1330,65091
10988,1330,65097
10989,1330,65098
10990,1330,65099
10991,1330,65101
10992,1331,65112
10993,1331,65113
10994,1331,65115
10995,1331,65118
10996,1331,65124
10997,1331,65125
10998,1331,65126
10999,1331,65127
11000,1332,65135
11001,1332,65136
11002,1332,65139
11003,1332,65145
11004,1332,65146
11005,1332,65147
11006,1332,65148
11007,1333,65156
11008,1333,65157
11009,1333,65160
11010,1333,65166
11011,1333,65167
11012,1333,65168
11013,1333,65170
11014,1334,65177
11015,1334,65183
11016,1334,65184
11017,1334,65186
11018,1334,65187
11019,1334,65188
11020,1334,65189
11021,1335,65200
11022,1335,65201
11023,1335,65208
11024,1335,65209
11025,1335,65210
11026,1335,65211
11027,1335,65217
11028,1335,65218
11029,1335,65229
11030,1336,65256
11031,1336,65258
11032,1336,65261
11033,1336,65262
11034,1336,65263
11035,1336,65264
11036,1336,65266
11037,1336,65270
11038,1336,65272
11039,1336,65283
11040,1336,65286
11041,1337,65294
11042,1337,65302
11043,1337,65303
11044,1337,65305
11045,1337,65306
11046,1337,65307
11047,1337,65313
11048,1337,65317
11049,1337,65330
11050,1337,65331
11051,1338,65360
11052,1338,65361
11053,1338,65364
11054,1338,65370
11055,1338,65371
11056,1338,65372
11057,1338,65374
11058,1339,65389
11059,1339,65395
11060,1339,65397
11061,1339,65398
11062,1339,65399
11063,1339,65403
11064,1339,65420
11065,1340,65421
11066,1340,65423
11067,1340,65424
11068,1340,65426
11069,1340,65445
11070,1341,65452
11071,1341,65458
11072,1341,65459
11073,1342,65473
11074,1342,65478
11075,1342,65479
11076,1342,65480
11077,1342,65481
11078,1342,65482
11079,1342,65497
11080,1342,65508
11081,1342,65512
11082,1342,65513
11083,1342,65514
11084,1343,65533
11085,1343,65535
11086,1343,65537
11087,1343,65542
11088,1343,65545
11089,1343,65547
11090,1343,65548
11091,1343,65549
11092,1343,65551
11093,1343,65567
11094,1343,65568
11095,1344,65580
11096,1344,65587
11097,1344,65588
11098,1344,65589
11099,1344,65590
11100,1344,65591
11101,1344,65595
11102,1344,65596
11103,1344,65598
11104,1345,65610
11105,1345,65614
11106,1345,65625
11107,1345,65628
11108,1345,65633
11109,1345,65634
11110,1345,65635
11111,1345,65637
11112,1345,65638
11113,1345,65640
11114,1346,65658
11115,1346,65659
11116,1346,65661
11117,1346,65662
11118,1346,65663
11119,1346,65664
11120,1346,65674
11121,1347,65689
11122,1347,65693
11123,1347,65696
11124,1347,65709
11125,1347,65710
11126,1347,65719
11127,1347,65720
11128,1347,65750
11129,1348,65754
11130,1348,65758
11131,1348,65763
11132,1348,65787
11133,1348,65790
11134,1348,65793
11135,1348,65794
11136,1348,65795
11137,1348,65800
11138,1348,65890
11139,1348,65891
11140,1348,65895
11141,1348,65896
11142,1348,65919
11143,1348,65920
11144,1348,65921
11145,1348,65922
11146,1348,65923
11147,1348,65924
11148,1348,65934
11149,1348,65935
11150,1348,65940
11151,1348,65942
11152,1348,65970
11153,1349,66017
11154,1349,66024
11155,1349,66026
11156,1349,66027
11157,1349,66028
11158,1349,66033
11159,1349,66037
11160,1349,66046
11161,1349,66047
11162,1349,66051
11163,1349,66052
11164,1349,66056
11165,1350,66078
11166,1350,66084
11167,1350,66085
11168,1350,66086
11169,1350,66089
11170,1350,66090
11171,1351,66100
11172,1351,66101
11173,1351,66106
11174,1351,66107
11175,1351,66109
11176,1351,66110
11177,1351,66111
11178,1351,66112
11179,1352,66121
11180,1352,66123
11181,1352,66124
11182,1352,66126
11183,1352,66127
11184,1353,66146
11185,1353,66147
11186,1353,66149
11187,1353,66150
11188,1353,66151
11189,1353,66152
11190,1353,66161
11191,1354,66175
11192,1354,66178
11193,1354,66185
11194,1354,66186
11195,1354,66187
11196,1354,66189
11197,1354,66190
11198,1354,66191
11199,1354,66211
11200,1354,66212
11201,1355,66220
11202,1355,66229
11203,1355,66238
11204,1355,66239
11205,1355,66240
11206,1355,66242
11207,1355,66243
11208,1356,66254
11209,1356,66263
11210,1356,66267
11211,1356,66268
11212,1356,66269
11213,1356,66273
11214,1356,66274
11215,1357,66290
11216,1357,66295
11217,1357,66301
11218,1357,66302
11219,1357,66303
11220,1357,66304
11221,1357,66306
11222,1357,66310
11223,1357,66346
11224,1357,66351
11225,1357,66352
11226,1358,66374
11227,1358,66378
11228,1358,66385
11229,1358,66386
11230,1358,66387
11231,1358,66388
11232,1358,66389
11233,1358,66390
11234,1359,66405
11235,1359,66413
11236,1359,66414
11237,1359,66415
11238,1359,66416
11239,1359,66418
11240,1359,66419
11241,1360,66427
11242,1360,66429
11243,1360,66431
11244,1360,66433
11245,1360,66434
11246,1360,66436
11247,1360,66437
11248,1361,66456
11249,1361,66462
11250,1361,66463
11251,1361,66466
11252,1361,66472
11253,1361,66473
11254,1361,66480
11255,1361,66481
11256,1361,66482
11257,1361,66483
11258,1362,66507
11259,1362,66512
11260,1362,66519
11261,1362,66520
11262,1362,66521
11263,1362,66522
11264,1362,66524
11265,1362,66525
11266,1362,66526
11267,1362,66527
11268,1363,66538
11269,1363,66541
11270,1363,66544
11271,1363,66545
11272,1363,66560
11273,1363,66561
11274,1363,66568
11275,1363,66569
11276,1363,66570
11277,1364,66597
11278,1364,66602
11279,1364,66603
11280,1364,66606
11281,1364,66608
11282,1364,66609
11283,1365,66617
11284,1365,66618
11285,1365,66620
11286,1365,66622
11287,1366,66638
11288,1366,66643
11289,1366,66645
11290,1366,66658
11291,1366,66670
11292,1366,66673
11293,1366,66674
11294,1366,66684
11295,1366,66685
11296,1367,66688
11297,1367,66694
11298,1367,66695
11299,1367,66697
11300,1367,66705
11301,1367,66725
11302,1367,66752
11303,1367,66755
11304,1367,66767
11305,1367,66770
11306,1368,66779
11307,1368,66782
11308,1368,66784
11309,1368,66785
11310,1368,66791
11311,1368,66792
11312,1368,66793
11313,1368,66794
11314,1368,66800
11315,1368,66801
11316,1368,66802
11317,1368,66804
11318,1368,66805
11319,1368,66806
11320,1368,66807
11321,1368,66808
11322,1368,66811
11323,1368,66812
11324,1369,66839
11325,1369,66844
11326,1369,66854
11327,1369,66855
11328,1370,66869
11329,1370,66872
11330,1370,66882
11331,1370,66883
11332,1370,66884
11333,1370,66903
11334,1370,66904
11335,1371,66909
11336,1371,66916
11337,1371,66917
11338,1371,66919
11339,1371,66927
11340,1371,66958
11341,1371,66980
11342,1371,67024
11343,1371,67027
11344,1372,67032
11345,1372,67034
11346,1372,67035
11347,1372,67036
11348,1372,67037
11349,1372,67040
11350,1372,67059
11351,1372,67062
11352,1373,67069
11353,1373,67075
11354,1373,67076
11355,1373,67078
11356,1373,67086
11357,1373,67108
11358,1373,67137
11359,1373,67140
11360,1373,67154
11361,1374,67158
11362,1374,67159
11363,1374,67165
11364,1374,67173
11365,1374,67174
11366,1374,67177
11367,1374,67178
11368,1374,67179
11369,1374,67193
11370,1374,67195
11371,1374,67196
11372,1374,67197
11373,1374,67198
11374,1374,67199
11375,1374,67200
11376,1375,67223
11377,1375,67227
11378,1375,67233
11379,1375,67235
11380,1375,67236
11381,1375,67237
11382,1375,67238
11383,1375,67239
11384,1376,67250
11385,1376,67251
11386,1376,67254
11387,1376,67261
11388,1376,67262
11389,1376,67263
11390,1376,67264
11391,1377,67273
11392,1377,67277
11393,1377,67278
11394,1377,67285
11395,1377,67287
11396,1377,67296
11397,1378,67315
11398,1378,67335
11399,1378,67342
11400,1378,67345
11401,1378,67347
11402,1378,67348
11403,1378,67349
11404,1378,67356
11405,1379,67380
11406,1379,67383
11407,1379,67386
11408,1379,67398
11409,1379,67399
11410,1380,67413
11411,1380,67420
11412,1380,67426
11413,1380,67427
11414,1381,67438
11415,1381,67439
11416,1381,67443
11417,1381,67445
11418,1381,67446
11419,1381,67447
11420,1381,67448
11421,1381,67456
11422,1381,67465
11423,1382,67472
11424,1382,67477
11425,1382,67484
11426,1382,67497
11427,1382,67498
11428,1382,67499
11429,1382,67508
11430,1382,67509
11431,1382,67513
11432,1382,67515
11433,1382,67523
11434,1383,67542
11435,1383,67543
11436,1383,67544
11437,1383,67567
11438,1383,67568
11439,1383,67572
11440,1384,67603
11441,1384,67604
11442,1384,67605
11443,1384,67606
11444,1384,67607
11445,1384,67609
11446,1384,67614
11447,1384,67619
11448,1384,67620
11449,1385,67638
11450,1385,67646
11451,1385,67651
11452,1385,67652
11453,1385,67653
11454,1385,67656
11455,1386,67670
11456,1386,67671
11457,1386,67672
11458,1386,67673
11459,1386,67682
11460,1386,67684
11461,1386,67687
11462,1387,67699
11463,1387,67705
11464,1387,67706
11465,1387,67707
11466,1387,67708
11467,1387,67710
11468,1387,67712
11469,1388,67726
11470,1388,67727
11471,1388,67730
11472,1388,67737
11473,1388,67738
11474,1388,67739
11475,1388,67740
11476,1389,67750
11477,1389,67754
11478,1389,67756
11479,1389,67760
11480,1389,67763
11481,1389,67764
11482,1389,67765
11483,1389,67791
11484,1389,67797
11485,1390,67809
11486,1390,67810
11487,1390,67812
11488,1390,67813
11489,1390,67814
11490,1390,67815
11491,1390,67822
11492,1390,67825
11493,1391,67831
11494,1391,67835
11495,1391,67836
11496,1391,67837
11497,1391,67838
11498,1391,67839
11499,1391,67841
11500,1391,67849
11501,1392,67858
11502,1392,67859
11503,1392,67861
11504,1392,67862
11505,1392,67868
11506,1393,67880
11507,1393,67885
11508,1393,67886
11509,1393,67889
11510,1393,67896
11511,1394,67900
11512,1394,67904
11513,1394,67906
11514,1394,67907
11515,1394,67909
11516,1394,67910
11517,1394,67911
11518,1394,67914
11519,1395,67943
11520,1395,67948
11521,1395,67949
11522,1395,67950
11523,1395,67952
11524,1395,67957
11525,1395,67962
11526,1396,67988
11527,1396,67989
11528,1396,67990
11529,1396,67997
11530,1396,67998
11531,1396,68006
11532,1396,68010
11533,1397,68034
11534,1397,68046
11535,1397,68049
11536,1397,68052
11537,1397,68053
11538,1397,68054
11539,1397,68055
11540,1397,68056
11541,1397,68057
11542,1397,68058
11543,1397,68062
11544,1397,68063
11545,1397,68064
11546,1397,68069
11547,1397,68075
11548,1397,68089
11549,1397,68091
11550,1397,68096
11551,1397,68097
11552,1397,68098
11553,1397,68099
11554,1397,68101
11555,1397,68111
11556,1397,68113
11557,1397,68115
11558,1397,68119
11559,1398,68164
11560,1398,68165
11561,1398,68168
11562,1398,68169
11563,1398,68171
11564,1398,68173
11565,1398,68174
11566,1398,68176
11567,1398,68177
11568,1398,68178
11569,1398,68179
11570,1398,68180
11571,1398,68199
11572,1398,68206
11573,1398,68207
11574,1399,68238
11575,1399,68245
11576,1399,68247
11577,1399,68248
11578,1399,68249
11579,1399,68250
11580,1399,68254
11581,1399,68256
11582,1399,68258
11583,1399,68260
11584,1399,68261
11585,1399,68262
11586,1399,68263
11587,1399,68264
11588,1399,68283
11589,1399,68284
11590,1400,68312
11591,1400,68325
11592,1400,68326
11593,1400,68327
11594,1400,68331
11595,1400,68332
11596,1400,68333
11597,1400,68334
11598,1401,68354
11599,1401,68360
11600,1401,68362
11601,1401,68363
11602,1401,68365
11603,1401,68370
11604,1401,68372
11605,1401,68373
11606,1402,68385
11607,1402,68386
11608,1402,68397
11609,1402,68403
11610,1402,68404
11611,1402,68405
11612,1402,68406
11613,1402,68419
11614,1402,68420
11615,1402,68424
11616,1402,68425
11617,1403,68440
11618,1403,68444
11619,1403,68446
11620,1403,68458
11621,1403,68477
11622,1403,68485
11623,1403,68487
11624,1403,68489
11625,1403,68490
11626,1403,68491
11627,1404,68515
11628,1404,68520
11629,1404,68521
11630,1404,68523
11631,1404,68524
11632,1404,68526
11633,1404,68527
11634,1404,68528
11635,1405,68538
11636,1405,68542
11637,1405,68551
11638,1405,68552
11639,1405,68553
11640,1405,68554
11641,1405,68555
11642,1405,68556
11643,1405,68559
11644,1405,68560
11645,1406,68574
11646,1406,68575
11647,1406,68576
11648,1406,68578
11649,1406,68586
11650,1406,68589
11651,1406,68591
11652,1406,68601
11653,1407,68628
11654,1407,68631
11655,1407,68634
11656,1407,68637
11657,1407,68639
11658,1407,68640
11659,1407,68642
11660,1407,68643
11661,1407,68644
11662,1407,68645
11663,1407,68661
11664,1408,68666
11665,1408,68670
11666,1408,68671
11667,1408,68673
11668,1408,68674
11669,1408,68675
11670,1408,68676
11671,1409,68688
11672,1409,68703
11673,1409,68711
11674,1409,68715
11675,1409,68722
11676,1409,68730
11677,1409,68731
11678,1409,68732
11679,1409,68733
11680,1409,68736
11681,1409,68805
11682,1409,68806
11683,1409,68827
11684,1409,68830
11685,1409,68831
11686,1409,68835
11687,1409,68846
11688,1409,68847
11689,1409,68848
11690,1409,68849
11691,1409,68852
11692,1409,68863
11693,1409,68869
11694,1409,68871
11695,1409,68872
11696,1410,68912
11697,1410,68918
11698,1410,68920
11699,1410,68921
11700,1410,68923
11701,1410,68924
11702,1410,68926
11703,1410,68927
11704,1410,68939
11705,1411,68946
11706,1411,68947
11707,1411,68948
11708,1411,68949
11709,1411,68957
11710,1411,68960
11711,1411,68961
11712,1412,68977
11713,1412,68983
11714,1412,68984
11715,1412,68987
11716,1412,68988
11717,1412,68989
11718,1412,68990
11719,1412,68992
11720,1412,68999
11721,1412,69003
11722,1412,69004
11723,1412,69005
11724,1412,69006
11725,1412,69007
11726,1412,69008
11727,1412,69030
11728,1412,69031
11729,1413,69047
11730,1413,69052
11731,1413,69053
11732,1413,69055
11733,1413,69056
11734,1413,69057
11735,1413,69058
11736,1414,69071
11737,1414,69077
11738,1414,69078
11739,1414,69079
11740,1414,69080
11741,1414,69087
11742,1414,69089
11743,1414,69093
11744,1414,69094
11745,1414,69095
11746,1414,69096
11747,1414,69097
11748,1414,69098
11749,1414,69117
11750,1414,69118
11751,1415,69152
11752,1415,69194
11753,1415,69209
11754,1415,69212
11755,1415,69219
11756,1415,69228
11757,1416,69259
11758,1416,69263
11759,1416,69265
11760,1416,69266
11761,1416,69269
11762,1416,69278
11763,1416,69305
11764,1417,69311
11765,1417,69312
11766,1417,69313
11767,1417,69314
11768,1417,69315
11769,1417,69317
11770,1417,69319
11771,1417,69327
11772,1418,69333
11773,1418,69334
11774,1418,69335
11775,1418,69336
11776,1418,69337
11777,1418,69346
11778,1419,69353
11779,1419,69355
11780,1419,69360
11781,1419,69361
11782,1419,69362
11783,1419,69363
11784,1419,69372
11785,1419,69378
11786,1419,69393
11787,1419,69394
11788,1420,69399
11789,1420,69406
11790,1420,69410
11791,1420,69416
11792,1420,69418
11793,1421,69427
11794,1421,69428
11795,1421,69430
11796,1421,69431
11797,1421,69432
11798,1421,69433
11799,1421,69441
11800,1422,69447
11801,1422,69450
11802,1422,69452
11803,1422,69453
11804,1422,69477
11805,1423,69485
11806,1423,69491
11807,1423,69492
11808,1423,69494
11809,1423,69495
11810,1423,69496
11811,1423,69497
11812,1424,69509
11813,1424,69515
11814,1424,69517
11815,1424,69519
11816,1424,69521
11817,1424,69522
11818,1424,69523
11819,1425,69538
11820,1425,69544
11821,1425,69545
11822,1425,69547
11823,1425,69548
11824,1425,69549
11825,1425,69550
11826,1426,69560
11827,1426,69565
11828,1426,69566
11829,1426,69567
11830,1426,69568
11831,1426,69569
11832,1426,69574
11833,1426,69575
11834,1427,69604
11835,1427,69605
11836,1427,69606
11837,1427,69614
11838,1427,69615
11839,1427,69616
11840,1427,69629
11841,1428,69650
11842,1428,69656
11843,1428,69657
11844,1428,69659
11845,1428,69660
11846,1429,69675
11847,1429,69681
11848,1429,69682
11849,1429,69683
11850,1429,69685
11851,1429,69686
11852,1429,69688
11853,1429,69705
11854,1429,69706
11855,1429,69710
11856,1430,69712
11857,1430,69713
11858,1430,69715
11859,1430,69716
11860,1430,69717
11861,1430,69718
11862,1430,69721
11863,1431,69738
11864,1431,69740
11865,1431,69741
11866,1431,69742
11867,1431,69743
11868,1431,69744
11869,1431,69745
11870,1431,69752
11871,1432,69758
11872,1432,69759
11873,1432,69761
11874,1432,69762
11875,1432,69763
11876,1432,69764
11877,1432,69772
11878,1433,69781
11879,1433,69783
11880,1433,69809
11881,1433,69810
11882,1433,69811
11883,1433,69818
11884,1433,69820
11885,1434,69839
11886,1434,69842
11887,1434,69845
11888,1434,69850
11889,1434,69852
11890,1434,69854
11891,1434,69862
11892,1434,69864
11893,1434,69865
11894,1434,69866
11895,1434,69868
11896,1434,69878
11897,1435,69890
11898,1435,69902
11899,1435,69912
11900,1435,69917
11901,1435,69918
11902,1435,69919
11903,1435,69920
11904,1436,69957
11905,1436,69958
11906,1436,69960
11907,1436,69961
11908,1436,69963
11909,1436,69964
11910,1436,69965
11911,1436,69967
11912,1436,69971
11913,1436,69972
11914,1436,69981
11915,1437,69993
11916,1437,69994
11917,1437,70002
11918,1437,70009
11919,1437,70010
11920,1437,70011
11921,1437,70012
11922,1437,70024
11923,1438,70027
11924,1438,70028
11925,1438,70030
11926,1438,70031
11927,1438,70032
11928,1438,70033
11929,1438,70040
11930,1439,70050
11931,1439,70053
11932,1439,70054
11933,1439,70055
11934,1439,70056
11935,1439,70057
11936,1439,70058
11937,1439,70062
11938,1439,70063
11939,1440,70091
11940,1440,70097
11941,1440,70098
11942,1440,70099
11943,1440,70100
11944,1441,70120
11945,1441,70121
11946,1441,70123
11947,1441,70124
11948,1441,70125
11949,1441,70126
11950,1441,70131
11951,1442,70157
11952,1442,70158
11953,1442,70161
11954,1442,70168
11955,1442,70169
11956,1442,70170
11957,1442,70172
11958,1442,70173
11959,1443,70188
11960,1443,70192
11961,1443,70211
11962,1443,70213
11963,1443,70215
11964,1443,70218
11965,1443,70219
11966,1443,70220
11967,1443,70222
11968,1443,70223
11969,1443,70224
11970,1444,70242
11971,1444,70243
11972,1444,70244
11973,1444,70245
11974,1444,70255
11975,1444,70256
11976,1444,70257
11977,1445,70271
11978,1445,70272
11979,1445,70279
11980,1445,70280
11981,1445,70281
11982,1445,70284
11983,1445,70285
11984,1446,70316
11985,1446,70333
11986,1446,70335
11987,1446,70336
11988,1446,70337
11989,1446,70338
11990,1446,70342
11991,1446,70351
11992,1446,70355
11993,1447,70359
11994,1447,70360
11995,1447,70368
11996,1447,70369
11997,1448,70384
11998,1448,70385
11999,1448,70388
12000,1448,70394
12001,1448,70395
12002,1448,70396
12003,1448,70398
12004,1449,70405
12005,1449,70415
12006,1449,70421
12007,1449,70422
12008,1450,70433
12009,1450,70440
12010,1450,70441
12011,1450,70443
12012,1450,70444
12013,1450,70445
12014,1450,70446
12015,1450,70466
12016,1450,70467
12017,1451,70473
12018,1451,70479
12019,1451,70486
12020,1451,70487
12021,1451,70488
12022,1451,70489
12023,1451,70491
12024,1451,70493
12025,1451,70494
12026,1451,70496
12027,1452,70511
12028,1452,70512
12029,1452,70520
12030,1452,70521
12031,1452,70522
12032,1452,70529
12033,1452,70530
12034,1452,70531
12035,1452,70532
12036,1452,70533
12037,1453,70549
12038,1453,70559
12039,1453,70560
12040,1453,70561
12041,1453,70562
12042,1453,70564
12043,1453,70565
12044,1453,70566
12045,1453,70567
12046,1453,70568
12047,1454,70586
12048,1454,70589
12049,1454,70598
12050,1454,70608
12051,1454,70609
12052,1454,70610
12053,1455,70623
12054,1455,70629
12055,1455,70636
12056,1455,70639
12057,1455,70640
12058,1455,70645
12059,1455,70646
12060,1455,70647
12061,1455,70649
12062,1455,70650
12063,1455,70652
12064,1455,70674
12065,1455,70690
12066,1455,70693
12067,1455,70694
12068,1455,70695
12069,1455,70696
12070,1455,70697
12071,1455,70698
12072,1455,70699
12073,1455,70711
12074,1455,70714
12075,1455,70717
12076,1455,70719
12077,1456,70753
12078,1456,70757
12079,1456,70770
12080,1457,70785
12081,1457,70788
12082,1457,70793
12083,1457,70794
12084,1457,70798
12085,1457,70803
12086,1457,70804
12087,1457,70806
12088,1457,70807
12089,1457,70808
12090,1457,70809
12091,1458,70828
12092,1458,70835
12093,1458,70838
12094,1458,70839
12095,1458,70842
12096,1459,70854
12097,1459,70857
12098,1459,70860
12099,1459,70863
12100,1459,70868
12101,1459,70872
12102,1459,70889
12103,1459,70890
12104,1459,70891
12105,1459,70892
12106,1459,70894
12107,1459,70895
12108,1460,70914
12109,1460,70915
12110,1460,70916
12111,1460,70917
12112,1460,70918
12113,1460,70919
12114,1460,70924
12115,1460,70926
12116,1461,70937
12117,1461,70938
12118,1461,70939
12119,1461,70940
12120,1461,70941
12121,1461,70954
12122,1461,70956
12123,1461,70975
12124,1462,70982
12125,1462,70984
12126,1462,70985
12127,1462,70988
12128,1462,70991
12129,1462,70992
12130,1462,70994
12131,1462,70995
12132,1462,70996
12133,1462,70997
12134,1463,71025
12135,1463,71026
12136,1463,71027
12137,1463,71030
12138,1463,71031
12139,1463,71032
12140,1463,71034
12141,1464,71044
12142,1464,71048
12143,1464,71049
12144,1464,71050
12145,1464,71051
12146,1464,71053
12147,1464,71055
12148,1464,71057
12149,1465,71071
12150,1465,71079
12151,1465,71092
12152,1465,71095
12153,1465,71097
12154,1465,71099
12155,1465,71107
12156,1465,71114
12157,1465,71121
12158,1465,71126
12159,1465,71134
12160,1465,71144
12161,1465,71147
12162,1465,71149
12163,1465,71153
12164,1465,71154
12165,1465,71155
12166,1465,71156
12167,1465,71158
12168,1465,71168
12169,1465,71170
12170,1465,71173
12171,1465,71176
12172,1466,71225
12173,1466,71226
12174,1466,71265
12175,1466,71273
12176,1466,71276
12177,1467,71278
12178,1467,71279
12179,1467,71286
12180,1467,71292
12181,1467,71293
12182,1467,71294
12183,1467,71295
12184,1468,71304
12185,1468,71308
12186,1468,71313
12187,1468,71314
12188,1468,71315
12189,1468,71316
12190,1468,71317
12191,1468,71324
12192,1469,71333
12193,1469,71337
12194,1469,71340
12195,1469,71356
12196,1469,71392
12197,1469,71415
12198,1469,71426
12199,1470,71431
12200,1470,71436
12201,1470,71437
12202,1470,71438
12203,1470,71439
12204,1470,71440
12205,1470,71441
12206,1470,71443
12207,1470,71452
12208,1471,71472
12209,1471,71478
12210,1471,71479
12211,1471,71480
12212,1471,71484
12213,1471,71485
12214,1471,71487
12215,1472,71505
12216,1472,71513
12217,1472,71519
12218,1472,71522
12219,1472,71524
12220,1472,71525
12221,1472,71526
12222,1472,71536
12223,1472,71539
12224,1473,71554
12225,1473,71557
12226,1473,71562
12227,1473,71563
12228,1473,71565
12229,1473,71566
12230,1473,71568
12231,1473,71569
12232,1473,71570
12233,1473,71571
12234,1473,71587
12235,1474,71597
12236,1474,71598
12237,1474,71600
12238,1474,71601
12239,1474,71603
12240,1474,71609
12241,1475,71632
12242,1475,71638
12243,1475,71639
12244,1475,71642
12245,1475,71643
12246,1475,71644
12247,1476,71662
12248,1476,71668
12249,1476,71674
12250,1476,71675
12251,1476,71676
12252,1476,71678
12253,1476,71679
12254,1476,71681
12255,1476,71682
12256,1477,71690
12257,1477,71693
12258,1477,71695
12259,1477,71696
12260,1477,71697
12261,1477,71699
12262,1477,71700
12263,1477,71701
12264,1477,71702
12265,1478,71721
12266,1478,71724
12267,1478,71725
12268,1478,71727
12269,1478,71730
12270,1478,71731
12271,1478,71733
12272,1478,71734
12273,1479,71761
12274,1479,71764
12275,1479,71765
12276,1479,71768
12277,1479,71769
12278,1479,71770
12279,1479,71773
12280,1480,71805
12281,1480,71819
12282,1480,71822
12283,1480,71826
12284,1480,71834
12285,1480,71835
12286,1480,71836
12287,1480,71840
12288,1480,71867
12289,1480,71869
12290,1480,71883
12291,1480,71887
12292,1480,71892
12293,1480,71896
12294,1480,71899
12295,1480,71900
12296,1480,71901
12297,1480,71902
12298,1480,71907
12299,1480,71919
12300,1480,71922
12301,1480,71925
12302,1480,71926
12303,1481,71963
12304,1481,71968
12305,1481,71970
12306,1481,71971
12307,1481,71972
12308,1481,71973
12309,1481,71974
12310,1482,71982
12311,1482,71989
12312,1482,71990
12313,1482,71991
12314,1482,71992
12315,1482,71995
12316,1482,71996
12317,1483,72018
12318,1483,72025
12319,1483,72033
12320,1483,72036
12321,1483,72040
12322,1483,72044
12323,1483,72045
12324,1483,72046
12325,1483,72047
12326,1483,72059
12327,1483,72084
12328,1483,72086
12329,1483,72090
12330,1483,72094
12331,1483,72102
12332,1483,72104
12333,1483,72107
12334,1483,72112
12335,1483,72113
12336,1483,72114
12337,1483,72115
12338,1483,72116
12339,1483,72117
12340,1483,72118
12341,1483,72119
12342,1483,72120
12343,1483,72153
12344,1483,72154
12345,1484,72174
12346,1484,72178
12347,1484,72184
12348,1484,72185
12349,1484,72186
12350,1484,72189
12351,1484,72191
12352,1484,72192
12353,1484,72193
12354,1484,72196
12355,1484,72203
12356,1484,72206
12357,1484,72220
12358,1484,72228
12359,1484,72245
12360,1484,72246
12361,1484,72253
12362,1484,72352
12363,1484,72353
12364,1485,72398
12365,1485,72399
12366,1485,72402
12367,1485,72403
12368,1485,72404
12369,1485,72406
12370,1485,72408
12371,1485,72409
12372,1485,72411
12373,1485,72412
12374,1485,72413
12375,1485,72414
12376,1485,72415
12377,1485,72435
12378,1485,72436
12379,1485,72466
12380,1486,72476
12381,1486,72477
12382,1486,72479
12383,1486,72480
12384,1486,72484
12385,1486,72488
12386,1486,72489
12387,1486,72495
12388,1486,72518
12389,1486,72520
12390,1486,72527
12391,1486,72528
12392,1487,72592
12393,1487,72594
12394,1487,72608
12395,1487,72611
12396,1487,72619
12397,1488,72630
12398,1488,72631
12399,1488,72637
12400,1488,72645
12401,1488,72652
12402,1488,72653
12403,1489,72667
12404,1489,72673
12405,1489,72674
12406,1489,72675
12407,1489,72677
12408,1489,72678
12409,1489,72680
12410,1490,72691
12411,1490,72698
12412,1490,72721
12413,1490,72727
12414,1490,72728
12415,1490,72729
12416,1490,72730
12417,1490,72731
12418,1490,72732
12419,1491,72749
12420,1491,72752
12421,1491,72757
12422,1491,72766
12423,1491,72791
12424,1491,72801
12425,1491,72802
12426,1491,72821
12427,1491,72822
12428,1491,72826
12429,1491,72833
12430,1491,72839
12431,1491,72853
12432,1491,72870
12433,1492,72891
12434,1492,72895
12435,1492,72896
12436,1492,72905
12437,1492,72912
12438,1492,72922
12439,1493,72929
12440,1493,72931
12441,1493,72934
12442,1493,72935
12443,1493,72938
12444,1493,72940
12445,1493,72941
12446,1493,72942
12447,1493,72943
12448,1494,72968
12449,1494,72974
12450,1494,72975
12451,1494,72981
12452,1494,72983
12453,1494,72986
12454,1494,72987
12455,1495,73007
12456,1495,73010
12457,1495,73013
12458,1495,73019
12459,1495,73031
12460,1495,73040
12461,1495,73047
12462,1495,73050
12463,1495,73072
12464,1495,73073
12465,1496,73106
12466,1496,73111
12467,1496,73128
12468,1496,73131
12469,1496,73133
12470,1496,73140
12471,1496,73141
12472,1496,73142
12473,1496,73166
12474,1496,73167
12475,1496,73186
12476,1496,73189
12477,1496,73190
12478,1496,73215
12479,1496,73229
12480,1496,73236
12481,1496,73237
12482,1496,73238
12483,1496,73245
12484,1496,73246
12485,1496,73247
12486,1496,73248
12487,1496,73250
12488,1496,73261
12489,1496,73262
12490,1496,73267
12491,1496,73268
12492,1497,73319
12493,1497,73325
12494,1497,73328
12495,1497,73364
12496,1497,73365
12497,1497,73368
12498,1497,73371
12499,1497,73396
12500,1498,73430
12501,1498,73435
12502,1498,73456
12503,1498,73460
12504,1498,73467
12505,1498,73468
12506,1498,73491
12507,1499,73496
12508,1499,73497
12509,1499,73501
12510,1499,73508
12511,1499,73515
12512,1499,73516
12513,1499,73519
12514,1499,73520
12515,1499,73521
12516,1500,73537
12517,1500,73538
12518,1500,73546
12519,1501,73568
12520,1501,73575
12521,1501,73576
12522,1501,73577
12523,1501,73578
12524,1501,73580
12525,1501,73582
12526,1501,73583
12527,1501,73588
12528,1501,73589
12529,1501,73592
12530,1501,73594
12531,1501,73625
12532,1502,73629
12533,1502,73630
12534,1502,73634
12535,1502,73636
12536,1502,73637
12537,1502,73638
12538,1502,73639
12539,1502,73653
12540,1503,73660
12541,1503,73666
12542,1503,73668
12543,1503,73669
12544,1503,73670
12545,1504,73720
12546,1504,73722
12547,1504,73723
12548,1504,73729
12549,1504,73730
12550,1504,73731
12551,1504,73732
12552,1504,73738
12553,1504,73746
12554,1505,73770
12555,1505,73783
12556,1505,73784
12557,1505,73785
12558,1505,73786
12559,1505,73787
12560,1506,73802
12561,1506,73814
12562,1506,73815
12563,1506,73816
12564,1506,73819
12565,1506,73820
12566,1507,73861
12567,1507,73871
12568,1508,73874
12569,1508,73875
12570,1508,73882
12571,1508,73888
12572,1508,73889
12573,1508,73890
12574,1508,73893
12575,1509,73904
12576,1509,73906
12577,1509,73922
12578,1509,73923
12579,1509,73924
12580,1509,73925
12581,1509,73928
12582,1509,73929
12583,1509,73933
12584,1509,73938
12585,1509,73942
12586,1510,73959
12587,1510,73966
12588,1510,73975
12589,1510,73984
12590,1510,73985
12591,1510,73986
12592,1510,73988
12593,1510,73989
12594,1511,74005
12595,1511,74008
12596,1511,74009
12597,1511,74011
12598,1511,74012
12599,1511,74014
12600,1511,74015
12601,1511,74024
12602,1511,74029
12603,1511,74034
12604,1512,74059
12605,1512,74065
12606,1512,74066
12607,1512,74068
12608,1512,74069
12609,1512,74070
12610,1512,74071
12611,1513,74080
12612,1513,74081
12613,1513,74084
12614,1513,74090
12615,1513,74091
12616,1513,74092
12617,1513,74094
12618,1514,74103
12619,1514,74113
12620,1514,74116
12621,1514,74121
12622,1514,74122
12623,1514,74123
12624,1514,74134
12625,1515,74157
12626,1515,74159
12627,1515,74162
12628,1515,74163
12629,1515,74168
12630,1515,74174
12631,1515,74175
12632,1515,74176
12633,1515,74178
12634,1516,74191
12635,1516,74196
12636,1516,74203
12637,1516,74204
12638,1516,74205
12639,1516,74208
12640,1516,74209
12641,1517,74229
12642,1517,74230
12643,1517,74234
12644,1517,74235
12645,1517,74236
12646,1517,74238
12647,1517,74239
12648,1518,74254
12649,1518,74255
12650,1518,74257
12651,1518,74261
12652,1518,74269
12653,1518,74270
12654,1518,74271
12655,1518,74272
12656,1518,74273
12657,1518,74274
12658,1518,74285
12659,1519,74296
12660,1519,74297
12661,1519,74315
12662,1519,74316
12663,1519,74318
12664,1519,74319
12665,1519,74320
12666,1519,74336
12667,1519,74338
12668,1519,74344
12669,1519,74345
12670,1519,74347
12671,1519,74351
12672,1519,74353
12673,1519,74354
12674,1519,74355
12675,1519,74356
12676,1519,74357
12677,1519,74359
12678,1519,74371
12679,1519,74372
12680,1519,74374
12681,1520,74411
12682,1520,74416
12683,1520,74424
12684,1520,74426
12685,1520,74427
12686,1520,74428
12687,1520,74438
12688,1520,74445
12689,1520,74446
12690,1520,74449
12691,1520,74453
12692,1521,74461
12693,1521,74467
12694,1521,74476
12695,1521,74478
12696,1521,74484
12697,1521,74491
12698,1522,74518
12699,1522,74520
12700,1522,74521
12701,1522,74524
12702,1522,74529
12703,1522,74554
12704,1523,74592
12705,1523,74597
12706,1523,74599
12707,1523,74603
12708,1523,74605
12709,1523,74606
12710,1523,74607
12711,1523,74608
12712,1523,74611
12713,1523,74612
12714,1523,74615
12715,1523,74616
12716,1524,74655
12717,1524,74677
12718,1524,74679
12719,1524,74684
12720,1524,74685
12721,1524,74686
12722,1524,74688
12723,1524,74691
12724,1524,74698
12725,1525,74712
12726,1525,74725
12727,1525,74767
12728,1525,74770
12729,1525,74799
12730,1525,74802
12731,1525,74808
12732,1525,74809
12733,1525,74810
12734,1525,74824
12735,1526,74840
12736,1526,74842
12737,1526,74879
12738,1527,74897
12739,1527,74901
12740,1527,74910
12741,1527,74911
12742,1527,74912
12743,1527,74913
12744,1527,74914
12745,1527,74915
12746,1527,74917
12747,1527,74928
12748,1527,74929
12749,1528,74954
12750,1528,74955
12751,1528,74956
12752,1528,74957
12753,1528,74958
12754,1528,74960
12755,1528,74962
12756,1528,74965
12757,1528,74966
12758,1528,74981
12759,1529,74993
12760,1529,74996
12761,1529,74998
12762,1529,75004
12763,1529,75005
12764,1529,75008
12765,1529,75011
12766,1529,75012
12767,1529,75013
12768,1529,75014
12769,1530,75035
12770,1530,75036
12771,1530,75038
12772,1530,75040
12773,1530,75041
12774,1530,75042
12775,1530,75043
12776,1530,75046
12777,1530,75051
12778,1530,75052
12779,1530,75092
12780,1531,75099
12781,1531,75100
12782,1531,75105
12783,1531,75106
12784,1531,75108
12785,1531,75109
12786,1531,75111
12787,1531,75113
12788,1531,75116
12789,1531,75121
12790,1531,75129
12791,1531,75138
12792,1532,75161
12793,1532,75163
12794,1532,75164
12795,1532,75165
12796,1532,75185
12797,1533,75189
12798,1533,75190
12799,1533,75191
12800,1533,75193
12801,1533,75195
12802,1533,75198
12803,1533,75203
12804,1533,75242
12805,1534,75246
12806,1534,75249
12807,1534,75256
12808,1534,75257
12809,1534,75261
12810,1534,75263
12811,1534,75264
12812,1534,75265
12813,1534,75266
12814,1534,75269
12815,1534,75296
12816,1534,75298
12817,1535,75323
12818,1535,75324
12819,1535,75329
12820,1535,75330
12821,1535,75331
12822,1535,75333
12823,1535,75340
12824,1535,75354
12825,1536,75376
12826,1536,75377
12827,1536,75378
12828,1536,75384
12829,1536,75388
12830,1536,75392
12831,1536,75393
12832,1536,75410
12833,1537,75455
12834,1537,75456
12835,1537,75458
12836,1537,75459
12837,1537,75461
12838,1537,75462
12839,1537,75464
12840,1537,75467
12841,1537,75472
12842,1537,75476
12843,1538,75502
12844,1538,75508
12845,1538,75509
12846,1538,75510
12847,1538,75511
12848,1538,75512
12849,1538,75514
12850,1538,75518
12851,1538,75519
12852,1538,75536
12853,1538,75540
12854,1539,75562
12855,1539,75572
12856,1539,75573
12857,1539,75574
12858,1539,75575
12859,1539,75578
12860,1539,75579
12861,1539,75581
12862,1539,75582
12863,1540,75610
12864,1540,75611
12865,1540,75612
12866,1540,75614
12867,1540,75615
12868,1540,75616
12869,1540,75617
12870,1540,75629
12871,1541,75637
12872,1541,75645
12873,1541,75646
12874,1541,75647
12875,1541,75651
12876,1541,75654
12877,1541,75655
12878,1541,75656
12879,1541,75657
12880,1541,75660
12881,1542,75716
12882,1542,75720
12883,1542,75721
12884,1542,75722
12885,1542,75724
12886,1542,75725
12887,1542,75729
12888,1542,75731
12889,1542,75742
12890,1542,75746
12891,1543,75774
12892,1543,75785
12893,1543,75786
12894,1543,75787
12895,1543,75796
12896,1543,75800
12897,1543,75802
12898,1544,75834
12899,1544,75836
12900,1544,75837
12901,1544,75838
12902,1544,75839
12903,1544,75841
12904,1544,75849
12905,1544,75853
12906,1544,75870
12907,1544,75871
12908,1545,75888
12909,1545,75889
12910,1545,75891
12911,1545,75892
12912,1545,75894
12913,1545,75895
12914,1545,75899
12915,1545,75903
12916,1546,75907
12917,1546,75917
12918,1546,75918
12919,1546,75919
12920,1546,75920
12921,1546,75921
12922,1546,75922
12923,1546,75924
12924,1546,75926
12925,1546,75927
12926,1546,75930
12927,1546,75944
12928,1547,75957
12929,1547,75961
12930,1547,75965
12931,1547,75969
12932,1547,75970
12933,1547,75971
12934,1547,75972
12935,1547,75973
12936,1547,75977
12937,1547,75978
12938,1548,76029
12939,1548,76031
12940,1548,76036
12941,1548,76037
12942,1548,76038
12943,1548,76039
12944,1548,76040
12945,1548,76048
12946,1548,76056
12947,1549,76079
12948,1549,76082
12949,1549,76085
12950,1549,76088
12951,1549,76092
12952,1549,76098
12953,1549,76099
12954,1549,76101
12955,1549,76102
12956,1549,76103
12957,1549,76104
12958,1549,76105
12959,1550,76122
12960,1550,76132
12961,1550,76133
12962,1550,76137
12963,1550,76147
12964,1550,76148
12965,1550,76149
12966,1550,76158
12967,1550,76160
12968,1550,76187
12969,1551,76203
12970,1551,76207
12971,1551,76210
12972,1551,76212
12973,1551,76218
12974,1551,76219
12975,1551,76220
12976,1551,76222
12977,1551,76224
12978,1552,76251
12979,1552,76252
12980,1552,76254
12981,1552,76255
12982,1552,76256
12983,1552,76257
12984,1552,76267
12985,1553,76276
12986,1553,76284
12987,1553,76285
12988,1553,76287
12989,1553,76288
12990,1553,76289
12991,1553,76290
12992,1553,76302
12993,1553,76304
12994,1553,76306
12995,1553,76309
12996,1554,76327
12997,1554,76333
12998,1554,76334
12999,1554,76345
13000,1554,76346
13001,1555,76356
13002,1555,76359
13003,1555,76362
13004,1555,76365
13005,1555,76368
13006,1555,76373
13007,1555,76374
13008,1555,76376
13009,1555,76377
13010,1555,76378
13011,1555,76379
13012,1556,76401
13013,1556,76403
13014,1556,76404
13015,1556,76405
13016,1556,76406
13017,1556,76407
13018,1556,76411
13019,1556,76422
13020,1557,76424
13021,1557,76425
13022,1557,76427
13023,1557,76428
13024,1557,76429
13025,1557,76430
13026,1557,76433
13027,1558,76445
13028,1558,76446
13029,1558,76449
13030,1558,76450
13031,1558,76456
13032,1558,76457
13033,1558,76458
13034,1558,76459
13035,1558,76460
13036,1558,76462
13037,1558,76463
13038,1559,76473
13039,1559,76474
13040,1559,76481
13041,1559,76482
13042,1559,76484
13043,1559,76486
13044,1559,76487
13045,1559,76489
13046,1559,76498
13047,1560,76505
13048,1560,76511
13049,1560,76514
13050,1560,76602
13051,1560,76608
13052,1561,76615
13053,1561,76616
13054,1561,76617
13055,1561,76618
13056,1561,76622
13057,1561,76623
13058,1561,76629
13059,1561,76634
13060,1562,76659
13061,1562,76669
13062,1562,76670
13063,1562,76671
13064,1562,76679
13065,1562,76680
13066,1563,76688
13067,1563,76689
13068,1563,76696
13069,1563,76698
13070,1563,76700
13071,1563,76702
13072,1563,76703
13073,1563,76704
13074,1564,76718
13075,1564,76719
13076,1564,76722
13077,1564,76728
13078,1564,76729
13079,1564,76730
13080,1564,76732
13081,1565,76739
13082,1565,76742
13083,1565,76750
13084,1565,76751
13085,1565,76752
13086,1565,76753
13087,1565,76758
13088,1565,76760
13089,1565,76768
13090,1566,76805
13091,1566,76811
13092,1566,76812
13093,1566,76813
13094,1566,76814
13095,1566,76819
13096,1567,76829
13097,1567,76832
13098,1567,76835
13099,1567,76838
13100,1567,76840
13101,1567,76841
13102,1567,76843
13103,1567,76844
13104,1567,76845
13105,1567,76846
13106,1567,76862
13107,1568,76867
13108,1568,76868
13109,1568,76875
13110,1568,76876
13111,1568,76877
13112,1568,76879
13113,1568,76886
13114,1568,76897
13115,1569,76910
13116,1569,76913
13117,1569,76919
13118,1569,76920
13119,1569,76921
13120,1570,76936
13121,1570,76941
13122,1570,76944
13123,1570,76945
13124,1570,76946
13125,1570,76947
13126,1570,76948
13127,1570,76950
13128,1570,76960
13129,1570,76974
13130,1570,76975
13131,1571,76980
13132,1571,76983
13133,1571,76984
13134,1571,76985
13135,1571,76986
13136,1571,76987
13137,1571,76988
13138,1571,76993
13139,1571,76997
13140,1572,77008
13141,1572,77012
13142,1572,77014
13143,1572,77016
13144,1572,77019
13145,1572,77025
13146,1572,77026
13147,1572,77027
13148,1572,77029
13149,1573,77047
13150,1573,77049
13151,1573,77050
13152,1573,77053
13153,1573,77062
13154,1573,77066
13155,1573,77068
13156,1573,77069
13157,1574,77078
13158,1574,77081
13159,1574,77082
13160,1574,77083
13161,1574,77085
13162,1574,77086
13163,1574,77087
13164,1575,77102
13165,1575,77105
13166,1575,77111
13167,1575,77112
13168,1575,77114
13169,1575,77115
13170,1575,77116
13171,1575,77119
13172,1575,77121
13173,1576,77142
13174,1576,77143
13175,1576,77153
13176,1576,77160
13177,1576,77161
13178,1576,77162
13179,1576,77167
13180,1576,77168
13181,1577,77189
13182,1577,77192
13183,1577,77193
13184,1577,77194
13185,1577,77215
13186,1577,77220
13187,1577,77223
13188,1578,77238
13189,1578,77241
13190,1578,77254
13191,1579,77266
13192,1579,77275
13193,1579,77276
13194,1579,77277
13195,1579,77285
13196,1579,77289
13197,1579,77290
13198,1579,77295
13199,1580,77305
13200,1580,77313
13201,1580,77319
13202,1580,77320
13203,1580,77321
13204,1580,77324
13205,1580,77326
13206,1580,77330
13207,1580,77331
13208,1580,77333
13209,1581,77353
13210,1581,77354
13211,1581,77360
13212,1581,77361
13213,1581,77363
13214,1581,77368
13215,1581,77369
13216,1582,77383
13217,1582,77388
13218,1582,77389
13219,1582,77390
13220,1582,77398
13221,1582,77399
13222,1582,77400
13223,1582,77401
13224,1582,77412
13225,1583,77418
13226,1583,77419
13227,1583,77420
13228,1583,77422
13229,1583,77423
13230,1583,77424
13231,1583,77425
13232,1583,77430
13233,1584,77444
13234,1584,77447
13235,1584,77453
13236,1584,77454
13237,1584,77455
13238,1584,77458
13239,1584,77459
13240,1584,77460
13241,1585,77469
13242,1585,77470
13243,1585,77473
13244,1585,77475
13245,1585,77481
13246,1585,77482
13247,1585,77483
13248,1585,77485
13249,1586,77504
13250,1587,77539
13251,1587,77549
13252,1587,77550
13253,1588,77597
13254,1588,77600
13255,1588,77603
13256,1588,77606
13257,1588,77609
13258,1588,77614
13259,1588,77615
13260,1588,77617
13261,1588,77618
13262,1588,77619
13263,1588,77620
13264,1589,77638
13265,1589,77644
13266,1589,77645
13267,1589,77646
13268,1589,77647
13269,1589,77648
13270,1589,77652
13271,1589,77654
13272,1589,77657
13273,1589,77672
13274,1590,77696
13275,1590,77703
13276,1590,77725
13277,1590,77726
13278,1590,77748
13279,1591,77769
13280,1591,77771
13281,1591,77781
13282,1591,77783
13283,1591,77787
13284,1591,77789
13285,1591,77790
13286,1591,77791
13287,1591,77794
13288,1591,77795
13289,1592,77807
13290,1592,77808
13291,1592,77815
13292,1592,77817
13293,1592,77823
13294,1592,77828
13295,1592,77829
13296,1592,77830
13297,1592,77833
13298,1592,77837
13299,1593,77855
13300,1593,77860
13301,1593,77862
13302,1593,77868
13303,1593,77869
13304,1593,77870
13305,1593,77875
13306,1594,77887
13307,1594,77890
13308,1594,77891
13309,1594,77892
13310,1594,77893
13311,1594,77895
13312,1594,77896
13313,1594,77897
13314,1595,77909
13315,1595,77913
13316,1595,77914
13317,1595,77915
13318,1595,77916
13319,1595,77918
13320,1595,77919
13321,1596,77938
13322,1596,77941
13323,1596,77942
13324,1596,77943
13325,1596,77944
13326,1596,77946
13327,1596,77947
13328,1597,77961
13329,1597,77966
13330,1597,77967
13331,1597,77969
13332,1597,77970
13333,1597,77972
13334,1597,77973
13335,1598,77984
13336,1598,77990
13337,1598,77996
13338,1598,77997
13339,1598,77999
13340,1598,78000
13341,1599,78021
13342,1599,78024
13343,1599,78026
13344,1599,78027
13345,1600,78039
13346,1600,78041
13347,1600,78053
13348,1600,78054
13349,1600,78060
13350,1600,78061
13351,1600,78063
13352,1600,78064
13353,1600,78065
13354,1600,78066
13355,1600,78075
13356,1601,78090
13357,1601,78092
13358,1601,78095
13359,1601,78100
13360,1601,78101
13361,1601,78102
13362,1601,78103
13363,1601,78105
13364,1601,78107
13365,1601,78108
13366,1601,78109
13367,1601,78110
13368,1602,78134
13369,1602,78139
13370,1602,78164
13371,1602,78165
13372,1602,78166
13373,1602,78167
13374,1602,78169
13375,1602,78170
13376,1603,78183
13377,1603,78187
13378,1603,78188
13379,1603,78190
13380,1603,78191
13381,1603,78211
13382,1603,78212
13383,1603,78213
13384,1603,78214
13385,1603,78221
13386,1604,78235
13387,1604,78240
13388,1604,78241
13389,1604,78242
13390,1604,78243
13391,1604,78244
13392,1604,78246
13393,1604,78256
13394,1604,78258
13395,1604,78263
13396,1604,78281
13397,1605,78297
13398,1605,78301
13399,1605,78308
13400,1605,78310
13401,1605,78311
13402,1605,78312
13403,1605,78314
13404,1605,78315
13405,1605,78332
13406,1606,78344
13407,1606,78350
13408,1606,78352
13409,1606,78354
13410,1606,78355
13411,1606,78356
13412,1606,78357
13413,1607,78374
13414,1607,78375
13415,1607,78376
13416,1607,78377
13417,1607,78378
13418,1607,78388
13419,1607,78393
13420,1607,78399
13421,1608,78422
13422,1608,78423
13423,1608,78425
13424,1608,78426
13425,1608,78427
13426,1608,78428
13427,1608,78437
13428,1609,78442
13429,1609,78445
13430,1609,78448
13431,1609,78449
13432,1609,78450
13433,1609,78453
13434,1609,78457
13435,1609,78474
13436,1609,78495
13437,1610,78515
13438,1610,78516
13439,1610,78518
13440,1610,78521
13441,1610,78523
13442,1610,78525
13443,1611,78532
13444,1611,78533
13445,1611,78535
13446,1611,78536
13447,1611,78537
13448,1611,78538
13449,1611,78548
13450,1612,78556
13451,1612,78561
13452,1612,78562
13453,1612,78564
13454,1612,78565
13455,1612,78566
13456,1612,78567
13457,1613,78575
13458,1613,78578
13459,1613,78580
13460,1613,78586
13461,1613,78587
13462,1613,78588
13463,1613,78589
13464,1613,78598
13465,1613,78599
13466,1613,78600
13467,1614,78615
13468,1614,78616
13469,1614,78619
13470,1614,78620
13471,1614,78623
13472,1614,78625
13473,1614,78626
13474,1614,78627
13475,1614,78629
13476,1614,78630
13477,1614,78631
13478,1614,78632
13479,1614,78633
13480,1614,78654
13481,1614,78661
13482,1614,78662
13483,1615,78684
13484,1615,78685
13485,1615,78687
13486,1615,78688
13487,1615,78689
13488,1615,78690
13489,1615,78697
13490,1616,78709
13491,1616,78735
13492,1616,78751
13493,1616,78752
13494,1616,78753
13495,1616,78768
13496,1616,78788
13497,1616,78789
13498,1617,78803
13499,1617,78808
13500,1617,78812
13501,1617,78821
13502,1617,78822
13503,1617,78823
13504,1617,78824
13505,1617,78827
13506,1617,78829
13507,1618,78850
13508,1618,78856
13509,1618,78858
13510,1618,78859
13511,1618,78860
13512,1618,78862
13513,1619,78877
13514,1619,78891
13515,1619,78894
13516,1619,78895
13517,1619,78896
13518,1619,78898
13519,1620,78942
13520,1620,78948
13521,1620,78949
13522,1620,78951
13523,1620,78952
13524,1620,78953
13525,1620,78954
13526,1620,78955
13527,1620,78966
13528,1620,78968
13529,1620,78975
13530,1620,78978
13531,1621,78991
13532,1621,78992
13533,1621,79002
13534,1621,79012
13535,1621,79016
13536,1621,79018
13537,1621,79027
13538,1621,79037
13539,1621,79040
13540,1621,79049
13541,1622,79061
13542,1622,79062
13543,1622,79064
13544,1622,79065
13545,1622,79066
13546,1622,79067
13547,1622,79074
13548,1623,79079
13549,1623,79085
13550,1623,79086
13551,1623,79087
13552,1623,79089
13553,1623,79094
13554,1623,79097
13555,1623,79112
13556,1624,79128
13557,1624,79137
13558,1624,79138
13559,1624,79140
13560,1624,79141
13561,1624,79143
13562,1624,79144
13563,1624,79162
13564,1624,79173
13565,1625,79176
13566,1625,79177
13567,1625,79180
13568,1625,79186
13569,1625,79187
13570,1625,79188
13571,1625,79190
13572,1626,79198
13573,1626,79206
13574,1626,79212
13575,1626,79213
13576,1626,79218
13577,1626,79219
13578,1626,79220
13579,1627,79243
13580,1627,79246
13581,1628,79304
13582,1628,79305
13583,1628,79312
13584,1628,79314
13585,1628,79315
13586,1628,79320
13587,1628,79321
13588,1628,79323
13589,1628,79324
13590,1628,79325
13591,1628,79342
13592,1628,79343
13593,1629,79359
13594,1629,79365
13595,1629,79366
13596,1629,79367
13597,1629,79369
13598,1629,79370
13599,1630,79388
13600,1630,79392
13601,1630,79395
13602,1630,79411
13603,1630,79446
13604,1630,79456
13605,1631,79471
13606,1631,79474
13607,1631,79476
13608,1631,79477
13609,1631,79480
13610,1631,79485
13611,1631,79491
13612,1632,79514
13613,1632,79519
13614,1632,79520
13615,1632,79544
13616,1632,79545
13617,1632,79546
13618,1633,79573
13619,1633,79574
13620,1633,79576
13621,1633,79577
13622,1633,79578
13623,1633,79579
13624,1633,79580
13625,1633,79587
13626,1633,79600
13627,1634,79611
13628,1634,79621
13629,1634,79631
13630,1634,79645
13631,1634,79646
13632,1634,79652
13633,1634,79657
13634,1634,79658
13635,1634,79659
13636,1634,79664
13637,1634,79665
13638,1635,79685
13639,1635,79688
13640,1635,79692
13641,1635,79694
13642,1635,79695
13643,1635,79715
13644,1636,79722
13645,1636,79725
13646,1636,79732
13647,1636,79733
13648,1636,79737
13649,1636,79754
13650,1636,79759
13651,1637,79792
13652,1637,79795
13653,1637,79800
13654,1637,79801
13655,1637,79803
13656,1637,79804
13657,1637,79806
13658,1637,79807
13659,1637,79808
13660,1637,79809
13661,1637,79826
13662,1638,79836
13663,1638,79837
13664,1638,79838
13665,1638,79856
13666,1638,79857
13667,1638,79870
13668,1639,79884
13669,1639,79888
13670,1639,79900
13671,1640,79908
13672,1640,79914
13673,1640,79915
13674,1640,79916
13675,1640,79917
13676,1640,79931
13677,1640,79933
13678,1640,79934
13679,1640,79935
13680,1640,79936
13681,1640,79937
13682,1640,79938
13683,1640,79939
13684,1640,79941
13685,1640,79942
13686,1641,79962
13687,1641,79963
13688,1641,79964
13689,1641,79965
13690,1641,79966
13691,1641,79967
13692,1641,79970
13693,1641,79980
13694,1642,79990
13695,1642,79995
13696,1642,79996
13697,1642,79998
13698,1642,79999
13699,1642,80000
13700,1642,80001
13701,1642,80007
13702,1642,80009
13703,1643,80024
13704,1643,80031
13705,1643,80042
13706,1643,80045
13707,1643,80047
13708,1643,80049
13709,1643,80050
13710,1643,80062
13711,1643,80072
13712,1643,80079
13713,1643,80084
13714,1643,80091
13715,1643,80095
13716,1643,80097
13717,1643,80103
13718,1643,80107
13719,1643,80108
13720,1643,80109
13721,1643,80110
13722,1643,80111
13723,1643,80112
13724,1643,80113
13725,1643,80139
13726,1643,80140
13727,1644,80172
13728,1644,80176
13729,1644,80177
13730,1644,80178
13731,1644,80179
13732,1644,80180
13733,1644,80182
13734,1644,80183
13735,1644,80184
13736,1644,80185
13737,1645,80223
13738,1645,80224
13739,1645,80230
13740,1646,80240
13741,1646,80244
13742,1646,80247
13743,1646,80263
13744,1646,80311
13745,1646,80320
13746,1647,80327
13747,1647,80331
13748,1647,80334
13749,1647,80360
13750,1647,80382
13751,1647,80402
13752,1647,80403
13753,1647,80414
13754,1647,80423
13755,1648,80432
13756,1648,80433
13757,1648,80434
13758,1648,80435
13759,1648,80438
13760,1648,80439
13761,1648,80445
13762,1649,80461
13763,1649,80467
13764,1649,80469
13765,1649,80471
13766,1649,80472
13767,1650,80484
13768,1650,80496
13769,1650,80502
13770,1650,80505
13771,1650,80506
13772,1650,80508
13773,1650,80509
13774,1650,80510
13775,1650,80568
13776,1650,80577
13777,1650,80579
13778,1650,80585
13779,1651,80610
13780,1651,80612
13781,1651,80620
13782,1651,80621
13783,1651,80632
13784,1651,80633
13785,1651,80634
13786,1652,80635
13787,1652,80645
13788,1652,80650
13789,1652,80651
13790,1652,80652
13791,1652,80653
13792,1652,80661
13793,1652,80667
13794,1653,80676
13795,1653,80677
13796,1653,80706
13797,1653,80735
13798,1653,80742
13799,1653,80754
13800,1653,80756
13801,1653,80757
13802,1653,80759
13803,1653,80761
13804,1653,80775
13805,1654,80811
13806,1654,80819
13807,1654,80820
13808,1654,80821
13809,1654,80822
13810,1654,80824
13811,1654,80825
13812,1654,80830
13813,1655,80854
13814,1655,80862
13815,1655,80864
13816,1655,80870
13817,1655,80871
13818,1655,80872
13819,1655,80874
13820,1655,80891
13821,1655,80895
13822,1655,80896
13823,1655,80901
13824,1656,80930
13825,1656,80932
13826,1656,80933
13827,1656,80934
13828,1656,80935
13829,1656,80936
13830,1656,80937
13831,1656,80938
13832,1656,80941
13833,1656,80943
13834,1656,80948
13835,1656,80949
13836,1656,80952
13837,1656,80974
13838,1656,80994
13839,1657,80995
13840,1657,80997
13841,1657,80999
13842,1657,81005
13843,1657,81006
13844,1658,81048
13845,1658,81049
13846,1658,81060
13847,1658,81062
13848,1658,81064
13849,1658,81065
13850,1658,81066
13851,1659,81078
13852,1659,81079
13853,1659,81082
13854,1659,81088
13855,1659,81089
13856,1659,81090
13857,1659,81092
13858,1660,81101
13859,1660,81102
13860,1660,81107
13861,1660,81114
13862,1660,81115
13863,1660,81116
13864,1660,81123
13865,1660,81125
13866,1661,81167
13867,1661,81168
13868,1661,81175
13869,1661,81180
13870,1661,81219
13871,1661,81223
13872,1661,81228
13873,1661,81229
13874,1661,81230
13875,1661,81232
13876,1661,81248
13877,1661,81249
13878,1661,81271
13879,1661,81278
13880,1661,81279
13881,1661,81307
13882,1662,81308
13883,1662,81309
13884,1662,81310
13885,1662,81313
13886,1662,81316
13887,1662,81326
13888,1663,81336
13889,1663,81339
13890,1663,81342
13891,1663,81343
13892,1663,81346
13893,1663,81347
13894,1663,81349
13895,1663,81350
13896,1663,81358
13897,1663,81359
13898,1663,81369
13899,1664,81384
13900,1664,81423
13901,1664,81426
13902,1664,81435
13903,1664,81438
13904,1665,81445
13905,1665,81454
13906,1665,81459
13907,1665,81466
13908,1665,81467
13909,1665,81468
13910,1665,81473
13911,1665,81476
13912,1665,81485
13913,1665,81493
13914,1666,81504
13915,1666,81505
13916,1666,81510
13917,1666,81512
13918,1666,81513
13919,1667,81537
13920,1667,81545
13921,1667,81552
13922,1667,81554
13923,1667,81555
13924,1667,81556
13925,1667,81557
13926,1667,81561
13927,1667,81562
13928,1667,81571
13929,1667,81572
13930,1668,81590
13931,1668,81591
13932,1668,81593
13933,1668,81594
13934,1668,81595
13935,1668,81596
13936,1668,81606
13937,1669,81615
13938,1669,81618
13939,1669,81619
13940,1669,81620
13941,1669,81621
13942,1669,81623
13943,1669,81624
13944,1670,81645
13945,1670,81658
13946,1670,81670
13947,1670,81671
13948,1670,81672
13949,1670,81673
13950,1670,81678
13951,1670,81681
13952,1670,81688
13953,1671,81724
13954,1671,81730
13955,1671,81731
13956,1671,81733
13957,1671,81735
13958,1671,81736
13959,1671,81737
13960,1671,81738
13961,1672,81750
13962,1672,81754
13963,1672,81756
13964,1672,81762
13965,1672,81763
13966,1672,81765
13967,1672,81766
13968,1672,81767
13969,1672,81770
13970,1672,81772
13971,1673,81786
13972,1673,81787
13973,1673,81789
13974,1673,81790
13975,1673,81797
13976,1673,81800
13977,1674,81811
13978,1674,81814
13979,1674,81815
13980,1674,81817
13981,1674,81824
13982,1675,81834
13983,1675,81838
13984,1675,81856
13985,1676,81881
13986,1676,81885
13987,1676,81886
13988,1676,81887
13989,1677,81918
13990,1677,81922
13991,1677,81923
13992,1677,81924
13993,1677,81925
13994,1677,81927
13995,1677,81928
13996,1678,81955
13997,1678,81961
13998,1678,81962
13999,1678,81963
14000,1678,81965
14001,1678,81966
14002,1678,81969
14003,1678,81971
14004,1679,81990
14005,1679,81994
14006,1679,82013
14007,1679,82017
14008,1679,82020
14009,1679,82021
14010,1679,82022
14011,1679,82024
14012,1679,82025
14013,1679,82027
14014,1679,82028
14015,1679,82042
14016,1680,82053
14017,1680,82054
14018,1680,82055
14019,1680,82056
14020,1680,82063
14021,1680,82065
14022,1680,82071
14023,1680,82120
14024,1680,82122
14025,1680,82136
14026,1680,82147
14027,1680,82148
14028,1681,82182
14029,1681,82183
14030,1681,82185
14031,1681,82186
14032,1681,82188
14033,1681,82189
14034,1681,82190
14035,1681,82192
14036,1682,82227
14037,1682,82229
14038,1682,82232
14039,1682,82238
14040,1682,82239
14041,1682,82240
14042,1682,82242
14043,1682,82244
14044,1682,82245
14045,1683,82257
14046,1683,82261
14047,1683,82268
14048,1683,82271
14049,1683,82279
14050,1683,82280
14051,1683,82281
14052,1683,82282
14053,1683,82284
14054,1684,82301
14055,1684,82308
14056,1684,82327
14057,1684,82328
14058,1684,82329
14059,1684,82331
14060,1684,82332
14061,1684,82335
14062,1685,82337
14063,1685,82343
14064,1685,82351
14065,1686,82358
14066,1686,82365
14067,1686,82376
14068,1687,82381
14069,1687,82385
14070,1687,82386
14071,1687,82388
14072,1687,82389
14073,1688,82402
14074,1688,82405
14075,1688,82408
14076,1688,82409
14077,1688,82410
14078,1688,82411
14079,1688,82412
14080,1688,82420
14081,1689,82444
14082,1689,82445
14083,1689,82446
14084,1689,82447
14085,1689,82448
14086,1689,82462
14087,1689,82463
14088,1689,82474
14089,1689,82475
14090,1689,82480
14091,1689,82484
14092,1690,82510
14093,1690,82516
14094,1690,82517
14095,1690,82519
14096,1690,82520
14097,1690,82521
14098,1691,82542
14099,1691,82547
14100,1691,82548
14101,1691,82549
14102,1691,82551
14103,1691,82552
14104,1691,82553
14105,1692,82570
14106,1692,82581
14107,1692,82586
14108,1692,82587
14109,1692,82588
14110,1692,82597
14111,1692,82605
14112,1692,82628
14113,1692,82640
14114,1692,82641
14115,1693,82644
14116,1693,82645
14117,1693,82659
14118,1693,82665
14119,1693,82667
14120,1693,82685
14121,1694,82696
14122,1694,82699
14123,1694,82700
14124,1694,82707
14125,1694,82708
14126,1694,82709
14127,1694,82710
14128,1694,82712
14129,1694,82718
14130,1694,82743
14131,1695,82755
14132,1695,82774
14133,1695,82777
14134,1695,82779
14135,1695,82780
14136,1695,82781
14137,1695,82785
14138,1695,82787
14139,1696,82812
14140,1696,82813
14141,1696,82814
14142,1696,82815
14143,1696,82818
14144,1696,82821
14145,1696,82827
14146,1696,82830
14147,1696,82832
14148,1696,82848
14149,1697,82860
14150,1697,82862
14151,1697,82868
14152,1697,82869
14153,1697,82871
14154,1697,82876
14155,1697,82877
14156,1697,82878
14157,1697,82879
14158,1697,82880
14159,1697,82881
14160,1697,82903
14161,1697,82927
14162,1697,82928
14163,1697,82931
14164,1698,82946
14165,1698,82948
14166,1698,82950
14167,1698,82952
14168,1698,82956
14169,1698,82957
14170,1698,82962
14171,1698,82963
14172,1698,82976
14173,1698,82978
14174,1699,82988
14175,1699,83000
14176,1699,83001
14177,1699,83006
14178,1699,83007
14179,1699,83008
14180,1699,83012
14181,1699,83013
14182,1699,83014
14183,1699,83015
14184,1699,83026
14185,1700,83053
14186,1700,83057
14187,1700,83063
14188,1700,83065
14189,1701,83079
14190,1701,83087
14191,1701,83088
14192,1701,83089
14193,1702,83115
14194,1702,83116
14195,1702,83117
14196,1702,83119
14197,1702,83124
14198,1702,83139
14199,1702,83141
14200,1703,83148
14201,1703,83159
14202,1703,83163
14203,1703,83164
14204,1703,83165
14205,1703,83166
14206,1703,83185
14207,1704,83215
14208,1704,83216
14209,1704,83217
14210,1704,83218
14211,1704,83219
14212,1704,83220
14213,1704,83221
14214,1704,83238
14215,1704,83239
14216,1704,83243
14217,1704,83245
14218,1705,83254
14219,1705,83255
14220,1705,83256
14221,1705,83261
14222,1705,83262
14223,1705,83263
14224,1705,83264
14225,1705,83266
14226,1705,83270
14227,1705,83272
14228,1706,83279
14229,1706,83280
14230,1706,83284
14231,1706,83288
14232,1706,83289
14233,1706,83295
14234,1706,83296
14235,1706,83297
14236,1706,83298
14237,1706,83304
14238,1706,83315
14239,1706,83325
14240,1707,83336
14241,1707,83337
14242,1707,83338
14243,1707,83339
14244,1707,83340
14245,1707,83341
14246,1707,83343
14247,1708,83351
14248,1708,83352
14249,1708,83353
14250,1708,83356
14251,1708,83366
14252,1708,83368
14253,1709,83380
14254,1709,83386
14255,1709,83396
14256,1710,83402
14257,1710,83403
14258,1710,83406
14259,1710,83407
14260,1710,83408
14261,1710,83410
14262,1710,83411
14263,1710,83413
14264,1710,83414
14265,1710,83415
14266,1710,83416
14267,1710,83417
14268,1710,83435
14269,1710,83436
14270,1710,83453
14271,1711,83459
14272,1711,83460
14273,1711,83461
14274,1711,83464
14275,1711,83467
14276,1711,83468
14277,1711,83469
14278,1711,83470
14279,1711,83472
14280,1711,83473
14281,1711,83478
14282,1711,83481
14283,1712,83532
14284,1712,83538
14285,1712,83545
14286,1712,83549
14287,1712,83553
14288,1712,83559
14289,1712,83560
14290,1712,83561
14291,1712,83570
14292,1712,83571
14293,1712,83575
14294,1712,83585
14295,1712,83586
14296,1712,83620
14297,1712,83621
14298,1712,83625
14299,1712,83630
14300,1712,83632
14301,1712,83633
14302,1712,83637
14303,1712,83640
14304,1712,83642
14305,1712,83645
14306,1712,83649
14307,1712,83651
14308,1712,83663
14309,1712,83666
14310,1712,83667
14311,1712,83671
14312,1713,83721
14313,1713,83728
14314,1713,83729
14315,1713,83732
14316,1713,83733
14317,1713,83735
14318,1713,83737
14319,1713,83739
14320,1713,83741
14321,1713,83742
14322,1713,83743
14323,1713,83744
14324,1713,83745
14325,1713,83746
14326,1713,83765
14327,1713,83766
14328,1714,83795
14329,1714,83799
14330,1714,83812
14331,1715,83818
14332,1715,83823
14333,1715,83829
14334,1715,83830
14335,1715,83831
14336,1715,83839
14337,1715,83843
14338,1715,83845
14339,1716,83860
14340,1716,83861
14341,1716,83869
14342,1716,83870
14343,1716,83877
14344,1716,83881
14345,1716,83882
14346,1716,83883
14347,1717,83895
14348,1717,83896
14349,1717,83897
14350,1717,83899
14351,1717,83901
14352,1717,83902
14353,1718,83922
14354,1718,83930
14355,1718,83942
14356,1718,83946
14357,1719,83978
14358,1719,83981
14359,1719,84000
14360,1719,84010
14361,1719,84011
14362,1719,84012
14363,1719,84013
14364,1720,84040
14365,1720,84041
14366,1720,84044
14367,1720,84045
14368,1720,84048
14369,1720,84049
14370,1720,84057
14371,1720,84058
14372,1720,84064
14373,1720,84065
14374,1721,84092
14375,1721,84095
14376,1721,84096
14377,1721,84101
14378,1721,84105
14379,1721,84111
14380,1721,84112
14381,1721,84113
14382,1721,84114
14383,1721,84124
14384,1721,84125
14385,1721,84126
14386,1721,84127
14387,1721,84128
14388,1722,84162
14389,1722,84172
14390,1722,84174
14391,1722,84175
14392,1722,84191
14393,1722,84192
14394,1723,84201
14395,1723,84202
14396,1723,84203
14397,1723,84208
14398,1723,84215
14399,1723,84218
14400,1724,84226
14401,1724,84231
14402,1724,84236
14403,1724,84242
14404,1725,84248
14405,1725,84251
14406,1725,84254
14407,1725,84259
14408,1725,84266
14409,1725,84268
14410,1725,84269
14411,1725,84272
14412,1725,84275
14413,1726,84284
14414,1726,84285
14415,1726,84286
14416,1726,84288
14417,1726,84289
14418,1726,84291
14419,1726,84319
14420,1727,84326
14421,1727,84329
14422,1727,84331
14423,1727,84332
14424,1727,84333
14425,1727,84338
14426,1727,84343
14427,1727,84344
14428,1727,84345
14429,1727,84349
14430,1727,84356
14431,1728,84397
14432,1728,84401
14433,1728,84404
14434,1728,84422
14435,1728,84476
14436,1728,84485
14437,1729,84494
14438,1729,84495
14439,1729,84502
14440,1729,84503
14441,1729,84514
14442,1729,84515
14443,1729,84516
14444,1729,84517
14445,1729,84518
14446,1729,84530
14447,1729,84533
14448,1729,84534
14449,1730,84552
14450,1730,84556
14451,1730,84558
14452,1730,84559
14453,1730,84560
14454,1730,84561
14455,1730,84564
14456,1731,84576
14457,1731,84577
14458,1731,84580
14459,1731,84587
14460,1731,84588
14461,1731,84589
14462,1731,84591
14463,1731,84617
14464,1731,84618
14465,1732,84622
14466,1732,84623
14467,1732,84629
14468,1732,84635
14469,1732,84636
14470,1732,84637
14471,1732,84639
14472,1732,84640
14473,1733,84670
14474,1733,84704
14475,1733,84711
14476,1733,84716
14477,1733,84717
14478,1733,84723
14479,1733,84726
14480,1733,84731
14481,1733,84734
14482,1734,84747
14483,1734,84754
14484,1734,84756
14485,1734,84757
14486,1734,84759
14487,1734,84760
14488,1734,84761
14489,1734,84781
14490,1734,84782
14491,1735,84790
14492,1735,84800
14493,1735,84801
14494,1735,84820
14495,1735,84825
14496,1735,84866
14497,1735,84869
14498,1736,84889
14499,1736,84895
14500,1736,84902
14501,1736,84907
14502,1736,84908
14503,1736,84909
14504,1736,84916
14505,1736,84918
14506,1736,84921
14507,1737,84935
14508,1737,84936
14509,1737,84946
14510,1737,84952
14511,1737,84953
14512,1737,84954
14513,1737,84955
14514,1737,84958
14515,1738,84978
14516,1738,84988
14517,1738,84989
14518,1738,84990
14519,1738,84994
14520,1738,84995
14521,1739,85001
14522,1739,85002
14523,1739,85008
14524,1739,85011
14525,1739,85017
14526,1739,85018
14527,1739,85019
14528,1739,85020
14529,1739,85027
14530,1739,85029
14531,1739,85030
14532,1739,85040
14533,1739,85042
14534,1740,85065
14535,1740,85066
14536,1740,85069
14537,1740,85075
14538,1740,85076
14539,1740,85077
14540,1740,85079
14541,1741,85098
14542,1741,85099
14543,1741,85100
14544,1741,85106
14545,1742,85124
14546,1742,85140
14547,1742,85146
14548,1742,85170
14549,1742,85178
14550,1743,85194
14551,1743,85196
14552,1743,85202
14553,1743,85203
14554,1743,85204
14555,1743,85206
14556,1744,85233
14557,1744,85238
14558,1744,85243
14559,1744,85245
14560,1744,85253
14561,1744,85266
14562,1744,85267
14563,1744,85268
14564,1744,85269
14565,1744,85271
14566,1744,85276
14567,1744,85277
14568,1744,85281
14569,1744,85282
14570,1744,85285
14571,1744,85288
14572,1744,85291
14573,1744,85294
14574,1745,85312
14575,1745,85313
14576,1745,85315
14577,1745,85316
14578,1745,85317
14579,1745,85319
14580,1745,85320
14581,1746,85333
14582,1746,85336
14583,1746,85337
14584,1746,85339
14585,1746,85348
14586,1746,85352
14587,1746,85355
14588,1746,85356
14589,1746,85357
14590,1747,85384
14591,1747,85388
14592,1747,85390
14593,1747,85391
14594,1747,85399
14595,1748,85407
14596,1748,85408
14597,1748,85411
14598,1748,85417
14599,1748,85418
14600,1748,85419
14601,1748,85420
14602,1749,85431
14603,1749,85435
14604,1749,85438
14605,1749,85454
14606,1749,85502
14607,1749,85509
14608,1750,85514
14609,1750,85515
14610,1750,85516
14611,1750,85517
14612,1750,85525
14613,1750,85530
14614,1750,85532
14615,1751,85540
14616,1751,85543
14617,1751,85545
14618,1751,85548
14619,1751,85550
14620,1751,85551
14621,1752,85577
14622,1752,85583
14623,1752,85595
14624,1752,85597
14625,1752,85598
14626,1752,85599
14627,1752,85601
14628,1752,85602
14629,1752,85623
14630,1752,85624
14631,1752,85631
14632,1753,85639
14633,1753,85641
14634,1753,85671
14635,1753,85673
14636,1753,85674
14637,1754,85693
14638,1754,85701
14639,1754,85702
14640,1754,85703
14641,1754,85711
14642,1754,85712
14643,1754,85721
14644,1754,85722
14645,1754,85724
14646,1754,85726
14647,1754,85727
14648,1754,85728
14649,1754,85729
14650,1754,85730
14651,1754,85751
14652,1754,85752
14653,1755,85792
14654,1755,85795
14655,1755,85873
14656,1755,85892
14657,1755,85894
14658,1755,85895
14659,1755,85896
14660,1755,85901
14661,1755,85902
14662,1756,85925
14663,1756,85929
14664,1756,85932
14665,1756,85959
14666,1756,85985
14667,1756,85991
14668,1757,85996
14669,1757,85997
14670,1757,86026
14671,1757,86027
14672,1757,86038
14673,1758,86066
14674,1758,86096
14675,1758,86103
14676,1758,86104
14677,1758,86105
14678,1758,86109
14679,1758,86120
14680,1759,86132
14681,1759,86138
14682,1759,86139
14683,1759,86142
14684,1759,86143
14685,1760,86161
14686,1760,86167
14687,1760,86168
14688,1760,86171
14689,1760,86172
14690,1760,86174
14691,1760,86176
14692,1760,86177
14693,1760,86179
14694,1760,86180
14695,1760,86181
14696,1760,86182
14697,1760,86183
14698,1760,86200
14699,1760,86202
14700,1760,86203
14701,1761,86227
14702,1761,86236
14703,1761,86238
14704,1761,86244
14705,1761,86245
14706,1761,86246
14707,1761,86268
14708,1761,86271
14709,1761,86272
14710,1761,86273
14711,1761,86274
14712,1762,86306
14713,1762,86317
14714,1762,86326
14715,1762,86327
14716,1762,86328
14717,1762,86329
14718,1762,86333
14719,1762,86335
14720,1762,86342
14721,1762,86347
14722,1763,86376
14723,1763,86392
14724,1763,86393
14725,1763,86394
14726,1763,86407
14727,1763,86412
14728,1764,86433
14729,1764,86436
14730,1764,86443
14731,1764,86450
14732,1764,86451
14733,1764,86452
14734,1764,86456
14735,1764,86457
14736,1764,86458
14737,1764,86459
14738,1764,86470
14739,1764,86471
14740,1765,86488
14741,1765,86505
14742,1765,86511
14743,1765,86512
14744,1765,86513
14745,1765,86515
14746,1765,86516
14747,1765,86517
14748,1765,86518
14749,1765,86519
14750,1765,86533
14751,1765,86536
14752,1766,86568
14753,1766,86572
14754,1766,86578
14755,1766,86596
14756,1766,86597
14757,1766,86598
14758,1767,86624
14759,1767,86627
14760,1767,86631
14761,1767,86632
14762,1768,86647
14763,1768,86648
14764,1768,86651
14765,1768,86652
14766,1768,86653
14767,1768,86655
14768,1768,86657
14769,1768,86659
14770,1768,86660
14771,1768,86661
14772,1768,86662
14773,1768,86663
14774,1768,86677
14775,1768,86684
14776,1768,86685
14777,1769,86715
14778,1769,86727
14779,1769,86740
14780,1769,86741
14781,1769,86742
14782,1769,86744
14783,1769,86745
14784,1769,86749
14785,1770,86766
14786,1770,86768
14787,1770,86770
14788,1770,86772
14789,1770,86785
14790,1770,86786
14791,1770,86787
14792,1770,86788
14793,1770,86790
14794,1771,86802
14795,1771,86807
14796,1771,86809
14797,1771,86813
14798,1771,86815
14799,1771,86817
14800,1771,86818
14801,1771,86824
14802,1771,86826
14803,1772,86861
14804,1772,86868
14805,1772,86869
14806,1772,86870
14807,1773,86891
14808,1773,86894
14809,1773,86908
14810,1773,86910
14811,1773,86917
14812,1773,86918
14813,1773,86921
14814,1773,86922
14815,1773,86923
14816,1773,86925
14817,1773,86926
14818,1774,86949
14819,1774,86953
14820,1774,86957
14821,1774,86962
14822,1774,86963
14823,1774,86978
14824,1775,86999
14825,1775,87010
14826,1775,87014
14827,1775,87015
14828,1775,87016
14829,1775,87025
14830,1775,87026
14831,1776,87051
14832,1776,87054
14833,1776,87055
14834,1776,87059
14835,1776,87067
14836,1776,87068
14837,1776,87069
14838,1776,87070
14839,1776,87077
14840,1776,87089
14841,1776,87093
14842,1776,87094
14843,1776,87099
14844,1777,87126
14845,1777,87132
14846,1777,87133
14847,1777,87135
14848,1777,87136
14849,1777,87137
14850,1777,87138
14851,1777,87141
14852,1777,87142
14853,1777,87149
14854,1778,87170
14855,1778,87171
14856,1778,87172
14857,1778,87177
14858,1778,87179
14859,1778,87180
14860,1778,87182
14861,1778,87183
14862,1778,87194
14863,1778,87201
14864,1779,87219
14865,1779,87220
14866,1779,87221
14867,1779,87222
14868,1779,87224
14869,1779,87232
14870,1779,87233
14871,1779,87234
14872,1779,87241
14873,1779,87242
14874,1779,87244
14875,1780,87256
14876,1780,87260
14877,1780,87261
14878,1780,87262
14879,1780,87263
14880,1780,87265
14881,1780,87266
14882,1781,87279
14883,1781,87282
14884,1781,87285
14885,1781,87286
14886,1781,87290
14887,1781,87291
14888,1781,87293
14889,1781,87294
14890,1781,87301
14891,1781,87302
14892,1781,87313
14893,1782,87328
14894,1782,87334
14895,1782,87335
14896,1782,87337
14897,1783,87364
14898,1783,87372
14899,1783,87374
14900,1783,87376
14901,1783,87377
14902,1783,87379
14903,1783,87380
14904,1783,87381
14905,1784,87403
14906,1784,87410
14907,1784,87413
14908,1784,87414
14909,1784,87415
14910,1784,87417
14911,1785,87434
14912,1785,87437
14913,1785,87438
14914,1785,87439
14915,1785,87440
14916,1785,87442
14917,1785,87443
14918,1786,87457
14919,1786,87459
14920,1786,87461
14921,1786,87468
14922,1786,87469
14923,1786,87472
14924,1786,87473
14925,1786,87474
14926,1786,87475
14927,1786,87479
14928,1786,87480
14929,1787,87500
14930,1787,87508
14931,1787,87509
14932,1787,87514
14933,1787,87534
14934,1787,87540
14935,1787,87567
14936,1787,87568
14937,1788,87584
14938,1788,87587
14939,1788,87589
14940,1788,87596
14941,1788,87615
14942,1788,87619
14943,1789,87655
14944,1789,87656
14945,1789,87657
14946,1789,87662
14947,1790,87680
14948,1790,87684
14949,1790,87685
14950,1790,87686
14951,1790,87687
14952,1790,87689
14953,1790,87690
14954,1790,87710
14955,1791,87714
14956,1791,87715
14957,1791,87718
14958,1791,87724
14959,1791,87725
14960,1791,87726
14961,1791,87728
14962,1792,87734
14963,1792,87735
14964,1792,87737
14965,1792,87738
14966,1792,87739
14967,1792,87740
14968,1792,87749
14969,1793,87756
14970,1793,87761
14971,1793,87767
14972,1793,87768
14973,1793,87769
14974,1793,87773
14975,1793,87774
14976,1793,87776
14977,1794,87793
14978,1794,87797
14979,1794,87806
14980,1794,87809
14981,1794,87846
14982,1794,87847
14983,1794,87852
14984,1794,87854
14985,1794,87855
14986,1794,87856
14987,1794,87869
14988,1795,87900
14989,1795,87903
14990,1795,87904
14991,1795,87905
14992,1795,87920
14993,1795,87929
14994,1795,87930
14995,1795,87935
14996,1796,87965
14997,1796,87966
14998,1796,87969
14999,1796,87970
15000,1796,87971
15001,1796,87973
15002,1796,87974
15003,1796,87976
15004,1796,87977
15005,1796,87978
15006,1796,87979
15007,1796,87980
15008,1796,87995
15009,1796,88002
15010,1796,88003
15011,1797,88042
15012,1797,88046
15013,1797,88052
15014,1797,88053
15015,1797,88054
15016,1797,88055
15017,1797,88056
15018,1797,88066
15019,1797,88089
15020,1797,88090
15021,1797,88101
15022,1798,88129
15023,1798,88130
15024,1798,88131
15025,1798,88137
15026,1798,88138
15027,1798,88146
15028,1798,88150
15029,1798,88171
15030,1799,88175
15031,1799,88183
15032,1799,88189
15033,1799,88190
15034,1799,88191
15035,1799,88195
15036,1800,88221
15037,1800,88222
15038,1800,88228
15039,1800,88229
15040,1800,88237
15041,1800,88243
15042,1800,88245
15043,1801,88276
15044,1801,88279
15045,1801,88281
15046,1801,88284
15047,1801,88289
15048,1801,88291
15049,1801,88305
15050,1801,88312
15051,1802,88318
15052,1802,88321
15053,1802,88322
15054,1802,88324
15055,1802,88325
15056,1802,88326
15057,1802,88327
15058,1803,88341
15059,1803,88342
15060,1803,88343
15061,1803,88344
15062,1803,88356
15063,1803,88362
15064,1803,88365
15065,1803,88366
15066,1803,88372
15067,1803,88373
15068,1803,88376
15069,1803,88377
15070,1803,88383
15071,1803,88386
15072,1804,88404
15073,1804,88405
15074,1804,88407
15075,1804,88408
15076,1804,88409
15077,1804,88410
15078,1804,88411
15079,1804,88418
15080,1805,88423
15081,1805,88427
15082,1805,88428
15083,1805,88429
15084,1805,88430
15085,1805,88432
15086,1805,88433
15087,1806,88445
15088,1806,88448
15089,1806,88452
15090,1806,88453
15091,1806,88454
15092,1806,88456
15093,1806,88537
15094,1807,88558
15095,1807,88561
15096,1807,88565
15097,1807,88566
15098,1807,88587
15099,1807,88593
15100,1807,88594
15101,1807,88595
15102,1807,88596
15103,1807,88601
15104,1807,88602
15105,1808,88633
15106,1808,88640
15107,1808,88641
15108,1808,88642
15109,1808,88643
15110,1808,88664
15111,1808,88671
15112,1808,88674
15113,1809,88728
15114,1809,88746
15115,1809,88747
15116,1809,88748
15117,1809,88759
15118,1809,88777
15119,1809,88778
15120,1810,88791
15121,1810,88792
15122,1810,88794
15123,1810,88795
15124,1810,88796
15125,1810,88797
15126,1810,88806
15127,1811,88811
15128,1811,88812
15129,1811,88814
15130,1811,88815
15131,1811,88816
15132,1811,88817
15133,1811,88825
15134,1812,88832
15135,1812,88833
15136,1812,88841
15137,1812,88842
15138,1812,88843
15139,1812,88847
15140,1812,88848
15141,1812,88863
15142,1812,88867
15143,1812,88868
15144,1812,88873
15145,1812,88874
15146,1813,88902
15147,1813,88903
15148,1813,88907
15149,1813,88910
15150,1813,88924
15151,1813,88930
15152,1813,88941
15153,1813,88951
15154,1813,88953
15155,1813,88954
15156,1813,88955
15157,1813,88956
15158,1814,88968
15159,1814,88970
15160,1814,88976
15161,1814,88977
15162,1814,88978
15163,1814,88980
15164,1814,88981
15165,1814,88982
15166,1814,88989
15167,1815,88993
15168,1815,88997
15169,1815,89003
15170,1815,89004
15171,1815,89005
15172,1815,89006
15173,1815,89008
15174,1815,89009
15175,1815,89024
15176,1815,89025
15177,1816,89051
15178,1816,89052
15179,1816,89053
15180,1816,89057
15181,1816,89058
15182,1816,89059
15183,1816,89060
15184,1816,89072
15185,1817,89080
15186,1817,89086
15187,1817,89094
15188,1817,89100
15189,1817,89101
15190,1817,89102
15191,1817,89108
15192,1817,89110
15193,1817,89111
15194,1817,89115
15195,1817,89116
15196,1818,89149
15197,1818,89154
15198,1818,89155
15199,1818,89156
15200,1818,89157
15201,1818,89159
15202,1818,89160
15203,1819,89177
15204,1819,89179
15205,1819,89191
15206,1819,89207
15207,1819,89229
15208,1819,89230
15209,1819,89263
15210,1820,89270
15211,1820,89273
15212,1820,89274
15213,1820,89279
15214,1820,89283
15215,1820,89289
15216,1820,89290
15217,1820,89292
15218,1820,89293
15219,1820,89295
15220,1820,89296
15221,1820,89297
15222,1820,89299
15223,1820,89300
15224,1820,89301
15225,1821,89321
15226,1821,89324
15227,1821,89344
15228,1821,89345
15229,1821,89346
15230,1821,89348
15231,1821,89355
15232,1821,89357
15233,1822,89396
15234,1822,89398
15235,1822,89399
15236,1822,89400
15237,1822,89401
15238,1822,89405
15239,1823,89424
15240,1823,89438
15241,1823,89439
15242,1823,89440
15243,1823,89442
15244,1824,89457
15245,1824,89458
15246,1824,89461
15247,1824,89467
15248,1824,89468
15249,1824,89469
15250,1824,89471
15251,1825,89490
15252,1825,89496
15253,1825,89497
15254,1825,89498
15255,1825,89500
15256,1825,89507
15257,1826,89541
15258,1826,89552
15259,1826,89553
15260,1827,89569
15261,1827,89580
15262,1827,89585
15263,1827,89586
15264,1827,89587
15265,1828,89607
15266,1828,89613
15267,1828,89614
15268,1828,89615
15269,1828,89616
15270,1828,89619
15271,1828,89620
15272,1828,89622
15273,1828,89624
15274,1828,89625
15275,1828,89626
15276,1828,89627
15277,1828,89628
15278,1828,89646
15279,1828,89647
15280,1829,89676
15281,1829,89685
15282,1829,89686
15283,1829,89687
15284,1829,89688
15285,1829,89692
15286,1829,89693
15287,1829,89694
15288,1829,89695
15289,1830,89713
15290,1830,89716
15291,1830,89718
15292,1830,89719
15293,1830,89730
15294,1830,89735
15295,1830,89736
15296,1830,89738
15297,1830,89739
15298,1830,89741
15299,1830,89742
15300,1831,89765
15301,1831,89771
15302,1831,89774
15303,1831,89775
15304,1831,89778
15305,1831,89781
15306,1831,89782
15307,1831,89783
15308,1831,89786
15309,1831,89787
15310,1831,89788
15311,1831,89789
15312,1831,89790
15313,1831,89807
15314,1831,89808
15315,1832,89847
15316,1832,89860
15317,1832,89861
15318,1832,89868
15319,1832,89882
15320,1832,89883
15321,1832,89895
15322,1832,89896
15323,1833,89902
15324,1833,89907
15325,1833,89913
15326,1833,89914
15327,1833,89915
15328,1833,89916
15329,1833,89919
15330,1833,89920
15331,1833,89921
15332,1834,89945
15333,1834,89951
15334,1834,89952
15335,1834,89958
15336,1834,89959
15337,1834,89960
15338,1834,89963
15339,1834,89964
15340,1835,89980
15341,1835,89986
15342,1835,89987
15343,1835,89990
15344,1835,89991
15345,1836,90005
15346,1836,90007
15347,1836,90025
15348,1836,90035
15349,1836,90046
15350,1836,90047
15351,1836,90048
15352,1837,90128
15353,1837,90133
15354,1838,90155
15355,1838,90156
15356,1838,90157
15357,1838,90158
15358,1838,90159
15359,1838,90160
15360,1838,90167
15361,1838,90168
15362,1838,90172
15363,1839,90180
15364,1839,90186
15365,1839,90188
15366,1839,90207
15367,1839,90214
15368,1839,90220
15369,1839,90221
15370,1839,90222
15371,1839,90250
15372,1839,90266
15373,1839,90267
15374,1839,90285
15375,1839,90293
15376,1839,90299
15377,1839,90309
15378,1839,90310
15379,1839,90324
15380,1839,90326
15381,1839,90327
15382,1839,90328
15383,1839,90329
15384,1840,90343
15385,1840,90345
15386,1840,90371
15387,1840,90373
15388,1840,90374
15389,1841,90407
15390,1841,90413
15391,1841,90414
15392,1841,90416
15393,1841,90417
15394,1841,90418
15395,1841,90419
15396,1842,90444
15397,1842,90445
15398,1842,90446
15399,1842,90448
15400,1842,90449
15401,1842,90450
15402,1842,90451
15403,1842,90467
15404,1843,90476
15405,1843,90480
15406,1843,90506
15407,1843,90529
15408,1843,90532
15409,1843,90533
15410,1843,90562
15411,1843,90563
15412,1843,90565
15413,1844,90570
15414,1844,90573
15415,1844,90592
15416,1844,90598
15417,1844,90600
15418,1844,90601
15419,1844,90602
15420,1844,90603
15421,1844,90604
15422,1844,90605
15423,1844,90611
15424,1844,90612
15425,1844,90616
15426,1844,90618
15427,1844,90620
15428,1844,90632
15429,1844,90636
15430,1844,90638
15431,1844,90668
15432,1845,90688
15433,1845,90698
15434,1845,90699
15435,1845,90700
15436,1845,90702
15437,1845,90706
15438,1845,90708
15439,1845,90711
15440,1846,90735
15441,1846,90756
15442,1846,90758
15443,1846,90766
15444,1846,90767
15445,1846,90768
15446,1846,90772
15447,1846,90773
15448,1846,90778
15449,1846,90784
15450,1847,90803
15451,1847,90804
15452,1847,90805
15453,1847,90808
15454,1847,90819
15455,1848,90840
15456,1848,90846
15457,1848,90847
15458,1848,90849
15459,1848,90850
15460,1848,90851
15461,1848,90852
15462,1849,90862
15463,1849,90863
15464,1849,90865
15465,1849,90866
15466,1849,90867
15467,1849,90868
15468,1849,90875
15469,1849,90877
15470,1850,90903
15471,1850,90905
15472,1850,90926
15473,1850,90927
15474,1850,90933
15475,1851,90948
15476,1851,90950
15477,1851,90951
15478,1851,90952
15479,1851,90955
15480,1851,90956
15481,1851,90957
15482,1851,90974
15483,1851,90978
15484,1852,90996
15485,1852,90998
15486,1852,90999
15487,1852,91000
15488,1852,91001
15489,1852,91002
15490,1852,91003
15491,1852,91017
15492,1853,91023
15493,1853,91025
15494,1853,91028
15495,1853,91041
15496,1853,91064
15497,1853,91083
15498,1853,91096
15499,1853,91097
15500,1854,91103
15501,1854,91104
15502,1854,91110
15503,1854,91111
15504,1854,91112
15505,1854,91113
15506,1854,91127
15507,1855,91144
15508,1855,91150
15509,1855,91160
15510,1855,91165
15511,1855,91166
15512,1855,91168
15513,1856,91190
15514,1856,91193
15515,1856,91194
15516,1856,91203
15517,1856,91208
15518,1856,91209
15519,1856,91211
15520,1856,91212
15521,1856,91213
15522,1856,91214
15523,1856,91215
15524,1856,91216
15525,1857,91249
15526,1857,91274
15527,1857,91280
15528,1857,91290
15529,1858,91299
15530,1858,91301
15531,1858,91304
15532,1858,91311
15533,1858,91312
15534,1858,91319
15535,1858,91332
15536,1858,91333
15537,1858,91334
15538,1858,91339
15539,1859,91351
15540,1859,91353
15541,1859,91355
15542,1859,91356
15543,1859,91357
15544,1859,91358
15545,1859,91363
15546,1859,91366
15547,1859,91383
15548,1859,91388
15549,1859,91391
15550,1860,91396
15551,1860,91400
15552,1860,91406
15553,1860,91407
15554,1860,91410
15555,1860,91413
15556,1860,91414
15557,1860,91415
15558,1860,91416
15559,1860,91432
15560,1860,91440
15561,1860,91445
15562,1861,91446
15563,1861,91455
15564,1861,91456
15565,1861,91458
15566,1861,91459
15567,1861,91460
15568,1861,91461
15569,1861,91473
15570,1861,91476
15571,1861,91482
15572,1862,91489
15573,1862,91491
15574,1862,91492
15575,1862,91493
15576,1862,91494
15577,1862,91495
15578,1862,91497
15579,1862,91509
15580,1862,91512
15581,1862,91520
15582,1862,91524
15583,1862,91536
15584,1863,91542
15585,1863,91546
15586,1863,91555
15587,1863,91558
15588,1863,91559
15589,1863,91560
15590,1863,91562
15591,1863,91577
15592,1863,91582
15593,1863,91589
15594,1864,91592
15595,1864,91602
15596,1864,91603
15597,1864,91604
15598,1864,91606
15599,1864,91608
15600,1864,91624
15601,1864,91630
15602,1865,91636
15603,1865,91637
15604,1865,91638
15605,1865,91641
15606,1865,91642
15607,1865,91643
15608,1865,91647
15609,1865,91668
15610,1865,91674
15611,1865,91681
15612,1866,91687
15613,1866,91699
15614,1866,91700
15615,1866,91708
15616,1866,91710
15617,1866,91732
15618,1866,91733
15619,1866,91734
15620,1866,91751
15621,1867,91770
15622,1867,91771
15623,1867,91774
15624,1867,91777
15625,1867,91778
15626,1867,91779
15627,1867,91781
15628,1867,91783
15629,1867,91784
15630,1867,91785
15631,1867,91786
15632,1867,91787
15633,1867,91788
15634,1867,91794
15635,1867,91797
15636,1867,91820
15637,1867,91824
15638,1868,91835
15639,1868,91840
15640,1868,91841
15641,1868,91844
15642,1868,91846
15643,1868,91848
15644,1868,91852
15645,1868,91853
15646,1868,91854
15647,1869,91877
15648,1869,91881
15649,1869,91882
15650,1869,91883
15651,1869,91891
15652,1869,91897
15653,1869,91898
15654,1869,91899
15655,1869,91900
15656,1869,91923
15657,1869,91924
15658,1869,91927
15659,1870,91934
15660,1870,91939
15661,1870,91942
15662,1870,91946
15663,1870,91947
15664,1870,91953
15665,1870,91954
15666,1870,91955
15667,1870,91977
15668,1870,91978
15669,1871,91999
15670,1871,92000
15671,1871,92007
15672,1871,92008
15673,1871,92009
15674,1871,92010
15675,1871,92011
15676,1871,92013
15677,1871,92014
15678,1871,92017
15679,1872,92033
15680,1872,92037
15681,1872,92212
15682,1872,92213
15683,1872,92224
15684,1873,92253
15685,1873,92254
15686,1873,92260
15687,1873,92261
15688,1873,92262
15689,1873,92263
15690,1873,92269
15691,1873,92270
15692,1873,92271
15693,1873,92272
15694,1874,92344
15695,1874,92349
15696,1874,92353
15697,1874,92365
15698,1874,92394
15699,1874,92395
15700,1874,92420
15701,1874,92430
15702,1875,92475
15703,1875,92480
15704,1875,92494
15705,1875,92497
15706,1876,92515
15707,1876,92528
15708,1876,92529
15709,1876,92547
15710,1876,92552
15711,1876,92553
15712,1876,92554
15713,1877,92576
15714,1877,92577
15715,1877,92578
15716,1877,92579
15717,1877,92581
15718,1877,92608
15719,1878,92613
15720,1878,92614
15721,1878,92615
15722,1878,92616
15723,1878,92618
15724,1878,92643
15725,1879,92651
15726,1879,92652
15727,1879,92653
15728,1879,92654
15729,1879,92655
15730,1879,92665
15731,1879,92671
15732,1879,92672
15733,1879,92676
15734,1879,92677
15735,1879,92678
15736,1879,92686
15737,1880,92726
15738,1880,92727
15739,1880,92728
15740,1880,92737
15741,1880,92746
15742,1880,92747
15743,1880,92750
15744,1880,92751
15745,1880,92759
15746,1880,92763
15747,1880,92779
15748,1880,92780
15749,1880,92781
15750,1880,92782
15751,1881,92821
15752,1881,92822
15753,1881,92823
15754,1881,92831
15755,1881,92838
15756,1881,92839
15757,1881,92841
15758,1881,92853
15759,1881,92854
15760,1881,92856
15761,1882,92875
15762,1882,92885
15763,1882,92887
15764,1882,92905
15765,1882,92906
15766,1883,92911
15767,1883,92912
15768,1883,92914
15769,1883,92915
15770,1883,92916
15771,1883,92917
15772,1883,92939
15773,1883,92945
15774,1884,92949
15775,1884,92950
15776,1884,92952
15777,1884,92967
15778,1884,92968
15779,1884,92969
15780,1884,92970
15781,1884,92975
15782,1884,92983
15783,1885,93001
15784,1885,93007
15785,1885,93008
15786,1885,93010
15787,1885,93020
15788,1885,93039
15789,1885,93043
15790,1885,93047
15791,1886,93067
15792,1886,93073
15793,1886,93074
15794,1886,93075
15795,1886,93076
15796,1886,93078
15797,1886,93079
15798,1887,93087
15799,1887,93088
15800,1887,93091
15801,1887,93092
15802,1887,93093
15803,1887,93095
15804,1887,93096
15805,1887,93098
15806,1887,93099
15807,1887,93100
15808,1887,93101
15809,1887,93102
15810,1887,93116
15811,1887,93117
15812,1887,93147
15813,1888,93153
15814,1888,93154
15815,1888,93157
15816,1888,93163
15817,1888,93164
15818,1888,93165
15819,1888,93167
15820,1889,93174
15821,1889,93182
15822,1889,93188
15823,1889,93189
15824,1889,93190
15825,1889,93194
15826,1889,93195
15827,1889,93198
15828,1889,93202
15829,1890,93225
15830,1890,93230
15831,1890,93231
15832,1890,93232
15833,1890,93233
15834,1890,93234
15835,1890,93238
15836,1890,93239
15837,1890,93241
15838,1890,93254
15839,1891,93271
15840,1891,93275
15841,1891,93280
15842,1891,93281
15843,1891,93282
15844,1891,93283
15845,1891,93284
15846,1891,93285
15847,1891,93286
15848,1891,93287
15849,1892,93297
15850,1892,93298
15851,1892,93300
15852,1892,93301
15853,1892,93302
15854,1892,93303
15855,1892,93312
15856,1893,93322
15857,1893,93328
15858,1893,93332
15859,1893,93333
15860,1893,93334
15861,1894,93354
15862,1894,93356
15863,1894,93359
15864,1894,93364
15865,1894,93365
15866,1895,93405
15867,1895,93406
15868,1895,93408
15869,1895,93409
15870,1895,93410
15871,1895,93411
15872,1895,93419
15873,1896,93425
15874,1896,93426
15875,1896,93428
15876,1896,93429
15877,1896,93430
15878,1896,93431
15879,1896,93434
15880,1896,93445
15881,1896,93449
15882,1897,93461
15883,1897,93462
15884,1897,93468
15885,1897,93469
15886,1897,93470
15887,1897,93472
15888,1897,93477
15889,1898,93482
15890,1898,93483
15891,1898,93485
15892,1898,93486
15893,1898,93487
15894,1898,93488
15895,1898,93495
15896,1899,93511
15897,1899,93516
15898,1899,93517
15899,1899,93518
15900,1899,93519
15901,1899,93533
15902,1899,93553
15903,1900,93559
15904,1900,93563
15905,1900,93575
15906,1900,93576
15907,1900,93577
15908,1900,93582
15909,1900,93584
15910,1901,93607
15911,1901,93612
15912,1901,93613
15913,1901,93615
15914,1901,93616
15915,1901,93618
15916,1901,93619
15917,1902,93640
15918,1902,93644
15919,1902,93652
15920,1902,93653
15921,1902,93669
15922,1902,93670
15923,1902,93673
15924,1902,93674
15925,1902,93675
15926,1902,93676
15927,1903,93695
15928,1903,93700
15929,1903,93701
15930,1903,93705
15931,1903,93706
15932,1903,93707
15933,1903,93709
15934,1904,93724
15935,1904,93729
15936,1904,93738
15937,1904,93739
15938,1904,93740
15939,1904,93742
15940,1904,93752
15941,1904,93754
15942,1905,93768
15943,1905,93769
15944,1905,93771
15945,1905,93772
15946,1905,93773
15947,1905,93774
15948,1905,93783
15949,1906,93789
15950,1906,93797
15951,1906,93798
15952,1906,93799
15953,1906,93806
15954,1906,93810
15955,1906,93815
15956,1906,93817
15957,1906,93819
15958,1906,93821
15959,1906,93822
15960,1906,93823
15961,1906,93824
15962,1906,93825
15963,1906,93842
15964,1906,93843
15965,1907,93878
15966,1907,93883
15967,1907,93884
15968,1907,93885
15969,1907,93886
15970,1907,93891
15971,1907,93896
15972,1908,93916
15973,1908,93921
15974,1908,93924
15975,1908,93925
15976,1908,93926
15977,1908,93927
15978,1908,93928
15979,1908,93934
15980,1908,93936
15981,1908,93937
15982,1908,93943
15983,1908,93945
15984,1908,93954
15985,1909,93966
15986,1909,93968
15987,1909,93969
15988,1909,93970
15989,1909,93971
15990,1909,93979
15991,1909,93980
15992,1910,94003
15993,1910,94007
15994,1910,94009
15995,1910,94010
15996,1910,94016
15997,1910,94017
15998,1910,94018
15999,1910,94019
16000,1910,94021
16001,1911,94045
16002,1911,94047
16003,1911,94049
16004,1911,94050
16005,1911,94051
16006,1911,94052
16007,1911,94053
16008,1911,94054
16009,1911,94058
16010,1911,94078
16011,1911,94079
16012,1912,94086
16013,1912,94091
16014,1912,94094
16015,1912,94095
16016,1912,94096
16017,1912,94097
16018,1912,94100
16019,1912,94101
16020,1913,94111
16021,1913,94113
16022,1913,94116
16023,1913,94117
16024,1914,94126
16025,1914,94127
16026,1914,94130
16027,1914,94136
16028,1914,94137
16029,1914,94138
16030,1914,94139
16031,1915,94148
16032,1915,94149
16033,1915,94154
16034,1915,94157
16035,1915,94166
16036,1915,94167
16037,1916,94168
16038,1916,94170
16039,1916,94173
16040,1916,94179
16041,1916,94180
16042,1916,94182
16043,1916,94183
16044,1916,94184
16045,1916,94185
16046,1916,94187
16047,1916,94188
16048,1916,94189
16049,1917,94213
16050,1917,94214
16051,1917,94217
16052,1917,94223
16053,1917,94224
16054,1917,94225
16055,1917,94227
16056,1918,94234
16057,1918,94241
16058,1918,94243
16059,1919,94247
16060,1919,94252
16061,1919,94260
16062,1919,94261
16063,1919,94262
16064,1919,94265
16065,1919,94267
16066,1919,94287
16067,1919,94288
16068,1919,94291
16069,1919,94295
16070,1920,94309
16071,1920,94313
16072,1920,94314
16073,1920,94315
16074,1920,94316
16075,1920,94322
16076,1920,94332
16077,1920,94333
16078,1920,94342
16079,1920,94343
16080,1920,94366
16081,1921,94370
16082,1921,94371
16083,1921,94373
16084,1921,94380
16085,1921,94381
16086,1921,94382
16087,1921,94384
16088,1922,94392
16089,1922,94394
16090,1922,94395
16091,1922,94396
16092,1922,94398
16093,1922,94399
16094,1922,94409
16095,1922,94412
16096,1922,94415
16097,1922,94425
16098,1923,94447
16099,1923,94448
16100,1923,94449
16101,1923,94455
16102,1923,94456
16103,1923,94457
16104,1923,94458
16105,1923,94459
16106,1923,94463
16107,1923,94465
16108,1923,94472
16109,1924,94488
16110,1924,94492
16111,1924,94499
16112,1924,94500
16113,1924,94501
16114,1924,94502
16115,1924,94503
16116,1924,94506
16117,1924,94507
16118,1924,94508
16119,1924,94509
16120,1925,94520
16121,1925,94527
16122,1925,94529
16123,1925,94538
16124,1925,94540
16125,1926,94545
16126,1926,94551
16127,1926,94552
16128,1926,94554
16129,1926,94562
16130,1926,94576
16131,1926,94577
16132,1926,94578
16133,1926,94587
16134,1926,94590
16135,1927,94603
16136,1927,94604
16137,1927,94605
16138,1927,94607
16139,1927,94608
16140,1927,94609
16141,1927,94610
16142,1927,94611
16143,1927,94614
16144,1928,94634
16145,1928,94642
16146,1928,94646
16147,1928,94658
16148,1928,94659
16149,1928,94660
16150,1928,94665
16151,1928,94666
16152,1928,94672
16153,1928,94674
16154,1928,94678
16155,1928,94679
16156,1929,94701
16157,1929,94707
16158,1929,94708
16159,1929,94711
16160,1929,94712
16161,1929,94714
16162,1929,94716
16163,1929,94717
16164,1929,94719
16165,1929,94720
16166,1929,94721
16167,1929,94722
16168,1929,94723
16169,1929,94738
16170,1929,94739
16171,1930,94786
16172,1930,94800
16173,1930,94807
16174,1930,94808
16175,1930,94809
16176,1931,94838
16177,1931,94841
16178,1931,94844
16179,1931,94845
16180,1931,94849
16181,1931,94850
16182,1931,94852
16183,1931,94853
16184,1931,94860
16185,1931,94861
16186,1931,94871
16187,1932,94876
16188,1932,94877
16189,1932,94879
16190,1932,94880
16191,1932,94881
16192,1932,94882
16193,1932,94891
16194,1933,94898
16195,1933,94912
16196,1933,94923
16197,1933,94924
16198,1933,94925
16199,1933,94928
16200,1933,94929
16201,1934,94954
16202,1934,94956
16203,1934,94966
16204,1934,94967
16205,1934,94968
16206,1934,94972
16207,1934,94979
16208,1934,94986
16209,1934,94998
16210,1935,95012
16211,1935,95039
16212,1935,95040
16213,1935,95041
16214,1935,95049
16215,1935,95058
16216,1935,95073
16217,1935,95093
16218,1936,95108
16219,1936,95114
16220,1936,95115
16221,1936,95116
16222,1936,95118
16223,1936,95119
16224,1936,95130
16225,1936,95133
16226,1937,95140
16227,1937,95141
16228,1937,95143
16229,1937,95144
16230,1937,95145
16231,1937,95146
16232,1937,95155
16233,1938,95160
16234,1938,95161
16235,1938,95162
16236,1938,95163
16237,1938,95164
16238,1938,95170
16239,1938,95179
16240,1938,95191
16241,1938,95192
16242,1939,95207
16243,1939,95212
16244,1939,95213
16245,1939,95214
16246,1939,95216
16247,1939,95221
16248,1939,95224
16249,1940,95246
16250,1940,95247
16251,1940,95253
16252,1940,95258
16253,1940,95259
16254,1941,95268
16255,1941,95269
16256,1941,95272
16257,1941,95278
16258,1941,95279
16259,1941,95280
16260,1941,95281
16261,1942,95289
16262,1942,95290
16263,1942,95293
16264,1942,95299
16265,1942,95300
16266,1942,95301
16267,1942,95302
16268,1943,95311
16269,1943,95312
16270,1943,95319
16271,1943,95323
16272,1943,95324
16273,1943,95327
16274,1943,95328
16275,1944,95340
16276,1944,95341
16277,1944,95342
16278,1944,95343
16279,1944,95347
16280,1944,95348
16281,1944,95349
16282,1944,95359
16283,1945,95365
16284,1945,95366
16285,1945,95368
16286,1945,95369
16287,1945,95370
16288,1945,95371
16289,1945,95380
16290,1946,95385
16291,1946,95392
16292,1946,95393
16293,1946,95394
16294,1946,95395
16295,1946,95410
16296,1946,95411
16297,1946,95420
16298,1947,95435
16299,1947,95444
16300,1947,95445
16301,1948,95456
16302,1948,95460
16303,1948,95468
16304,1948,95469
16305,1948,95471
16306,1948,95474
16307,1949,95487
16308,1949,95488
16309,1949,95500
16310,1949,95506
16311,1950,95517
16312,1950,95563
16313,1950,95586
16314,1950,95590
16315,1950,95592
16316,1950,95593
16317,1950,95594
16318,1950,95605
